"Date","Source","Site ID","POC","Daily Mean PM2.5 Concentration","Units","Daily AQI Value","Local Site Name","Daily Obs Count","Percent Complete","AQS Parameter Code","AQS Parameter Description","Method Code","Method Description","CBSA Code","CBSA Name","State FIPS Code","State","County FIPS Code","County","Site Latitude","Site Longitude"
"01/04/2023","AQS","481130050","3","5.1","ug/m3 LC","28","Convention Center","1","100.0000","88101","PM2.5 - Local Conditions","209","Met One BAM-1022 Mass Monitor w/ VSCC or TE-PM2.5C","19100","Dallas-Fort Worth-Arlington, TX","48","Texas","113","Dallas","32.7742584","-96.7976775"
"01/05/2023","AQS","481130050","3","9.5","ug/m3 LC","52","Convention Center","1","100.0000","88101","PM2.5 - Local Conditions","209","Met One BAM-1022 Mass Monitor w/ VSCC or TE-PM2.5C","19100","Dallas-Fort Worth-Arlington, TX","48","Texas","113","Dallas","32.7742584","-96.7976775"
"01/06/2023","AQS","481130050","3","10.5","ug/m3 LC","54","Convention Center","1","100.0000","88101","PM2.5 - Local Conditions","209","Met One BAM-1022 Mass Monitor w/ VSCC or TE-PM2.5C","19100","Dallas-Fort Worth-Arlington, TX","48","Texas","113","Dallas","32.7742584","-96.7976775"
"01/07/2023","AQS","481130050","3","5.6","ug/m3 LC","31","Convention Center","1","100.0000","88101","PM2.5 - Local Conditions","209","Met One BAM-1022 Mass Monitor w/ VSCC or TE-PM2.5C","19100","Dallas-Fort Worth-Arlington, TX","48","Texas","113","Dallas","32.7742584","-96.7976775"
"01/08/2023","AQS","481130050","3","10.2","ug/m3 LC","53","Convention Center","1","100.0000","88101","PM2.5 - Local Conditions","209","Met One BAM-1022 Mass Monitor w/ VSCC or TE-PM2.5C","19100","Dallas-Fort Worth-Arlington, TX","48","Texas","113","Dallas","32.7742584","-96.7976775"
"01/09/2023","AQS","481130050","3","15.2","ug/m3 LC","62","Convention Center","1","100.0000","88101","PM2.5 - Local Conditions","209","Met One BAM-1022 Mass Monitor w/ VSCC or TE-PM2.5C","19100","Dallas-Fort Worth-Arlington, TX","48","Texas","113","Dallas","32.7742584","-96.7976775"
"01/10/2023","AQS","481130050","3","11.4","ug/m3 LC","55","Convention Center","1","100.0000","88101","PM2.5 - Local Conditions","209","Met One BAM-1022 Mass Monitor w/ VSCC or TE-PM2.5C","19100","Dallas-Fort Worth-Arlington, TX","48","Texas","113","Dallas","32.7742584","-96.7976775"
"01/11/2023","AQS","481130050","3","8.8","ug/m3 LC","49","Convention Center","1","100.0000","88101","PM2.5 - Local Conditions","209","Met One BAM-1022 Mass Monitor w/ VSCC or TE-PM2.5C","19100","Dallas-Fort Worth-Arlington, TX","48","Texas","113","Dallas","32.7742584","-96.7976775"
"01/12/2023","AQS","481130050","3","6","ug/m3 LC","33","Convention Center","1","100.0000","88101","PM2.5 - Local Conditions","209","Met One BAM-1022 Mass Monitor w/ VSCC or TE-PM2.5C","19100","Dallas-Fort Worth-Arlington, TX","48","Texas","113","Dallas","32.7742584","-96.7976775"
"01/13/2023","AQS","481130050","3","7.9","ug/m3 LC","44","Convention Center","1","100.0000","88101","PM2.5 - Local Conditions","209","Met One BAM-1022 Mass Monitor w/ VSCC or TE-PM2.5C","19100","Dallas-Fort Worth-Arlington, TX","48","Texas","113","Dallas","32.7742584","-96.7976775"
"01/14/2023","AQS","481130050","3","10.1","ug/m3 LC","53","Convention Center","1","100.0000","88101","PM2.5 - Local Conditions","209","Met One BAM-1022 Mass Monitor w/ VSCC or TE-PM2.5C","19100","Dallas-Fort Worth-Arlington, TX","48","Texas","113","Dallas","32.7742584","-96.7976775"
"01/15/2023","AQS","481130050","3","6.7","ug/m3 LC","37","Convention Center","1","100.0000","88101","PM2.5 - Local Conditions","209","Met One BAM-1022 Mass Monitor w/ VSCC or TE-PM2.5C","19100","Dallas-Fort Worth-Arlington, TX","48","Texas","113","Dallas","32.7742584","-96.7976775"
"01/16/2023","AQS","481130050","3","6.4","ug/m3 LC","36","Convention Center","1","100.0000","88101","PM2.5 - Local Conditions","209","Met One BAM-1022 Mass Monitor w/ VSCC or TE-PM2.5C","19100","Dallas-Fort Worth-Arlington, TX","48","Texas","113","Dallas","32.7742584","-96.7976775"
"01/17/2023","AQS","481130050","3","9.8","ug/m3 LC","52","Convention Center","1","100.0000","88101","PM2.5 - Local Conditions","209","Met One BAM-1022 Mass Monitor w/ VSCC or TE-PM2.5C","19100","Dallas-Fort Worth-Arlington, TX","48","Texas","113","Dallas","32.7742584","-96.7976775"
"01/18/2023","AQS","481130050","3","9","ug/m3 LC","50","Convention Center","1","100.0000","88101","PM2.5 - Local Conditions","209","Met One BAM-1022 Mass Monitor w/ VSCC or TE-PM2.5C","19100","Dallas-Fort Worth-Arlington, TX","48","Texas","113","Dallas","32.7742584","-96.7976775"
"01/19/2023","AQS","481130050","3","4.8","ug/m3 LC","27","Convention Center","1","100.0000","88101","PM2.5 - Local Conditions","209","Met One BAM-1022 Mass Monitor w/ VSCC or TE-PM2.5C","19100","Dallas-Fort Worth-Arlington, TX","48","Texas","113","Dallas","32.7742584","-96.7976775"
"01/20/2023","AQS","481130050","3","8","ug/m3 LC","44","Convention Center","1","100.0000","88101","PM2.5 - Local Conditions","209","Met One BAM-1022 Mass Monitor w/ VSCC or TE-PM2.5C","19100","Dallas-Fort Worth-Arlington, TX","48","Texas","113","Dallas","32.7742584","-96.7976775"
"01/21/2023","AQS","481130050","3","7.9","ug/m3 LC","44","Convention Center","1","100.0000","88101","PM2.5 - Local Conditions","209","Met One BAM-1022 Mass Monitor w/ VSCC or TE-PM2.5C","19100","Dallas-Fort Worth-Arlington, TX","48","Texas","113","Dallas","32.7742584","-96.7976775"
"01/22/2023","AQS","481130050","3","5.3","ug/m3 LC","29","Convention Center","1","100.0000","88101","PM2.5 - Local Conditions","209","Met One BAM-1022 Mass Monitor w/ VSCC or TE-PM2.5C","19100","Dallas-Fort Worth-Arlington, TX","48","Texas","113","Dallas","32.7742584","-96.7976775"
"01/23/2023","AQS","481130050","3","9.1","ug/m3 LC","51","Convention Center","1","100.0000","88101","PM2.5 - Local Conditions","209","Met One BAM-1022 Mass Monitor w/ VSCC or TE-PM2.5C","19100","Dallas-Fort Worth-Arlington, TX","48","Texas","113","Dallas","32.7742584","-96.7976775"
"01/24/2023","AQS","481130050","3","6.3","ug/m3 LC","35","Convention Center","1","100.0000","88101","PM2.5 - Local Conditions","209","Met One BAM-1022 Mass Monitor w/ VSCC or TE-PM2.5C","19100","Dallas-Fort Worth-Arlington, TX","48","Texas","113","Dallas","32.7742584","-96.7976775"
"01/25/2023","AQS","481130050","3","7.5","ug/m3 LC","42","Convention Center","1","100.0000","88101","PM2.5 - Local Conditions","209","Met One BAM-1022 Mass Monitor w/ VSCC or TE-PM2.5C","19100","Dallas-Fort Worth-Arlington, TX","48","Texas","113","Dallas","32.7742584","-96.7976775"
"01/26/2023","AQS","481130050","3","8.3","ug/m3 LC","46","Convention Center","1","100.0000","88101","PM2.5 - Local Conditions","209","Met One BAM-1022 Mass Monitor w/ VSCC or TE-PM2.5C","19100","Dallas-Fort Worth-Arlington, TX","48","Texas","113","Dallas","32.7742584","-96.7976775"
"01/27/2023","AQS","481130050","3","8.4","ug/m3 LC","47","Convention Center","1","100.0000","88101","PM2.5 - Local Conditions","209","Met One BAM-1022 Mass Monitor w/ VSCC or TE-PM2.5C","19100","Dallas-Fort Worth-Arlington, TX","48","Texas","113","Dallas","32.7742584","-96.7976775"
"01/28/2023","AQS","481130050","3","9","ug/m3 LC","50","Convention Center","1","100.0000","88101","PM2.5 - Local Conditions","209","Met One BAM-1022 Mass Monitor w/ VSCC or TE-PM2.5C","19100","Dallas-Fort Worth-Arlington, TX","48","Texas","113","Dallas","32.7742584","-96.7976775"
"01/29/2023","AQS","481130050","3","8.9","ug/m3 LC","49","Convention Center","1","100.0000","88101","PM2.5 - Local Conditions","209","Met One BAM-1022 Mass Monitor w/ VSCC or TE-PM2.5C","19100","Dallas-Fort Worth-Arlington, TX","48","Texas","113","Dallas","32.7742584","-96.7976775"
"01/30/2023","AQS","481130050","3","5.8","ug/m3 LC","32","Convention Center","1","100.0000","88101","PM2.5 - Local Conditions","209","Met One BAM-1022 Mass Monitor w/ VSCC or TE-PM2.5C","19100","Dallas-Fort Worth-Arlington, TX","48","Texas","113","Dallas","32.7742584","-96.7976775"
"01/31/2023","AQS","481130050","3","7.3","ug/m3 LC","41","Convention Center","1","100.0000","88101","PM2.5 - Local Conditions","209","Met One BAM-1022 Mass Monitor w/ VSCC or TE-PM2.5C","19100","Dallas-Fort Worth-Arlington, TX","48","Texas","113","Dallas","32.7742584","-96.7976775"
"02/01/2023","AQS","481130050","3","8.8","ug/m3 LC","49","Convention Center","1","100.0000","88101","PM2.5 - Local Conditions","209","Met One BAM-1022 Mass Monitor w/ VSCC or TE-PM2.5C","19100","Dallas-Fort Worth-Arlington, TX","48","Texas","113","Dallas","32.7742584","-96.7976775"
"02/02/2023","AQS","481130050","3","12.3","ug/m3 LC","57","Convention Center","1","100.0000","88101","PM2.5 - Local Conditions","209","Met One BAM-1022 Mass Monitor w/ VSCC or TE-PM2.5C","19100","Dallas-Fort Worth-Arlington, TX","48","Texas","113","Dallas","32.7742584","-96.7976775"
"02/03/2023","AQS","481130050","3","20","ug/m3 LC","71","Convention Center","1","100.0000","88101","PM2.5 - Local Conditions","209","Met One BAM-1022 Mass Monitor w/ VSCC or TE-PM2.5C","19100","Dallas-Fort Worth-Arlington, TX","48","Texas","113","Dallas","32.7742584","-96.7976775"
"02/04/2023","AQS","481130050","3","17.7","ug/m3 LC","67","Convention Center","1","100.0000","88101","PM2.5 - Local Conditions","209","Met One BAM-1022 Mass Monitor w/ VSCC or TE-PM2.5C","19100","Dallas-Fort Worth-Arlington, TX","48","Texas","113","Dallas","32.7742584","-96.7976775"
"02/05/2023","AQS","481130050","3","11.3","ug/m3 LC","55","Convention Center","1","100.0000","88101","PM2.5 - Local Conditions","209","Met One BAM-1022 Mass Monitor w/ VSCC or TE-PM2.5C","19100","Dallas-Fort Worth-Arlington, TX","48","Texas","113","Dallas","32.7742584","-96.7976775"
"02/06/2023","AQS","481130050","3","6.7","ug/m3 LC","37","Convention Center","1","100.0000","88101","PM2.5 - Local Conditions","209","Met One BAM-1022 Mass Monitor w/ VSCC or TE-PM2.5C","19100","Dallas-Fort Worth-Arlington, TX","48","Texas","113","Dallas","32.7742584","-96.7976775"
"02/07/2023","AQS","481130050","3","6.2","ug/m3 LC","34","Convention Center","1","100.0000","88101","PM2.5 - Local Conditions","209","Met One BAM-1022 Mass Monitor w/ VSCC or TE-PM2.5C","19100","Dallas-Fort Worth-Arlington, TX","48","Texas","113","Dallas","32.7742584","-96.7976775"
"02/08/2023","AQS","481130050","3","2.9","ug/m3 LC","16","Convention Center","1","100.0000","88101","PM2.5 - Local Conditions","209","Met One BAM-1022 Mass Monitor w/ VSCC or TE-PM2.5C","19100","Dallas-Fort Worth-Arlington, TX","48","Texas","113","Dallas","32.7742584","-96.7976775"
"02/09/2023","AQS","481130050","3","8.2","ug/m3 LC","46","Convention Center","1","100.0000","88101","PM2.5 - Local Conditions","209","Met One BAM-1022 Mass Monitor w/ VSCC or TE-PM2.5C","19100","Dallas-Fort Worth-Arlington, TX","48","Texas","113","Dallas","32.7742584","-96.7976775"
"02/10/2023","AQS","481130050","3","4.9","ug/m3 LC","27","Convention Center","1","100.0000","88101","PM2.5 - Local Conditions","209","Met One BAM-1022 Mass Monitor w/ VSCC or TE-PM2.5C","19100","Dallas-Fort Worth-Arlington, TX","48","Texas","113","Dallas","32.7742584","-96.7976775"
"02/11/2023","AQS","481130050","3","9","ug/m3 LC","50","Convention Center","1","100.0000","88101","PM2.5 - Local Conditions","209","Met One BAM-1022 Mass Monitor w/ VSCC or TE-PM2.5C","19100","Dallas-Fort Worth-Arlington, TX","48","Texas","113","Dallas","32.7742584","-96.7976775"
"02/12/2023","AQS","481130050","3","17.4","ug/m3 LC","66","Convention Center","1","100.0000","88101","PM2.5 - Local Conditions","209","Met One BAM-1022 Mass Monitor w/ VSCC or TE-PM2.5C","19100","Dallas-Fort Worth-Arlington, TX","48","Texas","113","Dallas","32.7742584","-96.7976775"
"02/13/2023","AQS","481130050","3","9.3","ug/m3 LC","51","Convention Center","1","100.0000","88101","PM2.5 - Local Conditions","209","Met One BAM-1022 Mass Monitor w/ VSCC or TE-PM2.5C","19100","Dallas-Fort Worth-Arlington, TX","48","Texas","113","Dallas","32.7742584","-96.7976775"
"02/14/2023","AQS","481130050","3","4.5","ug/m3 LC","25","Convention Center","1","100.0000","88101","PM2.5 - Local Conditions","209","Met One BAM-1022 Mass Monitor w/ VSCC or TE-PM2.5C","19100","Dallas-Fort Worth-Arlington, TX","48","Texas","113","Dallas","32.7742584","-96.7976775"
"02/15/2023","AQS","481130050","3","11.8","ug/m3 LC","56","Convention Center","1","100.0000","88101","PM2.5 - Local Conditions","209","Met One BAM-1022 Mass Monitor w/ VSCC or TE-PM2.5C","19100","Dallas-Fort Worth-Arlington, TX","48","Texas","113","Dallas","32.7742584","-96.7976775"
"02/16/2023","AQS","481130050","3","3.9","ug/m3 LC","22","Convention Center","1","100.0000","88101","PM2.5 - Local Conditions","209","Met One BAM-1022 Mass Monitor w/ VSCC or TE-PM2.5C","19100","Dallas-Fort Worth-Arlington, TX","48","Texas","113","Dallas","32.7742584","-96.7976775"
"02/17/2023","AQS","481130050","3","4.6","ug/m3 LC","26","Convention Center","1","100.0000","88101","PM2.5 - Local Conditions","209","Met One BAM-1022 Mass Monitor w/ VSCC or TE-PM2.5C","19100","Dallas-Fort Worth-Arlington, TX","48","Texas","113","Dallas","32.7742584","-96.7976775"
"02/18/2023","AQS","481130050","3","9.6","ug/m3 LC","52","Convention Center","1","100.0000","88101","PM2.5 - Local Conditions","209","Met One BAM-1022 Mass Monitor w/ VSCC or TE-PM2.5C","19100","Dallas-Fort Worth-Arlington, TX","48","Texas","113","Dallas","32.7742584","-96.7976775"
"02/19/2023","AQS","481130050","3","7.5","ug/m3 LC","42","Convention Center","1","100.0000","88101","PM2.5 - Local Conditions","209","Met One BAM-1022 Mass Monitor w/ VSCC or TE-PM2.5C","19100","Dallas-Fort Worth-Arlington, TX","48","Texas","113","Dallas","32.7742584","-96.7976775"
"02/20/2023","AQS","481130050","3","7.2","ug/m3 LC","40","Convention Center","1","100.0000","88101","PM2.5 - Local Conditions","209","Met One BAM-1022 Mass Monitor w/ VSCC or TE-PM2.5C","19100","Dallas-Fort Worth-Arlington, TX","48","Texas","113","Dallas","32.7742584","-96.7976775"
"02/21/2023","AQS","481130050","3","8.3","ug/m3 LC","46","Convention Center","1","100.0000","88101","PM2.5 - Local Conditions","209","Met One BAM-1022 Mass Monitor w/ VSCC or TE-PM2.5C","19100","Dallas-Fort Worth-Arlington, TX","48","Texas","113","Dallas","32.7742584","-96.7976775"
"02/22/2023","AQS","481130050","3","7.1","ug/m3 LC","39","Convention Center","1","100.0000","88101","PM2.5 - Local Conditions","209","Met One BAM-1022 Mass Monitor w/ VSCC or TE-PM2.5C","19100","Dallas-Fort Worth-Arlington, TX","48","Texas","113","Dallas","32.7742584","-96.7976775"
"02/23/2023","AQS","481130050","3","6.2","ug/m3 LC","34","Convention Center","1","100.0000","88101","PM2.5 - Local Conditions","209","Met One BAM-1022 Mass Monitor w/ VSCC or TE-PM2.5C","19100","Dallas-Fort Worth-Arlington, TX","48","Texas","113","Dallas","32.7742584","-96.7976775"
"02/24/2023","AQS","481130050","3","6.2","ug/m3 LC","34","Convention Center","1","100.0000","88101","PM2.5 - Local Conditions","209","Met One BAM-1022 Mass Monitor w/ VSCC or TE-PM2.5C","19100","Dallas-Fort Worth-Arlington, TX","48","Texas","113","Dallas","32.7742584","-96.7976775"
"02/25/2023","AQS","481130050","3","14","ug/m3 LC","60","Convention Center","1","100.0000","88101","PM2.5 - Local Conditions","209","Met One BAM-1022 Mass Monitor w/ VSCC or TE-PM2.5C","19100","Dallas-Fort Worth-Arlington, TX","48","Texas","113","Dallas","32.7742584","-96.7976775"
"02/26/2023","AQS","481130050","3","19.1","ug/m3 LC","70","Convention Center","1","100.0000","88101","PM2.5 - Local Conditions","209","Met One BAM-1022 Mass Monitor w/ VSCC or TE-PM2.5C","19100","Dallas-Fort Worth-Arlington, TX","48","Texas","113","Dallas","32.7742584","-96.7976775"
"02/27/2023","AQS","481130050","3","45.2","ug/m3 LC","125","Convention Center","1","100.0000","88101","PM2.5 - Local Conditions","209","Met One BAM-1022 Mass Monitor w/ VSCC or TE-PM2.5C","19100","Dallas-Fort Worth-Arlington, TX","48","Texas","113","Dallas","32.7742584","-96.7976775"
"02/28/2023","AQS","481130050","3","8.8","ug/m3 LC","49","Convention Center","1","100.0000","88101","PM2.5 - Local Conditions","209","Met One BAM-1022 Mass Monitor w/ VSCC or TE-PM2.5C","19100","Dallas-Fort Worth-Arlington, TX","48","Texas","113","Dallas","32.7742584","-96.7976775"
"03/01/2023","AQS","481130050","3","14","ug/m3 LC","60","Convention Center","1","100.0000","88101","PM2.5 - Local Conditions","209","Met One BAM-1022 Mass Monitor w/ VSCC or TE-PM2.5C","19100","Dallas-Fort Worth-Arlington, TX","48","Texas","113","Dallas","32.7742584","-96.7976775"
"03/02/2023","AQS","481130050","3","14.8","ug/m3 LC","62","Convention Center","1","100.0000","88101","PM2.5 - Local Conditions","209","Met One BAM-1022 Mass Monitor w/ VSCC or TE-PM2.5C","19100","Dallas-Fort Worth-Arlington, TX","48","Texas","113","Dallas","32.7742584","-96.7976775"
"03/03/2023","AQS","481130050","3","7.8","ug/m3 LC","43","Convention Center","1","100.0000","88101","PM2.5 - Local Conditions","209","Met One BAM-1022 Mass Monitor w/ VSCC or TE-PM2.5C","19100","Dallas-Fort Worth-Arlington, TX","48","Texas","113","Dallas","32.7742584","-96.7976775"
"03/04/2023","AQS","481130050","3","12.3","ug/m3 LC","57","Convention Center","1","100.0000","88101","PM2.5 - Local Conditions","209","Met One BAM-1022 Mass Monitor w/ VSCC or TE-PM2.5C","19100","Dallas-Fort Worth-Arlington, TX","48","Texas","113","Dallas","32.7742584","-96.7976775"
"03/05/2023","AQS","481130050","3","10.4","ug/m3 LC","53","Convention Center","1","100.0000","88101","PM2.5 - Local Conditions","209","Met One BAM-1022 Mass Monitor w/ VSCC or TE-PM2.5C","19100","Dallas-Fort Worth-Arlington, TX","48","Texas","113","Dallas","32.7742584","-96.7976775"
"03/06/2023","AQS","481130050","3","10.7","ug/m3 LC","54","Convention Center","1","100.0000","88101","PM2.5 - Local Conditions","209","Met One BAM-1022 Mass Monitor w/ VSCC or TE-PM2.5C","19100","Dallas-Fort Worth-Arlington, TX","48","Texas","113","Dallas","32.7742584","-96.7976775"
"03/07/2023","AQS","481130050","3","17.7","ug/m3 LC","67","Convention Center","1","100.0000","88101","PM2.5 - Local Conditions","209","Met One BAM-1022 Mass Monitor w/ VSCC or TE-PM2.5C","19100","Dallas-Fort Worth-Arlington, TX","48","Texas","113","Dallas","32.7742584","-96.7976775"
"03/08/2023","AQS","481130050","3","10.7","ug/m3 LC","54","Convention Center","1","100.0000","88101","PM2.5 - Local Conditions","209","Met One BAM-1022 Mass Monitor w/ VSCC or TE-PM2.5C","19100","Dallas-Fort Worth-Arlington, TX","48","Texas","113","Dallas","32.7742584","-96.7976775"
"03/09/2023","AQS","481130050","3","15.7","ug/m3 LC","63","Convention Center","1","100.0000","88101","PM2.5 - Local Conditions","209","Met One BAM-1022 Mass Monitor w/ VSCC or TE-PM2.5C","19100","Dallas-Fort Worth-Arlington, TX","48","Texas","113","Dallas","32.7742584","-96.7976775"
"03/10/2023","AQS","481130050","3","5.6","ug/m3 LC","31","Convention Center","1","100.0000","88101","PM2.5 - Local Conditions","209","Met One BAM-1022 Mass Monitor w/ VSCC or TE-PM2.5C","19100","Dallas-Fort Worth-Arlington, TX","48","Texas","113","Dallas","32.7742584","-96.7976775"
"03/11/2023","AQS","481130050","3","15.7","ug/m3 LC","63","Convention Center","1","100.0000","88101","PM2.5 - Local Conditions","209","Met One BAM-1022 Mass Monitor w/ VSCC or TE-PM2.5C","19100","Dallas-Fort Worth-Arlington, TX","48","Texas","113","Dallas","32.7742584","-96.7976775"
"03/12/2023","AQS","481130050","3","4.1","ug/m3 LC","23","Convention Center","1","100.0000","88101","PM2.5 - Local Conditions","209","Met One BAM-1022 Mass Monitor w/ VSCC or TE-PM2.5C","19100","Dallas-Fort Worth-Arlington, TX","48","Texas","113","Dallas","32.7742584","-96.7976775"
"03/13/2023","AQS","481130050","3","3.9","ug/m3 LC","22","Convention Center","1","100.0000","88101","PM2.5 - Local Conditions","209","Met One BAM-1022 Mass Monitor w/ VSCC or TE-PM2.5C","19100","Dallas-Fort Worth-Arlington, TX","48","Texas","113","Dallas","32.7742584","-96.7976775"
"03/14/2023","AQS","481130050","3","8.3","ug/m3 LC","46","Convention Center","1","100.0000","88101","PM2.5 - Local Conditions","209","Met One BAM-1022 Mass Monitor w/ VSCC or TE-PM2.5C","19100","Dallas-Fort Worth-Arlington, TX","48","Texas","113","Dallas","32.7742584","-96.7976775"
"03/15/2023","AQS","481130050","3","14.7","ug/m3 LC","61","Convention Center","1","100.0000","88101","PM2.5 - Local Conditions","209","Met One BAM-1022 Mass Monitor w/ VSCC or TE-PM2.5C","19100","Dallas-Fort Worth-Arlington, TX","48","Texas","113","Dallas","32.7742584","-96.7976775"
"03/16/2023","AQS","481130050","3","7.8","ug/m3 LC","43","Convention Center","1","100.0000","88101","PM2.5 - Local Conditions","209","Met One BAM-1022 Mass Monitor w/ VSCC or TE-PM2.5C","19100","Dallas-Fort Worth-Arlington, TX","48","Texas","113","Dallas","32.7742584","-96.7976775"
"03/18/2023","AQS","481130050","3","5.7","ug/m3 LC","32","Convention Center","1","100.0000","88101","PM2.5 - Local Conditions","209","Met One BAM-1022 Mass Monitor w/ VSCC or TE-PM2.5C","19100","Dallas-Fort Worth-Arlington, TX","48","Texas","113","Dallas","32.7742584","-96.7976775"
"03/19/2023","AQS","481130050","3","7.3","ug/m3 LC","41","Convention Center","1","100.0000","88101","PM2.5 - Local Conditions","209","Met One BAM-1022 Mass Monitor w/ VSCC or TE-PM2.5C","19100","Dallas-Fort Worth-Arlington, TX","48","Texas","113","Dallas","32.7742584","-96.7976775"
"03/20/2023","AQS","481130050","3","8.7","ug/m3 LC","48","Convention Center","1","100.0000","88101","PM2.5 - Local Conditions","209","Met One BAM-1022 Mass Monitor w/ VSCC or TE-PM2.5C","19100","Dallas-Fort Worth-Arlington, TX","48","Texas","113","Dallas","32.7742584","-96.7976775"
"03/21/2023","AQS","481130050","3","6.8","ug/m3 LC","38","Convention Center","1","100.0000","88101","PM2.5 - Local Conditions","209","Met One BAM-1022 Mass Monitor w/ VSCC or TE-PM2.5C","19100","Dallas-Fort Worth-Arlington, TX","48","Texas","113","Dallas","32.7742584","-96.7976775"
"03/22/2023","AQS","481130050","3","9.4","ug/m3 LC","52","Convention Center","1","100.0000","88101","PM2.5 - Local Conditions","209","Met One BAM-1022 Mass Monitor w/ VSCC or TE-PM2.5C","19100","Dallas-Fort Worth-Arlington, TX","48","Texas","113","Dallas","32.7742584","-96.7976775"
"03/23/2023","AQS","481130050","3","11.2","ug/m3 LC","55","Convention Center","1","100.0000","88101","PM2.5 - Local Conditions","209","Met One BAM-1022 Mass Monitor w/ VSCC or TE-PM2.5C","19100","Dallas-Fort Worth-Arlington, TX","48","Texas","113","Dallas","32.7742584","-96.7976775"
"03/24/2023","AQS","481130050","3","8.3","ug/m3 LC","46","Convention Center","1","100.0000","88101","PM2.5 - Local Conditions","209","Met One BAM-1022 Mass Monitor w/ VSCC or TE-PM2.5C","19100","Dallas-Fort Worth-Arlington, TX","48","Texas","113","Dallas","32.7742584","-96.7976775"
"03/25/2023","AQS","481130050","3","13.3","ug/m3 LC","59","Convention Center","1","100.0000","88101","PM2.5 - Local Conditions","209","Met One BAM-1022 Mass Monitor w/ VSCC or TE-PM2.5C","19100","Dallas-Fort Worth-Arlington, TX","48","Texas","113","Dallas","32.7742584","-96.7976775"
"03/26/2023","AQS","481130050","3","13.4","ug/m3 LC","59","Convention Center","1","100.0000","88101","PM2.5 - Local Conditions","209","Met One BAM-1022 Mass Monitor w/ VSCC or TE-PM2.5C","19100","Dallas-Fort Worth-Arlington, TX","48","Texas","113","Dallas","32.7742584","-96.7976775"
"03/27/2023","AQS","481130050","3","7.8","ug/m3 LC","43","Convention Center","1","100.0000","88101","PM2.5 - Local Conditions","209","Met One BAM-1022 Mass Monitor w/ VSCC or TE-PM2.5C","19100","Dallas-Fort Worth-Arlington, TX","48","Texas","113","Dallas","32.7742584","-96.7976775"
"03/28/2023","AQS","481130050","3","9.9","ug/m3 LC","52","Convention Center","1","100.0000","88101","PM2.5 - Local Conditions","209","Met One BAM-1022 Mass Monitor w/ VSCC or TE-PM2.5C","19100","Dallas-Fort Worth-Arlington, TX","48","Texas","113","Dallas","32.7742584","-96.7976775"
"03/29/2023","AQS","481130050","3","14.9","ug/m3 LC","62","Convention Center","1","100.0000","88101","PM2.5 - Local Conditions","209","Met One BAM-1022 Mass Monitor w/ VSCC or TE-PM2.5C","19100","Dallas-Fort Worth-Arlington, TX","48","Texas","113","Dallas","32.7742584","-96.7976775"
"03/30/2023","AQS","481130050","3","13.3","ug/m3 LC","59","Convention Center","1","100.0000","88101","PM2.5 - Local Conditions","209","Met One BAM-1022 Mass Monitor w/ VSCC or TE-PM2.5C","19100","Dallas-Fort Worth-Arlington, TX","48","Texas","113","Dallas","32.7742584","-96.7976775"
"03/31/2023","AQS","481130050","3","11.9","ug/m3 LC","56","Convention Center","1","100.0000","88101","PM2.5 - Local Conditions","209","Met One BAM-1022 Mass Monitor w/ VSCC or TE-PM2.5C","19100","Dallas-Fort Worth-Arlington, TX","48","Texas","113","Dallas","32.7742584","-96.7976775"
"04/01/2023","AQS","481130050","3","9.5","ug/m3 LC","52","Convention Center","1","100.0000","88101","PM2.5 - Local Conditions","209","Met One BAM-1022 Mass Monitor w/ VSCC or TE-PM2.5C","19100","Dallas-Fort Worth-Arlington, TX","48","Texas","113","Dallas","32.7742584","-96.7976775"
"04/02/2023","AQS","481130050","3","13.5","ug/m3 LC","59","Convention Center","1","100.0000","88101","PM2.5 - Local Conditions","209","Met One BAM-1022 Mass Monitor w/ VSCC or TE-PM2.5C","19100","Dallas-Fort Worth-Arlington, TX","48","Texas","113","Dallas","32.7742584","-96.7976775"
"04/03/2023","AQS","481130050","3","16.2","ug/m3 LC","64","Convention Center","1","100.0000","88101","PM2.5 - Local Conditions","209","Met One BAM-1022 Mass Monitor w/ VSCC or TE-PM2.5C","19100","Dallas-Fort Worth-Arlington, TX","48","Texas","113","Dallas","32.7742584","-96.7976775"
"04/04/2023","AQS","481130050","3","19.2","ug/m3 LC","70","Convention Center","1","100.0000","88101","PM2.5 - Local Conditions","209","Met One BAM-1022 Mass Monitor w/ VSCC or TE-PM2.5C","19100","Dallas-Fort Worth-Arlington, TX","48","Texas","113","Dallas","32.7742584","-96.7976775"
"04/05/2023","AQS","481130050","3","9.5","ug/m3 LC","52","Convention Center","1","100.0000","88101","PM2.5 - Local Conditions","209","Met One BAM-1022 Mass Monitor w/ VSCC or TE-PM2.5C","19100","Dallas-Fort Worth-Arlington, TX","48","Texas","113","Dallas","32.7742584","-96.7976775"
"04/06/2023","AQS","481130050","3","4.6","ug/m3 LC","26","Convention Center","1","100.0000","88101","PM2.5 - Local Conditions","209","Met One BAM-1022 Mass Monitor w/ VSCC or TE-PM2.5C","19100","Dallas-Fort Worth-Arlington, TX","48","Texas","113","Dallas","32.7742584","-96.7976775"
"04/07/2023","AQS","481130050","3","5","ug/m3 LC","28","Convention Center","1","100.0000","88101","PM2.5 - Local Conditions","209","Met One BAM-1022 Mass Monitor w/ VSCC or TE-PM2.5C","19100","Dallas-Fort Worth-Arlington, TX","48","Texas","113","Dallas","32.7742584","-96.7976775"
"04/08/2023","AQS","481130050","3","7.7","ug/m3 LC","43","Convention Center","1","100.0000","88101","PM2.5 - Local Conditions","209","Met One BAM-1022 Mass Monitor w/ VSCC or TE-PM2.5C","19100","Dallas-Fort Worth-Arlington, TX","48","Texas","113","Dallas","32.7742584","-96.7976775"
"04/09/2023","AQS","481130050","3","11.8","ug/m3 LC","56","Convention Center","1","100.0000","88101","PM2.5 - Local Conditions","209","Met One BAM-1022 Mass Monitor w/ VSCC or TE-PM2.5C","19100","Dallas-Fort Worth-Arlington, TX","48","Texas","113","Dallas","32.7742584","-96.7976775"
"04/10/2023","AQS","481130050","3","7.6","ug/m3 LC","42","Convention Center","1","100.0000","88101","PM2.5 - Local Conditions","209","Met One BAM-1022 Mass Monitor w/ VSCC or TE-PM2.5C","19100","Dallas-Fort Worth-Arlington, TX","48","Texas","113","Dallas","32.7742584","-96.7976775"
"04/11/2023","AQS","481130050","3","9.7","ug/m3 LC","52","Convention Center","1","100.0000","88101","PM2.5 - Local Conditions","209","Met One BAM-1022 Mass Monitor w/ VSCC or TE-PM2.5C","19100","Dallas-Fort Worth-Arlington, TX","48","Texas","113","Dallas","32.7742584","-96.7976775"
"04/12/2023","AQS","481130050","3","11.2","ug/m3 LC","55","Convention Center","1","100.0000","88101","PM2.5 - Local Conditions","209","Met One BAM-1022 Mass Monitor w/ VSCC or TE-PM2.5C","19100","Dallas-Fort Worth-Arlington, TX","48","Texas","113","Dallas","32.7742584","-96.7976775"
"04/13/2023","AQS","481130050","3","9.3","ug/m3 LC","51","Convention Center","1","100.0000","88101","PM2.5 - Local Conditions","209","Met One BAM-1022 Mass Monitor w/ VSCC or TE-PM2.5C","19100","Dallas-Fort Worth-Arlington, TX","48","Texas","113","Dallas","32.7742584","-96.7976775"
"04/14/2023","AQS","481130050","3","7.5","ug/m3 LC","42","Convention Center","1","100.0000","88101","PM2.5 - Local Conditions","209","Met One BAM-1022 Mass Monitor w/ VSCC or TE-PM2.5C","19100","Dallas-Fort Worth-Arlington, TX","48","Texas","113","Dallas","32.7742584","-96.7976775"
"04/15/2023","AQS","481130050","3","6.9","ug/m3 LC","38","Convention Center","1","100.0000","88101","PM2.5 - Local Conditions","209","Met One BAM-1022 Mass Monitor w/ VSCC or TE-PM2.5C","19100","Dallas-Fort Worth-Arlington, TX","48","Texas","113","Dallas","32.7742584","-96.7976775"
"04/16/2023","AQS","481130050","3","4.7","ug/m3 LC","26","Convention Center","1","100.0000","88101","PM2.5 - Local Conditions","209","Met One BAM-1022 Mass Monitor w/ VSCC or TE-PM2.5C","19100","Dallas-Fort Worth-Arlington, TX","48","Texas","113","Dallas","32.7742584","-96.7976775"
"04/17/2023","AQS","481130050","3","9.3","ug/m3 LC","51","Convention Center","1","100.0000","88101","PM2.5 - Local Conditions","209","Met One BAM-1022 Mass Monitor w/ VSCC or TE-PM2.5C","19100","Dallas-Fort Worth-Arlington, TX","48","Texas","113","Dallas","32.7742584","-96.7976775"
"04/18/2023","AQS","481130050","3","11","ug/m3 LC","55","Convention Center","1","100.0000","88101","PM2.5 - Local Conditions","209","Met One BAM-1022 Mass Monitor w/ VSCC or TE-PM2.5C","19100","Dallas-Fort Worth-Arlington, TX","48","Texas","113","Dallas","32.7742584","-96.7976775"
"04/19/2023","AQS","481130050","3","10.8","ug/m3 LC","54","Convention Center","1","100.0000","88101","PM2.5 - Local Conditions","209","Met One BAM-1022 Mass Monitor w/ VSCC or TE-PM2.5C","19100","Dallas-Fort Worth-Arlington, TX","48","Texas","113","Dallas","32.7742584","-96.7976775"
"04/20/2023","AQS","481130050","3","16.9","ug/m3 LC","66","Convention Center","1","100.0000","88101","PM2.5 - Local Conditions","209","Met One BAM-1022 Mass Monitor w/ VSCC or TE-PM2.5C","19100","Dallas-Fort Worth-Arlington, TX","48","Texas","113","Dallas","32.7742584","-96.7976775"
"04/21/2023","AQS","481130050","3","8.2","ug/m3 LC","46","Convention Center","1","100.0000","88101","PM2.5 - Local Conditions","209","Met One BAM-1022 Mass Monitor w/ VSCC or TE-PM2.5C","19100","Dallas-Fort Worth-Arlington, TX","48","Texas","113","Dallas","32.7742584","-96.7976775"
"04/22/2023","AQS","481130050","3","8.7","ug/m3 LC","48","Convention Center","1","100.0000","88101","PM2.5 - Local Conditions","209","Met One BAM-1022 Mass Monitor w/ VSCC or TE-PM2.5C","19100","Dallas-Fort Worth-Arlington, TX","48","Texas","113","Dallas","32.7742584","-96.7976775"
"04/23/2023","AQS","481130050","3","5.2","ug/m3 LC","29","Convention Center","1","100.0000","88101","PM2.5 - Local Conditions","209","Met One BAM-1022 Mass Monitor w/ VSCC or TE-PM2.5C","19100","Dallas-Fort Worth-Arlington, TX","48","Texas","113","Dallas","32.7742584","-96.7976775"
"04/24/2023","AQS","481130050","3","7.1","ug/m3 LC","39","Convention Center","1","100.0000","88101","PM2.5 - Local Conditions","209","Met One BAM-1022 Mass Monitor w/ VSCC or TE-PM2.5C","19100","Dallas-Fort Worth-Arlington, TX","48","Texas","113","Dallas","32.7742584","-96.7976775"
"04/25/2023","AQS","481130050","3","10.1","ug/m3 LC","53","Convention Center","1","100.0000","88101","PM2.5 - Local Conditions","209","Met One BAM-1022 Mass Monitor w/ VSCC or TE-PM2.5C","19100","Dallas-Fort Worth-Arlington, TX","48","Texas","113","Dallas","32.7742584","-96.7976775"
"04/26/2023","AQS","481130050","3","9.1","ug/m3 LC","51","Convention Center","1","100.0000","88101","PM2.5 - Local Conditions","209","Met One BAM-1022 Mass Monitor w/ VSCC or TE-PM2.5C","19100","Dallas-Fort Worth-Arlington, TX","48","Texas","113","Dallas","32.7742584","-96.7976775"
"04/27/2023","AQS","481130050","3","5.8","ug/m3 LC","32","Convention Center","1","100.0000","88101","PM2.5 - Local Conditions","209","Met One BAM-1022 Mass Monitor w/ VSCC or TE-PM2.5C","19100","Dallas-Fort Worth-Arlington, TX","48","Texas","113","Dallas","32.7742584","-96.7976775"
"04/28/2023","AQS","481130050","3","7.3","ug/m3 LC","41","Convention Center","1","100.0000","88101","PM2.5 - Local Conditions","209","Met One BAM-1022 Mass Monitor w/ VSCC or TE-PM2.5C","19100","Dallas-Fort Worth-Arlington, TX","48","Texas","113","Dallas","32.7742584","-96.7976775"
"04/29/2023","AQS","481130050","3","4.1","ug/m3 LC","23","Convention Center","1","100.0000","88101","PM2.5 - Local Conditions","209","Met One BAM-1022 Mass Monitor w/ VSCC or TE-PM2.5C","19100","Dallas-Fort Worth-Arlington, TX","48","Texas","113","Dallas","32.7742584","-96.7976775"
"04/30/2023","AQS","481130050","3","5.7","ug/m3 LC","32","Convention Center","1","100.0000","88101","PM2.5 - Local Conditions","209","Met One BAM-1022 Mass Monitor w/ VSCC or TE-PM2.5C","19100","Dallas-Fort Worth-Arlington, TX","48","Texas","113","Dallas","32.7742584","-96.7976775"
"05/01/2023","AQS","481130050","3","4.4","ug/m3 LC","24","Convention Center","1","100.0000","88101","PM2.5 - Local Conditions","209","Met One BAM-1022 Mass Monitor w/ VSCC or TE-PM2.5C","19100","Dallas-Fort Worth-Arlington, TX","48","Texas","113","Dallas","32.7742584","-96.7976775"
"05/02/2023","AQS","481130050","3","9.3","ug/m3 LC","51","Convention Center","1","100.0000","88101","PM2.5 - Local Conditions","209","Met One BAM-1022 Mass Monitor w/ VSCC or TE-PM2.5C","19100","Dallas-Fort Worth-Arlington, TX","48","Texas","113","Dallas","32.7742584","-96.7976775"
"05/03/2023","AQS","481130050","3","9.7","ug/m3 LC","52","Convention Center","1","100.0000","88101","PM2.5 - Local Conditions","209","Met One BAM-1022 Mass Monitor w/ VSCC or TE-PM2.5C","19100","Dallas-Fort Worth-Arlington, TX","48","Texas","113","Dallas","32.7742584","-96.7976775"
"05/04/2023","AQS","481130050","3","14.4","ug/m3 LC","61","Convention Center","1","100.0000","88101","PM2.5 - Local Conditions","209","Met One BAM-1022 Mass Monitor w/ VSCC or TE-PM2.5C","19100","Dallas-Fort Worth-Arlington, TX","48","Texas","113","Dallas","32.7742584","-96.7976775"
"05/05/2023","AQS","481130050","3","14.8","ug/m3 LC","62","Convention Center","1","100.0000","88101","PM2.5 - Local Conditions","209","Met One BAM-1022 Mass Monitor w/ VSCC or TE-PM2.5C","19100","Dallas-Fort Worth-Arlington, TX","48","Texas","113","Dallas","32.7742584","-96.7976775"
"05/06/2023","AQS","481130050","3","15.4","ug/m3 LC","63","Convention Center","1","100.0000","88101","PM2.5 - Local Conditions","209","Met One BAM-1022 Mass Monitor w/ VSCC or TE-PM2.5C","19100","Dallas-Fort Worth-Arlington, TX","48","Texas","113","Dallas","32.7742584","-96.7976775"
"05/07/2023","AQS","481130050","3","11.7","ug/m3 LC","56","Convention Center","1","100.0000","88101","PM2.5 - Local Conditions","209","Met One BAM-1022 Mass Monitor w/ VSCC or TE-PM2.5C","19100","Dallas-Fort Worth-Arlington, TX","48","Texas","113","Dallas","32.7742584","-96.7976775"
"05/08/2023","AQS","481130050","3","17.1","ug/m3 LC","66","Convention Center","1","100.0000","88101","PM2.5 - Local Conditions","209","Met One BAM-1022 Mass Monitor w/ VSCC or TE-PM2.5C","19100","Dallas-Fort Worth-Arlington, TX","48","Texas","113","Dallas","32.7742584","-96.7976775"
"05/09/2023","AQS","481130050","3","13.9","ug/m3 LC","60","Convention Center","1","100.0000","88101","PM2.5 - Local Conditions","209","Met One BAM-1022 Mass Monitor w/ VSCC or TE-PM2.5C","19100","Dallas-Fort Worth-Arlington, TX","48","Texas","113","Dallas","32.7742584","-96.7976775"
"05/10/2023","AQS","481130050","3","10","ug/m3 LC","53","Convention Center","1","100.0000","88101","PM2.5 - Local Conditions","209","Met One BAM-1022 Mass Monitor w/ VSCC or TE-PM2.5C","19100","Dallas-Fort Worth-Arlington, TX","48","Texas","113","Dallas","32.7742584","-96.7976775"
"05/11/2023","AQS","481130050","3","19.2","ug/m3 LC","70","Convention Center","1","100.0000","88101","PM2.5 - Local Conditions","209","Met One BAM-1022 Mass Monitor w/ VSCC or TE-PM2.5C","19100","Dallas-Fort Worth-Arlington, TX","48","Texas","113","Dallas","32.7742584","-96.7976775"
"05/12/2023","AQS","481130050","3","22.8","ug/m3 LC","77","Convention Center","1","100.0000","88101","PM2.5 - Local Conditions","209","Met One BAM-1022 Mass Monitor w/ VSCC or TE-PM2.5C","19100","Dallas-Fort Worth-Arlington, TX","48","Texas","113","Dallas","32.7742584","-96.7976775"
"05/13/2023","AQS","481130050","3","6.5","ug/m3 LC","36","Convention Center","1","100.0000","88101","PM2.5 - Local Conditions","209","Met One BAM-1022 Mass Monitor w/ VSCC or TE-PM2.5C","19100","Dallas-Fort Worth-Arlington, TX","48","Texas","113","Dallas","32.7742584","-96.7976775"
"05/14/2023","AQS","481130050","3","7.9","ug/m3 LC","44","Convention Center","1","100.0000","88101","PM2.5 - Local Conditions","209","Met One BAM-1022 Mass Monitor w/ VSCC or TE-PM2.5C","19100","Dallas-Fort Worth-Arlington, TX","48","Texas","113","Dallas","32.7742584","-96.7976775"
"05/15/2023","AQS","481130050","3","7.8","ug/m3 LC","43","Convention Center","1","100.0000","88101","PM2.5 - Local Conditions","209","Met One BAM-1022 Mass Monitor w/ VSCC or TE-PM2.5C","19100","Dallas-Fort Worth-Arlington, TX","48","Texas","113","Dallas","32.7742584","-96.7976775"
"05/16/2023","AQS","481130050","3","5.7","ug/m3 LC","32","Convention Center","1","100.0000","88101","PM2.5 - Local Conditions","209","Met One BAM-1022 Mass Monitor w/ VSCC or TE-PM2.5C","19100","Dallas-Fort Worth-Arlington, TX","48","Texas","113","Dallas","32.7742584","-96.7976775"
"05/17/2023","AQS","481130050","3","6.9","ug/m3 LC","38","Convention Center","1","100.0000","88101","PM2.5 - Local Conditions","209","Met One BAM-1022 Mass Monitor w/ VSCC or TE-PM2.5C","19100","Dallas-Fort Worth-Arlington, TX","48","Texas","113","Dallas","32.7742584","-96.7976775"
"05/18/2023","AQS","481130050","3","9.6","ug/m3 LC","52","Convention Center","1","100.0000","88101","PM2.5 - Local Conditions","209","Met One BAM-1022 Mass Monitor w/ VSCC or TE-PM2.5C","19100","Dallas-Fort Worth-Arlington, TX","48","Texas","113","Dallas","32.7742584","-96.7976775"
"05/19/2023","AQS","481130050","3","10.3","ug/m3 LC","53","Convention Center","1","100.0000","88101","PM2.5 - Local Conditions","209","Met One BAM-1022 Mass Monitor w/ VSCC or TE-PM2.5C","19100","Dallas-Fort Worth-Arlington, TX","48","Texas","113","Dallas","32.7742584","-96.7976775"
"05/20/2023","AQS","481130050","3","23.7","ug/m3 LC","78","Convention Center","1","100.0000","88101","PM2.5 - Local Conditions","209","Met One BAM-1022 Mass Monitor w/ VSCC or TE-PM2.5C","19100","Dallas-Fort Worth-Arlington, TX","48","Texas","113","Dallas","32.7742584","-96.7976775"
"05/21/2023","AQS","481130050","3","14.8","ug/m3 LC","62","Convention Center","1","100.0000","88101","PM2.5 - Local Conditions","209","Met One BAM-1022 Mass Monitor w/ VSCC or TE-PM2.5C","19100","Dallas-Fort Worth-Arlington, TX","48","Texas","113","Dallas","32.7742584","-96.7976775"
"05/22/2023","AQS","481130050","3","20.5","ug/m3 LC","72","Convention Center","1","100.0000","88101","PM2.5 - Local Conditions","209","Met One BAM-1022 Mass Monitor w/ VSCC or TE-PM2.5C","19100","Dallas-Fort Worth-Arlington, TX","48","Texas","113","Dallas","32.7742584","-96.7976775"
"05/23/2023","AQS","481130050","3","21.6","ug/m3 LC","74","Convention Center","1","100.0000","88101","PM2.5 - Local Conditions","209","Met One BAM-1022 Mass Monitor w/ VSCC or TE-PM2.5C","19100","Dallas-Fort Worth-Arlington, TX","48","Texas","113","Dallas","32.7742584","-96.7976775"
"05/24/2023","AQS","481130050","3","17.6","ug/m3 LC","67","Convention Center","1","100.0000","88101","PM2.5 - Local Conditions","209","Met One BAM-1022 Mass Monitor w/ VSCC or TE-PM2.5C","19100","Dallas-Fort Worth-Arlington, TX","48","Texas","113","Dallas","32.7742584","-96.7976775"
"05/25/2023","AQS","481130050","3","14","ug/m3 LC","60","Convention Center","1","100.0000","88101","PM2.5 - Local Conditions","209","Met One BAM-1022 Mass Monitor w/ VSCC or TE-PM2.5C","19100","Dallas-Fort Worth-Arlington, TX","48","Texas","113","Dallas","32.7742584","-96.7976775"
"05/26/2023","AQS","481130050","3","18.6","ug/m3 LC","69","Convention Center","1","100.0000","88101","PM2.5 - Local Conditions","209","Met One BAM-1022 Mass Monitor w/ VSCC or TE-PM2.5C","19100","Dallas-Fort Worth-Arlington, TX","48","Texas","113","Dallas","32.7742584","-96.7976775"
"05/27/2023","AQS","481130050","3","22.8","ug/m3 LC","77","Convention Center","1","100.0000","88101","PM2.5 - Local Conditions","209","Met One BAM-1022 Mass Monitor w/ VSCC or TE-PM2.5C","19100","Dallas-Fort Worth-Arlington, TX","48","Texas","113","Dallas","32.7742584","-96.7976775"
"05/28/2023","AQS","481130050","3","20.4","ug/m3 LC","72","Convention Center","1","100.0000","88101","PM2.5 - Local Conditions","209","Met One BAM-1022 Mass Monitor w/ VSCC or TE-PM2.5C","19100","Dallas-Fort Worth-Arlington, TX","48","Texas","113","Dallas","32.7742584","-96.7976775"
"05/29/2023","AQS","481130050","3","16","ug/m3 LC","64","Convention Center","1","100.0000","88101","PM2.5 - Local Conditions","209","Met One BAM-1022 Mass Monitor w/ VSCC or TE-PM2.5C","19100","Dallas-Fort Worth-Arlington, TX","48","Texas","113","Dallas","32.7742584","-96.7976775"
"05/30/2023","AQS","481130050","3","11.6","ug/m3 LC","56","Convention Center","1","100.0000","88101","PM2.5 - Local Conditions","209","Met One BAM-1022 Mass Monitor w/ VSCC or TE-PM2.5C","19100","Dallas-Fort Worth-Arlington, TX","48","Texas","113","Dallas","32.7742584","-96.7976775"
"05/31/2023","AQS","481130050","3","14.5","ug/m3 LC","61","Convention Center","1","100.0000","88101","PM2.5 - Local Conditions","209","Met One BAM-1022 Mass Monitor w/ VSCC or TE-PM2.5C","19100","Dallas-Fort Worth-Arlington, TX","48","Texas","113","Dallas","32.7742584","-96.7976775"
"06/01/2023","AQS","481130050","3","16.5","ug/m3 LC","65","Convention Center","1","100.0000","88101","PM2.5 - Local Conditions","209","Met One BAM-1022 Mass Monitor w/ VSCC or TE-PM2.5C","19100","Dallas-Fort Worth-Arlington, TX","48","Texas","113","Dallas","32.7742584","-96.7976775"
"06/02/2023","AQS","481130050","3","18.2","ug/m3 LC","68","Convention Center","1","100.0000","88101","PM2.5 - Local Conditions","209","Met One BAM-1022 Mass Monitor w/ VSCC or TE-PM2.5C","19100","Dallas-Fort Worth-Arlington, TX","48","Texas","113","Dallas","32.7742584","-96.7976775"
"06/03/2023","AQS","481130050","3","7.2","ug/m3 LC","40","Convention Center","1","100.0000","88101","PM2.5 - Local Conditions","209","Met One BAM-1022 Mass Monitor w/ VSCC or TE-PM2.5C","19100","Dallas-Fort Worth-Arlington, TX","48","Texas","113","Dallas","32.7742584","-96.7976775"
"06/04/2023","AQS","481130050","3","6.5","ug/m3 LC","36","Convention Center","1","100.0000","88101","PM2.5 - Local Conditions","209","Met One BAM-1022 Mass Monitor w/ VSCC or TE-PM2.5C","19100","Dallas-Fort Worth-Arlington, TX","48","Texas","113","Dallas","32.7742584","-96.7976775"
"06/05/2023","AQS","481130050","3","8.9","ug/m3 LC","49","Convention Center","1","100.0000","88101","PM2.5 - Local Conditions","209","Met One BAM-1022 Mass Monitor w/ VSCC or TE-PM2.5C","19100","Dallas-Fort Worth-Arlington, TX","48","Texas","113","Dallas","32.7742584","-96.7976775"
"06/06/2023","AQS","481130050","3","15.3","ug/m3 LC","63","Convention Center","1","100.0000","88101","PM2.5 - Local Conditions","209","Met One BAM-1022 Mass Monitor w/ VSCC or TE-PM2.5C","19100","Dallas-Fort Worth-Arlington, TX","48","Texas","113","Dallas","32.7742584","-96.7976775"
"06/07/2023","AQS","481130050","3","14.2","ug/m3 LC","61","Convention Center","1","100.0000","88101","PM2.5 - Local Conditions","209","Met One BAM-1022 Mass Monitor w/ VSCC or TE-PM2.5C","19100","Dallas-Fort Worth-Arlington, TX","48","Texas","113","Dallas","32.7742584","-96.7976775"
"06/08/2023","AQS","481130050","3","13.5","ug/m3 LC","59","Convention Center","1","100.0000","88101","PM2.5 - Local Conditions","209","Met One BAM-1022 Mass Monitor w/ VSCC or TE-PM2.5C","19100","Dallas-Fort Worth-Arlington, TX","48","Texas","113","Dallas","32.7742584","-96.7976775"
"06/09/2023","AQS","481130050","3","11.2","ug/m3 LC","55","Convention Center","1","100.0000","88101","PM2.5 - Local Conditions","209","Met One BAM-1022 Mass Monitor w/ VSCC or TE-PM2.5C","19100","Dallas-Fort Worth-Arlington, TX","48","Texas","113","Dallas","32.7742584","-96.7976775"
"06/10/2023","AQS","481130050","3","7.9","ug/m3 LC","44","Convention Center","1","100.0000","88101","PM2.5 - Local Conditions","209","Met One BAM-1022 Mass Monitor w/ VSCC or TE-PM2.5C","19100","Dallas-Fort Worth-Arlington, TX","48","Texas","113","Dallas","32.7742584","-96.7976775"
"06/11/2023","AQS","481130050","3","7.8","ug/m3 LC","43","Convention Center","1","100.0000","88101","PM2.5 - Local Conditions","209","Met One BAM-1022 Mass Monitor w/ VSCC or TE-PM2.5C","19100","Dallas-Fort Worth-Arlington, TX","48","Texas","113","Dallas","32.7742584","-96.7976775"
"06/12/2023","AQS","481130050","3","5.6","ug/m3 LC","31","Convention Center","1","100.0000","88101","PM2.5 - Local Conditions","209","Met One BAM-1022 Mass Monitor w/ VSCC or TE-PM2.5C","19100","Dallas-Fort Worth-Arlington, TX","48","Texas","113","Dallas","32.7742584","-96.7976775"
"06/13/2023","AQS","481130050","3","16.3","ug/m3 LC","64","Convention Center","1","100.0000","88101","PM2.5 - Local Conditions","209","Met One BAM-1022 Mass Monitor w/ VSCC or TE-PM2.5C","19100","Dallas-Fort Worth-Arlington, TX","48","Texas","113","Dallas","32.7742584","-96.7976775"
"06/14/2023","AQS","481130050","3","20.1","ug/m3 LC","71","Convention Center","1","100.0000","88101","PM2.5 - Local Conditions","209","Met One BAM-1022 Mass Monitor w/ VSCC or TE-PM2.5C","19100","Dallas-Fort Worth-Arlington, TX","48","Texas","113","Dallas","32.7742584","-96.7976775"
"06/15/2023","AQS","481130050","3","25.8","ug/m3 LC","82","Convention Center","1","100.0000","88101","PM2.5 - Local Conditions","209","Met One BAM-1022 Mass Monitor w/ VSCC or TE-PM2.5C","19100","Dallas-Fort Worth-Arlington, TX","48","Texas","113","Dallas","32.7742584","-96.7976775"
"06/21/2023","AQS","481130050","3","21.8","ug/m3 LC","75","Convention Center","1","100.0000","88101","PM2.5 - Local Conditions","209","Met One BAM-1022 Mass Monitor w/ VSCC or TE-PM2.5C","19100","Dallas-Fort Worth-Arlington, TX","48","Texas","113","Dallas","32.7742584","-96.7976775"
"06/22/2023","AQS","481130050","3","13.1","ug/m3 LC","58","Convention Center","1","100.0000","88101","PM2.5 - Local Conditions","209","Met One BAM-1022 Mass Monitor w/ VSCC or TE-PM2.5C","19100","Dallas-Fort Worth-Arlington, TX","48","Texas","113","Dallas","32.7742584","-96.7976775"
"06/23/2023","AQS","481130050","3","15.1","ug/m3 LC","62","Convention Center","1","100.0000","88101","PM2.5 - Local Conditions","209","Met One BAM-1022 Mass Monitor w/ VSCC or TE-PM2.5C","19100","Dallas-Fort Worth-Arlington, TX","48","Texas","113","Dallas","32.7742584","-96.7976775"
"06/24/2023","AQS","481130050","3","10.9","ug/m3 LC","54","Convention Center","1","100.0000","88101","PM2.5 - Local Conditions","209","Met One BAM-1022 Mass Monitor w/ VSCC or TE-PM2.5C","19100","Dallas-Fort Worth-Arlington, TX","48","Texas","113","Dallas","32.7742584","-96.7976775"
"06/25/2023","AQS","481130050","3","8.7","ug/m3 LC","48","Convention Center","1","100.0000","88101","PM2.5 - Local Conditions","209","Met One BAM-1022 Mass Monitor w/ VSCC or TE-PM2.5C","19100","Dallas-Fort Worth-Arlington, TX","48","Texas","113","Dallas","32.7742584","-96.7976775"
"06/26/2023","AQS","481130050","3","10.6","ug/m3 LC","54","Convention Center","1","100.0000","88101","PM2.5 - Local Conditions","209","Met One BAM-1022 Mass Monitor w/ VSCC or TE-PM2.5C","19100","Dallas-Fort Worth-Arlington, TX","48","Texas","113","Dallas","32.7742584","-96.7976775"
"06/27/2023","AQS","481130050","3","9.7","ug/m3 LC","52","Convention Center","1","100.0000","88101","PM2.5 - Local Conditions","209","Met One BAM-1022 Mass Monitor w/ VSCC or TE-PM2.5C","19100","Dallas-Fort Worth-Arlington, TX","48","Texas","113","Dallas","32.7742584","-96.7976775"
"06/28/2023","AQS","481130050","3","11.9","ug/m3 LC","56","Convention Center","1","100.0000","88101","PM2.5 - Local Conditions","209","Met One BAM-1022 Mass Monitor w/ VSCC or TE-PM2.5C","19100","Dallas-Fort Worth-Arlington, TX","48","Texas","113","Dallas","32.7742584","-96.7976775"
"06/29/2023","AQS","481130050","3","9.7","ug/m3 LC","52","Convention Center","1","100.0000","88101","PM2.5 - Local Conditions","209","Met One BAM-1022 Mass Monitor w/ VSCC or TE-PM2.5C","19100","Dallas-Fort Worth-Arlington, TX","48","Texas","113","Dallas","32.7742584","-96.7976775"
"06/30/2023","AQS","481130050","3","8.7","ug/m3 LC","48","Convention Center","1","100.0000","88101","PM2.5 - Local Conditions","209","Met One BAM-1022 Mass Monitor w/ VSCC or TE-PM2.5C","19100","Dallas-Fort Worth-Arlington, TX","48","Texas","113","Dallas","32.7742584","-96.7976775"
"07/01/2023","AQS","481130050","3","6.6","ug/m3 LC","37","Convention Center","1","100.0000","88101","PM2.5 - Local Conditions","209","Met One BAM-1022 Mass Monitor w/ VSCC or TE-PM2.5C","19100","Dallas-Fort Worth-Arlington, TX","48","Texas","113","Dallas","32.7742584","-96.7976775"
"07/02/2023","AQS","481130050","3","8.4","ug/m3 LC","47","Convention Center","1","100.0000","88101","PM2.5 - Local Conditions","209","Met One BAM-1022 Mass Monitor w/ VSCC or TE-PM2.5C","19100","Dallas-Fort Worth-Arlington, TX","48","Texas","113","Dallas","32.7742584","-96.7976775"
"07/03/2023","AQS","481130050","3","11.2","ug/m3 LC","55","Convention Center","1","100.0000","88101","PM2.5 - Local Conditions","209","Met One BAM-1022 Mass Monitor w/ VSCC or TE-PM2.5C","19100","Dallas-Fort Worth-Arlington, TX","48","Texas","113","Dallas","32.7742584","-96.7976775"
"07/04/2023","AQS","481130050","3","12.1","ug/m3 LC","57","Convention Center","1","100.0000","88101","PM2.5 - Local Conditions","209","Met One BAM-1022 Mass Monitor w/ VSCC or TE-PM2.5C","19100","Dallas-Fort Worth-Arlington, TX","48","Texas","113","Dallas","32.7742584","-96.7976775"
"07/05/2023","AQS","481130050","3","10.2","ug/m3 LC","53","Convention Center","1","100.0000","88101","PM2.5 - Local Conditions","209","Met One BAM-1022 Mass Monitor w/ VSCC or TE-PM2.5C","19100","Dallas-Fort Worth-Arlington, TX","48","Texas","113","Dallas","32.7742584","-96.7976775"
"07/06/2023","AQS","481130050","3","7.7","ug/m3 LC","43","Convention Center","1","100.0000","88101","PM2.5 - Local Conditions","209","Met One BAM-1022 Mass Monitor w/ VSCC or TE-PM2.5C","19100","Dallas-Fort Worth-Arlington, TX","48","Texas","113","Dallas","32.7742584","-96.7976775"
"07/07/2023","AQS","481130050","3","7.1","ug/m3 LC","39","Convention Center","1","100.0000","88101","PM2.5 - Local Conditions","209","Met One BAM-1022 Mass Monitor w/ VSCC or TE-PM2.5C","19100","Dallas-Fort Worth-Arlington, TX","48","Texas","113","Dallas","32.7742584","-96.7976775"
"07/10/2023","AQS","481130050","3","13.6","ug/m3 LC","59","Convention Center","1","100.0000","88101","PM2.5 - Local Conditions","209","Met One BAM-1022 Mass Monitor w/ VSCC or TE-PM2.5C","19100","Dallas-Fort Worth-Arlington, TX","48","Texas","113","Dallas","32.7742584","-96.7976775"
"07/11/2023","AQS","481130050","3","10","ug/m3 LC","53","Convention Center","1","100.0000","88101","PM2.5 - Local Conditions","209","Met One BAM-1022 Mass Monitor w/ VSCC or TE-PM2.5C","19100","Dallas-Fort Worth-Arlington, TX","48","Texas","113","Dallas","32.7742584","-96.7976775"
"07/12/2023","AQS","481130050","3","12.9","ug/m3 LC","58","Convention Center","1","100.0000","88101","PM2.5 - Local Conditions","209","Met One BAM-1022 Mass Monitor w/ VSCC or TE-PM2.5C","19100","Dallas-Fort Worth-Arlington, TX","48","Texas","113","Dallas","32.7742584","-96.7976775"
"07/13/2023","AQS","481130050","3","9.8","ug/m3 LC","52","Convention Center","1","100.0000","88101","PM2.5 - Local Conditions","209","Met One BAM-1022 Mass Monitor w/ VSCC or TE-PM2.5C","19100","Dallas-Fort Worth-Arlington, TX","48","Texas","113","Dallas","32.7742584","-96.7976775"
"07/14/2023","AQS","481130050","3","17.4","ug/m3 LC","66","Convention Center","1","100.0000","88101","PM2.5 - Local Conditions","209","Met One BAM-1022 Mass Monitor w/ VSCC or TE-PM2.5C","19100","Dallas-Fort Worth-Arlington, TX","48","Texas","113","Dallas","32.7742584","-96.7976775"
"07/15/2023","AQS","481130050","3","14.6","ug/m3 LC","61","Convention Center","1","100.0000","88101","PM2.5 - Local Conditions","209","Met One BAM-1022 Mass Monitor w/ VSCC or TE-PM2.5C","19100","Dallas-Fort Worth-Arlington, TX","48","Texas","113","Dallas","32.7742584","-96.7976775"
"07/16/2023","AQS","481130050","3","10.7","ug/m3 LC","54","Convention Center","1","100.0000","88101","PM2.5 - Local Conditions","209","Met One BAM-1022 Mass Monitor w/ VSCC or TE-PM2.5C","19100","Dallas-Fort Worth-Arlington, TX","48","Texas","113","Dallas","32.7742584","-96.7976775"
"07/17/2023","AQS","481130050","3","18","ug/m3 LC","68","Convention Center","1","100.0000","88101","PM2.5 - Local Conditions","209","Met One BAM-1022 Mass Monitor w/ VSCC or TE-PM2.5C","19100","Dallas-Fort Worth-Arlington, TX","48","Texas","113","Dallas","32.7742584","-96.7976775"
"07/21/2023","AQS","481130050","3","17.2","ug/m3 LC","66","Convention Center","1","100.0000","88101","PM2.5 - Local Conditions","209","Met One BAM-1022 Mass Monitor w/ VSCC or TE-PM2.5C","19100","Dallas-Fort Worth-Arlington, TX","48","Texas","113","Dallas","32.7742584","-96.7976775"
"07/22/2023","AQS","481130050","3","6.6","ug/m3 LC","37","Convention Center","1","100.0000","88101","PM2.5 - Local Conditions","209","Met One BAM-1022 Mass Monitor w/ VSCC or TE-PM2.5C","19100","Dallas-Fort Worth-Arlington, TX","48","Texas","113","Dallas","32.7742584","-96.7976775"
"07/23/2023","AQS","481130050","3","10.2","ug/m3 LC","53","Convention Center","1","100.0000","88101","PM2.5 - Local Conditions","209","Met One BAM-1022 Mass Monitor w/ VSCC or TE-PM2.5C","19100","Dallas-Fort Worth-Arlington, TX","48","Texas","113","Dallas","32.7742584","-96.7976775"
"07/24/2023","AQS","481130050","3","13.7","ug/m3 LC","60","Convention Center","1","100.0000","88101","PM2.5 - Local Conditions","209","Met One BAM-1022 Mass Monitor w/ VSCC or TE-PM2.5C","19100","Dallas-Fort Worth-Arlington, TX","48","Texas","113","Dallas","32.7742584","-96.7976775"
"07/25/2023","AQS","481130050","3","13.5","ug/m3 LC","59","Convention Center","1","100.0000","88101","PM2.5 - Local Conditions","209","Met One BAM-1022 Mass Monitor w/ VSCC or TE-PM2.5C","19100","Dallas-Fort Worth-Arlington, TX","48","Texas","113","Dallas","32.7742584","-96.7976775"
"07/26/2023","AQS","481130050","3","18.7","ug/m3 LC","69","Convention Center","1","100.0000","88101","PM2.5 - Local Conditions","209","Met One BAM-1022 Mass Monitor w/ VSCC or TE-PM2.5C","19100","Dallas-Fort Worth-Arlington, TX","48","Texas","113","Dallas","32.7742584","-96.7976775"
"07/27/2023","AQS","481130050","3","21","ug/m3 LC","73","Convention Center","1","100.0000","88101","PM2.5 - Local Conditions","209","Met One BAM-1022 Mass Monitor w/ VSCC or TE-PM2.5C","19100","Dallas-Fort Worth-Arlington, TX","48","Texas","113","Dallas","32.7742584","-96.7976775"
"07/28/2023","AQS","481130050","3","19.8","ug/m3 LC","71","Convention Center","1","100.0000","88101","PM2.5 - Local Conditions","209","Met One BAM-1022 Mass Monitor w/ VSCC or TE-PM2.5C","19100","Dallas-Fort Worth-Arlington, TX","48","Texas","113","Dallas","32.7742584","-96.7976775"
"07/29/2023","AQS","481130050","3","18.9","ug/m3 LC","69","Convention Center","1","100.0000","88101","PM2.5 - Local Conditions","209","Met One BAM-1022 Mass Monitor w/ VSCC or TE-PM2.5C","19100","Dallas-Fort Worth-Arlington, TX","48","Texas","113","Dallas","32.7742584","-96.7976775"
"07/30/2023","AQS","481130050","3","16.9","ug/m3 LC","66","Convention Center","1","100.0000","88101","PM2.5 - Local Conditions","209","Met One BAM-1022 Mass Monitor w/ VSCC or TE-PM2.5C","19100","Dallas-Fort Worth-Arlington, TX","48","Texas","113","Dallas","32.7742584","-96.7976775"
"07/31/2023","AQS","481130050","3","17.7","ug/m3 LC","67","Convention Center","1","100.0000","88101","PM2.5 - Local Conditions","209","Met One BAM-1022 Mass Monitor w/ VSCC or TE-PM2.5C","19100","Dallas-Fort Worth-Arlington, TX","48","Texas","113","Dallas","32.7742584","-96.7976775"
"08/01/2023","AQS","481130050","3","18.2","ug/m3 LC","68","Convention Center","1","100.0000","88101","PM2.5 - Local Conditions","209","Met One BAM-1022 Mass Monitor w/ VSCC or TE-PM2.5C","19100","Dallas-Fort Worth-Arlington, TX","48","Texas","113","Dallas","32.7742584","-96.7976775"
"08/02/2023","AQS","481130050","3","13.8","ug/m3 LC","60","Convention Center","1","100.0000","88101","PM2.5 - Local Conditions","209","Met One BAM-1022 Mass Monitor w/ VSCC or TE-PM2.5C","19100","Dallas-Fort Worth-Arlington, TX","48","Texas","113","Dallas","32.7742584","-96.7976775"
"08/03/2023","AQS","481130050","3","10.5","ug/m3 LC","54","Convention Center","1","100.0000","88101","PM2.5 - Local Conditions","209","Met One BAM-1022 Mass Monitor w/ VSCC or TE-PM2.5C","19100","Dallas-Fort Worth-Arlington, TX","48","Texas","113","Dallas","32.7742584","-96.7976775"
"08/04/2023","AQS","481130050","3","7.7","ug/m3 LC","43","Convention Center","1","100.0000","88101","PM2.5 - Local Conditions","209","Met One BAM-1022 Mass Monitor w/ VSCC or TE-PM2.5C","19100","Dallas-Fort Worth-Arlington, TX","48","Texas","113","Dallas","32.7742584","-96.7976775"
"08/05/2023","AQS","481130050","3","11.1","ug/m3 LC","55","Convention Center","1","100.0000","88101","PM2.5 - Local Conditions","209","Met One BAM-1022 Mass Monitor w/ VSCC or TE-PM2.5C","19100","Dallas-Fort Worth-Arlington, TX","48","Texas","113","Dallas","32.7742584","-96.7976775"
"08/06/2023","AQS","481130050","3","8.4","ug/m3 LC","47","Convention Center","1","100.0000","88101","PM2.5 - Local Conditions","209","Met One BAM-1022 Mass Monitor w/ VSCC or TE-PM2.5C","19100","Dallas-Fort Worth-Arlington, TX","48","Texas","113","Dallas","32.7742584","-96.7976775"
"08/07/2023","AQS","481130050","3","10.5","ug/m3 LC","54","Convention Center","1","100.0000","88101","PM2.5 - Local Conditions","209","Met One BAM-1022 Mass Monitor w/ VSCC or TE-PM2.5C","19100","Dallas-Fort Worth-Arlington, TX","48","Texas","113","Dallas","32.7742584","-96.7976775"
"08/08/2023","AQS","481130050","3","11.6","ug/m3 LC","56","Convention Center","1","100.0000","88101","PM2.5 - Local Conditions","209","Met One BAM-1022 Mass Monitor w/ VSCC or TE-PM2.5C","19100","Dallas-Fort Worth-Arlington, TX","48","Texas","113","Dallas","32.7742584","-96.7976775"
"08/09/2023","AQS","481130050","3","8.5","ug/m3 LC","47","Convention Center","1","100.0000","88101","PM2.5 - Local Conditions","209","Met One BAM-1022 Mass Monitor w/ VSCC or TE-PM2.5C","19100","Dallas-Fort Worth-Arlington, TX","48","Texas","113","Dallas","32.7742584","-96.7976775"
"08/10/2023","AQS","481130050","3","11","ug/m3 LC","55","Convention Center","1","100.0000","88101","PM2.5 - Local Conditions","209","Met One BAM-1022 Mass Monitor w/ VSCC or TE-PM2.5C","19100","Dallas-Fort Worth-Arlington, TX","48","Texas","113","Dallas","32.7742584","-96.7976775"
"08/11/2023","AQS","481130050","3","9.8","ug/m3 LC","52","Convention Center","1","100.0000","88101","PM2.5 - Local Conditions","209","Met One BAM-1022 Mass Monitor w/ VSCC or TE-PM2.5C","19100","Dallas-Fort Worth-Arlington, TX","48","Texas","113","Dallas","32.7742584","-96.7976775"
"08/12/2023","AQS","481130050","3","10.4","ug/m3 LC","53","Convention Center","1","100.0000","88101","PM2.5 - Local Conditions","209","Met One BAM-1022 Mass Monitor w/ VSCC or TE-PM2.5C","19100","Dallas-Fort Worth-Arlington, TX","48","Texas","113","Dallas","32.7742584","-96.7976775"
"08/13/2023","AQS","481130050","3","9.5","ug/m3 LC","52","Convention Center","1","100.0000","88101","PM2.5 - Local Conditions","209","Met One BAM-1022 Mass Monitor w/ VSCC or TE-PM2.5C","19100","Dallas-Fort Worth-Arlington, TX","48","Texas","113","Dallas","32.7742584","-96.7976775"
"08/14/2023","AQS","481130050","3","8.9","ug/m3 LC","49","Convention Center","1","100.0000","88101","PM2.5 - Local Conditions","209","Met One BAM-1022 Mass Monitor w/ VSCC or TE-PM2.5C","19100","Dallas-Fort Worth-Arlington, TX","48","Texas","113","Dallas","32.7742584","-96.7976775"
"08/15/2023","AQS","481130050","3","4.7","ug/m3 LC","26","Convention Center","1","100.0000","88101","PM2.5 - Local Conditions","209","Met One BAM-1022 Mass Monitor w/ VSCC or TE-PM2.5C","19100","Dallas-Fort Worth-Arlington, TX","48","Texas","113","Dallas","32.7742584","-96.7976775"
"08/16/2023","AQS","481130050","3","5.5","ug/m3 LC","31","Convention Center","1","100.0000","88101","PM2.5 - Local Conditions","209","Met One BAM-1022 Mass Monitor w/ VSCC or TE-PM2.5C","19100","Dallas-Fort Worth-Arlington, TX","48","Texas","113","Dallas","32.7742584","-96.7976775"
"08/17/2023","AQS","481130050","3","11.6","ug/m3 LC","56","Convention Center","1","100.0000","88101","PM2.5 - Local Conditions","209","Met One BAM-1022 Mass Monitor w/ VSCC or TE-PM2.5C","19100","Dallas-Fort Worth-Arlington, TX","48","Texas","113","Dallas","32.7742584","-96.7976775"
"08/18/2023","AQS","481130050","3","11.6","ug/m3 LC","56","Convention Center","1","100.0000","88101","PM2.5 - Local Conditions","209","Met One BAM-1022 Mass Monitor w/ VSCC or TE-PM2.5C","19100","Dallas-Fort Worth-Arlington, TX","48","Texas","113","Dallas","32.7742584","-96.7976775"
"08/19/2023","AQS","481130050","3","10.9","ug/m3 LC","54","Convention Center","1","100.0000","88101","PM2.5 - Local Conditions","209","Met One BAM-1022 Mass Monitor w/ VSCC or TE-PM2.5C","19100","Dallas-Fort Worth-Arlington, TX","48","Texas","113","Dallas","32.7742584","-96.7976775"
"08/20/2023","AQS","481130050","3","13.9","ug/m3 LC","60","Convention Center","1","100.0000","88101","PM2.5 - Local Conditions","209","Met One BAM-1022 Mass Monitor w/ VSCC or TE-PM2.5C","19100","Dallas-Fort Worth-Arlington, TX","48","Texas","113","Dallas","32.7742584","-96.7976775"
"08/21/2023","AQS","481130050","3","20.4","ug/m3 LC","72","Convention Center","1","100.0000","88101","PM2.5 - Local Conditions","209","Met One BAM-1022 Mass Monitor w/ VSCC or TE-PM2.5C","19100","Dallas-Fort Worth-Arlington, TX","48","Texas","113","Dallas","32.7742584","-96.7976775"
"08/22/2023","AQS","481130050","3","18.2","ug/m3 LC","68","Convention Center","1","100.0000","88101","PM2.5 - Local Conditions","209","Met One BAM-1022 Mass Monitor w/ VSCC or TE-PM2.5C","19100","Dallas-Fort Worth-Arlington, TX","48","Texas","113","Dallas","32.7742584","-96.7976775"
"08/23/2023","AQS","481130050","3","17.5","ug/m3 LC","67","Convention Center","1","100.0000","88101","PM2.5 - Local Conditions","209","Met One BAM-1022 Mass Monitor w/ VSCC or TE-PM2.5C","19100","Dallas-Fort Worth-Arlington, TX","48","Texas","113","Dallas","32.7742584","-96.7976775"
"08/24/2023","AQS","481130050","3","20.1","ug/m3 LC","71","Convention Center","1","100.0000","88101","PM2.5 - Local Conditions","209","Met One BAM-1022 Mass Monitor w/ VSCC or TE-PM2.5C","19100","Dallas-Fort Worth-Arlington, TX","48","Texas","113","Dallas","32.7742584","-96.7976775"
"08/25/2023","AQS","481130050","3","20.5","ug/m3 LC","72","Convention Center","1","100.0000","88101","PM2.5 - Local Conditions","209","Met One BAM-1022 Mass Monitor w/ VSCC or TE-PM2.5C","19100","Dallas-Fort Worth-Arlington, TX","48","Texas","113","Dallas","32.7742584","-96.7976775"
"08/26/2023","AQS","481130050","3","18.8","ug/m3 LC","69","Convention Center","1","100.0000","88101","PM2.5 - Local Conditions","209","Met One BAM-1022 Mass Monitor w/ VSCC or TE-PM2.5C","19100","Dallas-Fort Worth-Arlington, TX","48","Texas","113","Dallas","32.7742584","-96.7976775"
"08/27/2023","AQS","481130050","3","11.7","ug/m3 LC","56","Convention Center","1","100.0000","88101","PM2.5 - Local Conditions","209","Met One BAM-1022 Mass Monitor w/ VSCC or TE-PM2.5C","19100","Dallas-Fort Worth-Arlington, TX","48","Texas","113","Dallas","32.7742584","-96.7976775"
"08/28/2023","AQS","481130050","3","8.3","ug/m3 LC","46","Convention Center","1","100.0000","88101","PM2.5 - Local Conditions","209","Met One BAM-1022 Mass Monitor w/ VSCC or TE-PM2.5C","19100","Dallas-Fort Worth-Arlington, TX","48","Texas","113","Dallas","32.7742584","-96.7976775"
"08/29/2023","AQS","481130050","3","11.3","ug/m3 LC","55","Convention Center","1","100.0000","88101","PM2.5 - Local Conditions","209","Met One BAM-1022 Mass Monitor w/ VSCC or TE-PM2.5C","19100","Dallas-Fort Worth-Arlington, TX","48","Texas","113","Dallas","32.7742584","-96.7976775"
"08/30/2023","AQS","481130050","3","13.4","ug/m3 LC","59","Convention Center","1","100.0000","88101","PM2.5 - Local Conditions","209","Met One BAM-1022 Mass Monitor w/ VSCC or TE-PM2.5C","19100","Dallas-Fort Worth-Arlington, TX","48","Texas","113","Dallas","32.7742584","-96.7976775"
"08/31/2023","AQS","481130050","3","19.4","ug/m3 LC","70","Convention Center","1","100.0000","88101","PM2.5 - Local Conditions","209","Met One BAM-1022 Mass Monitor w/ VSCC or TE-PM2.5C","19100","Dallas-Fort Worth-Arlington, TX","48","Texas","113","Dallas","32.7742584","-96.7976775"
"09/01/2023","AQS","481130050","3","13.5","ug/m3 LC","59","Convention Center","1","100.0000","88101","PM2.5 - Local Conditions","209","Met One BAM-1022 Mass Monitor w/ VSCC or TE-PM2.5C","19100","Dallas-Fort Worth-Arlington, TX","48","Texas","113","Dallas","32.7742584","-96.7976775"
"09/02/2023","AQS","481130050","3","13.5","ug/m3 LC","59","Convention Center","1","100.0000","88101","PM2.5 - Local Conditions","209","Met One BAM-1022 Mass Monitor w/ VSCC or TE-PM2.5C","19100","Dallas-Fort Worth-Arlington, TX","48","Texas","113","Dallas","32.7742584","-96.7976775"
"09/12/2023","AQS","481130050","3","11.8","ug/m3 LC","56","Convention Center","1","100.0000","88101","PM2.5 - Local Conditions","209","Met One BAM-1022 Mass Monitor w/ VSCC or TE-PM2.5C","19100","Dallas-Fort Worth-Arlington, TX","48","Texas","113","Dallas","32.7742584","-96.7976775"
"09/13/2023","AQS","481130050","3","11.1","ug/m3 LC","55","Convention Center","1","100.0000","88101","PM2.5 - Local Conditions","209","Met One BAM-1022 Mass Monitor w/ VSCC or TE-PM2.5C","19100","Dallas-Fort Worth-Arlington, TX","48","Texas","113","Dallas","32.7742584","-96.7976775"
"09/14/2023","AQS","481130050","3","10.5","ug/m3 LC","54","Convention Center","1","100.0000","88101","PM2.5 - Local Conditions","209","Met One BAM-1022 Mass Monitor w/ VSCC or TE-PM2.5C","19100","Dallas-Fort Worth-Arlington, TX","48","Texas","113","Dallas","32.7742584","-96.7976775"
"09/15/2023","AQS","481130050","3","11.6","ug/m3 LC","56","Convention Center","1","100.0000","88101","PM2.5 - Local Conditions","209","Met One BAM-1022 Mass Monitor w/ VSCC or TE-PM2.5C","19100","Dallas-Fort Worth-Arlington, TX","48","Texas","113","Dallas","32.7742584","-96.7976775"
"09/16/2023","AQS","481130050","3","12.6","ug/m3 LC","58","Convention Center","1","100.0000","88101","PM2.5 - Local Conditions","209","Met One BAM-1022 Mass Monitor w/ VSCC or TE-PM2.5C","19100","Dallas-Fort Worth-Arlington, TX","48","Texas","113","Dallas","32.7742584","-96.7976775"
"09/17/2023","AQS","481130050","3","10.9","ug/m3 LC","54","Convention Center","1","100.0000","88101","PM2.5 - Local Conditions","209","Met One BAM-1022 Mass Monitor w/ VSCC or TE-PM2.5C","19100","Dallas-Fort Worth-Arlington, TX","48","Texas","113","Dallas","32.7742584","-96.7976775"
"09/18/2023","AQS","481130050","3","12.4","ug/m3 LC","57","Convention Center","1","100.0000","88101","PM2.5 - Local Conditions","209","Met One BAM-1022 Mass Monitor w/ VSCC or TE-PM2.5C","19100","Dallas-Fort Worth-Arlington, TX","48","Texas","113","Dallas","32.7742584","-96.7976775"
"09/19/2023","AQS","481130050","3","13.3","ug/m3 LC","59","Convention Center","1","100.0000","88101","PM2.5 - Local Conditions","209","Met One BAM-1022 Mass Monitor w/ VSCC or TE-PM2.5C","19100","Dallas-Fort Worth-Arlington, TX","48","Texas","113","Dallas","32.7742584","-96.7976775"
"09/20/2023","AQS","481130050","3","11.1","ug/m3 LC","55","Convention Center","1","100.0000","88101","PM2.5 - Local Conditions","209","Met One BAM-1022 Mass Monitor w/ VSCC or TE-PM2.5C","19100","Dallas-Fort Worth-Arlington, TX","48","Texas","113","Dallas","32.7742584","-96.7976775"
"09/21/2023","AQS","481130050","3","9.8","ug/m3 LC","52","Convention Center","1","100.0000","88101","PM2.5 - Local Conditions","209","Met One BAM-1022 Mass Monitor w/ VSCC or TE-PM2.5C","19100","Dallas-Fort Worth-Arlington, TX","48","Texas","113","Dallas","32.7742584","-96.7976775"
"09/22/2023","AQS","481130050","3","8.3","ug/m3 LC","46","Convention Center","1","100.0000","88101","PM2.5 - Local Conditions","209","Met One BAM-1022 Mass Monitor w/ VSCC or TE-PM2.5C","19100","Dallas-Fort Worth-Arlington, TX","48","Texas","113","Dallas","32.7742584","-96.7976775"
"09/23/2023","AQS","481130050","3","8.2","ug/m3 LC","46","Convention Center","1","100.0000","88101","PM2.5 - Local Conditions","209","Met One BAM-1022 Mass Monitor w/ VSCC or TE-PM2.5C","19100","Dallas-Fort Worth-Arlington, TX","48","Texas","113","Dallas","32.7742584","-96.7976775"
"09/24/2023","AQS","481130050","3","5.8","ug/m3 LC","32","Convention Center","1","100.0000","88101","PM2.5 - Local Conditions","209","Met One BAM-1022 Mass Monitor w/ VSCC or TE-PM2.5C","19100","Dallas-Fort Worth-Arlington, TX","48","Texas","113","Dallas","32.7742584","-96.7976775"
"09/25/2023","AQS","481130050","3","7","ug/m3 LC","39","Convention Center","1","100.0000","88101","PM2.5 - Local Conditions","209","Met One BAM-1022 Mass Monitor w/ VSCC or TE-PM2.5C","19100","Dallas-Fort Worth-Arlington, TX","48","Texas","113","Dallas","32.7742584","-96.7976775"
"09/26/2023","AQS","481130050","3","10.2","ug/m3 LC","53","Convention Center","1","100.0000","88101","PM2.5 - Local Conditions","209","Met One BAM-1022 Mass Monitor w/ VSCC or TE-PM2.5C","19100","Dallas-Fort Worth-Arlington, TX","48","Texas","113","Dallas","32.7742584","-96.7976775"
"09/27/2023","AQS","481130050","3","15.8","ug/m3 LC","63","Convention Center","1","100.0000","88101","PM2.5 - Local Conditions","209","Met One BAM-1022 Mass Monitor w/ VSCC or TE-PM2.5C","19100","Dallas-Fort Worth-Arlington, TX","48","Texas","113","Dallas","32.7742584","-96.7976775"
"09/28/2023","AQS","481130050","3","15.8","ug/m3 LC","63","Convention Center","1","100.0000","88101","PM2.5 - Local Conditions","209","Met One BAM-1022 Mass Monitor w/ VSCC or TE-PM2.5C","19100","Dallas-Fort Worth-Arlington, TX","48","Texas","113","Dallas","32.7742584","-96.7976775"
"09/29/2023","AQS","481130050","3","14.3","ug/m3 LC","61","Convention Center","1","100.0000","88101","PM2.5 - Local Conditions","209","Met One BAM-1022 Mass Monitor w/ VSCC or TE-PM2.5C","19100","Dallas-Fort Worth-Arlington, TX","48","Texas","113","Dallas","32.7742584","-96.7976775"
"09/30/2023","AQS","481130050","3","9.9","ug/m3 LC","52","Convention Center","1","100.0000","88101","PM2.5 - Local Conditions","209","Met One BAM-1022 Mass Monitor w/ VSCC or TE-PM2.5C","19100","Dallas-Fort Worth-Arlington, TX","48","Texas","113","Dallas","32.7742584","-96.7976775"
"10/01/2023","AQS","481130050","3","11.9","ug/m3 LC","56","Convention Center","1","100.0000","88101","PM2.5 - Local Conditions","209","Met One BAM-1022 Mass Monitor w/ VSCC or TE-PM2.5C","19100","Dallas-Fort Worth-Arlington, TX","48","Texas","113","Dallas","32.7742584","-96.7976775"
"10/02/2023","AQS","481130050","3","14.5","ug/m3 LC","61","Convention Center","1","100.0000","88101","PM2.5 - Local Conditions","209","Met One BAM-1022 Mass Monitor w/ VSCC or TE-PM2.5C","19100","Dallas-Fort Worth-Arlington, TX","48","Texas","113","Dallas","32.7742584","-96.7976775"
"10/03/2023","AQS","481130050","3","9.5","ug/m3 LC","52","Convention Center","1","100.0000","88101","PM2.5 - Local Conditions","209","Met One BAM-1022 Mass Monitor w/ VSCC or TE-PM2.5C","19100","Dallas-Fort Worth-Arlington, TX","48","Texas","113","Dallas","32.7742584","-96.7976775"
"10/04/2023","AQS","481130050","3","6.3","ug/m3 LC","35","Convention Center","1","100.0000","88101","PM2.5 - Local Conditions","209","Met One BAM-1022 Mass Monitor w/ VSCC or TE-PM2.5C","19100","Dallas-Fort Worth-Arlington, TX","48","Texas","113","Dallas","32.7742584","-96.7976775"
"10/05/2023","AQS","481130050","3","4.2","ug/m3 LC","23","Convention Center","1","100.0000","88101","PM2.5 - Local Conditions","209","Met One BAM-1022 Mass Monitor w/ VSCC or TE-PM2.5C","19100","Dallas-Fort Worth-Arlington, TX","48","Texas","113","Dallas","32.7742584","-96.7976775"
"10/06/2023","AQS","481130050","3","4.6","ug/m3 LC","26","Convention Center","1","100.0000","88101","PM2.5 - Local Conditions","209","Met One BAM-1022 Mass Monitor w/ VSCC or TE-PM2.5C","19100","Dallas-Fort Worth-Arlington, TX","48","Texas","113","Dallas","32.7742584","-96.7976775"
"10/07/2023","AQS","481130050","3","3.7","ug/m3 LC","21","Convention Center","1","100.0000","88101","PM2.5 - Local Conditions","209","Met One BAM-1022 Mass Monitor w/ VSCC or TE-PM2.5C","19100","Dallas-Fort Worth-Arlington, TX","48","Texas","113","Dallas","32.7742584","-96.7976775"
"10/08/2023","AQS","481130050","3","10.1","ug/m3 LC","53","Convention Center","1","100.0000","88101","PM2.5 - Local Conditions","209","Met One BAM-1022 Mass Monitor w/ VSCC or TE-PM2.5C","19100","Dallas-Fort Worth-Arlington, TX","48","Texas","113","Dallas","32.7742584","-96.7976775"
"10/09/2023","AQS","481130050","3","7.5","ug/m3 LC","42","Convention Center","1","100.0000","88101","PM2.5 - Local Conditions","209","Met One BAM-1022 Mass Monitor w/ VSCC or TE-PM2.5C","19100","Dallas-Fort Worth-Arlington, TX","48","Texas","113","Dallas","32.7742584","-96.7976775"
"10/10/2023","AQS","481130050","3","7.1","ug/m3 LC","39","Convention Center","1","100.0000","88101","PM2.5 - Local Conditions","209","Met One BAM-1022 Mass Monitor w/ VSCC or TE-PM2.5C","19100","Dallas-Fort Worth-Arlington, TX","48","Texas","113","Dallas","32.7742584","-96.7976775"
"10/11/2023","AQS","481130050","3","6","ug/m3 LC","33","Convention Center","1","100.0000","88101","PM2.5 - Local Conditions","209","Met One BAM-1022 Mass Monitor w/ VSCC or TE-PM2.5C","19100","Dallas-Fort Worth-Arlington, TX","48","Texas","113","Dallas","32.7742584","-96.7976775"
"10/12/2023","AQS","481130050","3","8.7","ug/m3 LC","48","Convention Center","1","100.0000","88101","PM2.5 - Local Conditions","209","Met One BAM-1022 Mass Monitor w/ VSCC or TE-PM2.5C","19100","Dallas-Fort Worth-Arlington, TX","48","Texas","113","Dallas","32.7742584","-96.7976775"
"10/13/2023","AQS","481130050","3","4.4","ug/m3 LC","24","Convention Center","1","100.0000","88101","PM2.5 - Local Conditions","209","Met One BAM-1022 Mass Monitor w/ VSCC or TE-PM2.5C","19100","Dallas-Fort Worth-Arlington, TX","48","Texas","113","Dallas","32.7742584","-96.7976775"
"10/14/2023","AQS","481130050","3","2.8","ug/m3 LC","16","Convention Center","1","100.0000","88101","PM2.5 - Local Conditions","209","Met One BAM-1022 Mass Monitor w/ VSCC or TE-PM2.5C","19100","Dallas-Fort Worth-Arlington, TX","48","Texas","113","Dallas","32.7742584","-96.7976775"
"10/15/2023","AQS","481130050","3","1.6","ug/m3 LC","9","Convention Center","1","100.0000","88101","PM2.5 - Local Conditions","209","Met One BAM-1022 Mass Monitor w/ VSCC or TE-PM2.5C","19100","Dallas-Fort Worth-Arlington, TX","48","Texas","113","Dallas","32.7742584","-96.7976775"
"10/16/2023","AQS","481130050","3","3.7","ug/m3 LC","21","Convention Center","1","100.0000","88101","PM2.5 - Local Conditions","209","Met One BAM-1022 Mass Monitor w/ VSCC or TE-PM2.5C","19100","Dallas-Fort Worth-Arlington, TX","48","Texas","113","Dallas","32.7742584","-96.7976775"
"10/17/2023","AQS","481130050","3","9.1","ug/m3 LC","51","Convention Center","1","100.0000","88101","PM2.5 - Local Conditions","209","Met One BAM-1022 Mass Monitor w/ VSCC or TE-PM2.5C","19100","Dallas-Fort Worth-Arlington, TX","48","Texas","113","Dallas","32.7742584","-96.7976775"
"10/18/2023","AQS","481130050","3","7.1","ug/m3 LC","39","Convention Center","1","100.0000","88101","PM2.5 - Local Conditions","209","Met One BAM-1022 Mass Monitor w/ VSCC or TE-PM2.5C","19100","Dallas-Fort Worth-Arlington, TX","48","Texas","113","Dallas","32.7742584","-96.7976775"
"10/19/2023","AQS","481130050","3","9.1","ug/m3 LC","51","Convention Center","1","100.0000","88101","PM2.5 - Local Conditions","209","Met One BAM-1022 Mass Monitor w/ VSCC or TE-PM2.5C","19100","Dallas-Fort Worth-Arlington, TX","48","Texas","113","Dallas","32.7742584","-96.7976775"
"10/20/2023","AQS","481130050","3","10.2","ug/m3 LC","53","Convention Center","1","100.0000","88101","PM2.5 - Local Conditions","209","Met One BAM-1022 Mass Monitor w/ VSCC or TE-PM2.5C","19100","Dallas-Fort Worth-Arlington, TX","48","Texas","113","Dallas","32.7742584","-96.7976775"
"10/21/2023","AQS","481130050","3","12","ug/m3 LC","56","Convention Center","1","100.0000","88101","PM2.5 - Local Conditions","209","Met One BAM-1022 Mass Monitor w/ VSCC or TE-PM2.5C","19100","Dallas-Fort Worth-Arlington, TX","48","Texas","113","Dallas","32.7742584","-96.7976775"
"10/22/2023","AQS","481130050","3","8.6","ug/m3 LC","48","Convention Center","1","100.0000","88101","PM2.5 - Local Conditions","209","Met One BAM-1022 Mass Monitor w/ VSCC or TE-PM2.5C","19100","Dallas-Fort Worth-Arlington, TX","48","Texas","113","Dallas","32.7742584","-96.7976775"
"10/23/2023","AQS","481130050","3","8.8","ug/m3 LC","49","Convention Center","1","100.0000","88101","PM2.5 - Local Conditions","209","Met One BAM-1022 Mass Monitor w/ VSCC or TE-PM2.5C","19100","Dallas-Fort Worth-Arlington, TX","48","Texas","113","Dallas","32.7742584","-96.7976775"
"10/24/2023","AQS","481130050","3","9.6","ug/m3 LC","52","Convention Center","1","100.0000","88101","PM2.5 - Local Conditions","209","Met One BAM-1022 Mass Monitor w/ VSCC or TE-PM2.5C","19100","Dallas-Fort Worth-Arlington, TX","48","Texas","113","Dallas","32.7742584","-96.7976775"
"10/25/2023","AQS","481130050","3","8.5","ug/m3 LC","47","Convention Center","1","100.0000","88101","PM2.5 - Local Conditions","209","Met One BAM-1022 Mass Monitor w/ VSCC or TE-PM2.5C","19100","Dallas-Fort Worth-Arlington, TX","48","Texas","113","Dallas","32.7742584","-96.7976775"
"10/26/2023","AQS","481130050","3","5.3","ug/m3 LC","29","Convention Center","1","100.0000","88101","PM2.5 - Local Conditions","209","Met One BAM-1022 Mass Monitor w/ VSCC or TE-PM2.5C","19100","Dallas-Fort Worth-Arlington, TX","48","Texas","113","Dallas","32.7742584","-96.7976775"
"10/27/2023","AQS","481130050","3","8.1","ug/m3 LC","45","Convention Center","1","100.0000","88101","PM2.5 - Local Conditions","209","Met One BAM-1022 Mass Monitor w/ VSCC or TE-PM2.5C","19100","Dallas-Fort Worth-Arlington, TX","48","Texas","113","Dallas","32.7742584","-96.7976775"
"10/28/2023","AQS","481130050","3","4.1","ug/m3 LC","23","Convention Center","1","100.0000","88101","PM2.5 - Local Conditions","209","Met One BAM-1022 Mass Monitor w/ VSCC or TE-PM2.5C","19100","Dallas-Fort Worth-Arlington, TX","48","Texas","113","Dallas","32.7742584","-96.7976775"
"10/29/2023","AQS","481130050","3","1.1","ug/m3 LC","6","Convention Center","1","100.0000","88101","PM2.5 - Local Conditions","209","Met One BAM-1022 Mass Monitor w/ VSCC or TE-PM2.5C","19100","Dallas-Fort Worth-Arlington, TX","48","Texas","113","Dallas","32.7742584","-96.7976775"
"10/30/2023","AQS","481130050","3","3.9","ug/m3 LC","22","Convention Center","1","100.0000","88101","PM2.5 - Local Conditions","209","Met One BAM-1022 Mass Monitor w/ VSCC or TE-PM2.5C","19100","Dallas-Fort Worth-Arlington, TX","48","Texas","113","Dallas","32.7742584","-96.7976775"
"10/31/2023","AQS","481130050","3","5.1","ug/m3 LC","28","Convention Center","1","100.0000","88101","PM2.5 - Local Conditions","209","Met One BAM-1022 Mass Monitor w/ VSCC or TE-PM2.5C","19100","Dallas-Fort Worth-Arlington, TX","48","Texas","113","Dallas","32.7742584","-96.7976775"
"11/01/2023","AQS","481130050","3","6.7","ug/m3 LC","37","Convention Center","1","100.0000","88101","PM2.5 - Local Conditions","209","Met One BAM-1022 Mass Monitor w/ VSCC or TE-PM2.5C","19100","Dallas-Fort Worth-Arlington, TX","48","Texas","113","Dallas","32.7742584","-96.7976775"
"11/02/2023","AQS","481130050","3","13.1","ug/m3 LC","58","Convention Center","1","100.0000","88101","PM2.5 - Local Conditions","209","Met One BAM-1022 Mass Monitor w/ VSCC or TE-PM2.5C","19100","Dallas-Fort Worth-Arlington, TX","48","Texas","113","Dallas","32.7742584","-96.7976775"
"11/03/2023","AQS","481130050","3","12.9","ug/m3 LC","58","Convention Center","1","100.0000","88101","PM2.5 - Local Conditions","209","Met One BAM-1022 Mass Monitor w/ VSCC or TE-PM2.5C","19100","Dallas-Fort Worth-Arlington, TX","48","Texas","113","Dallas","32.7742584","-96.7976775"
"11/04/2023","AQS","481130050","3","12.5","ug/m3 LC","57","Convention Center","1","100.0000","88101","PM2.5 - Local Conditions","209","Met One BAM-1022 Mass Monitor w/ VSCC or TE-PM2.5C","19100","Dallas-Fort Worth-Arlington, TX","48","Texas","113","Dallas","32.7742584","-96.7976775"
"11/05/2023","AQS","481130050","3","8.6","ug/m3 LC","48","Convention Center","1","100.0000","88101","PM2.5 - Local Conditions","209","Met One BAM-1022 Mass Monitor w/ VSCC or TE-PM2.5C","19100","Dallas-Fort Worth-Arlington, TX","48","Texas","113","Dallas","32.7742584","-96.7976775"
"11/06/2023","AQS","481130050","3","6.8","ug/m3 LC","38","Convention Center","1","100.0000","88101","PM2.5 - Local Conditions","209","Met One BAM-1022 Mass Monitor w/ VSCC or TE-PM2.5C","19100","Dallas-Fort Worth-Arlington, TX","48","Texas","113","Dallas","32.7742584","-96.7976775"
"11/07/2023","AQS","481130050","3","6","ug/m3 LC","33","Convention Center","1","100.0000","88101","PM2.5 - Local Conditions","209","Met One BAM-1022 Mass Monitor w/ VSCC or TE-PM2.5C","19100","Dallas-Fort Worth-Arlington, TX","48","Texas","113","Dallas","32.7742584","-96.7976775"
"11/08/2023","AQS","481130050","3","6.6","ug/m3 LC","37","Convention Center","1","100.0000","88101","PM2.5 - Local Conditions","209","Met One BAM-1022 Mass Monitor w/ VSCC or TE-PM2.5C","19100","Dallas-Fort Worth-Arlington, TX","48","Texas","113","Dallas","32.7742584","-96.7976775"
"11/09/2023","AQS","481130050","3","6","ug/m3 LC","33","Convention Center","1","100.0000","88101","PM2.5 - Local Conditions","209","Met One BAM-1022 Mass Monitor w/ VSCC or TE-PM2.5C","19100","Dallas-Fort Worth-Arlington, TX","48","Texas","113","Dallas","32.7742584","-96.7976775"
"11/10/2023","AQS","481130050","3","3.4","ug/m3 LC","19","Convention Center","1","100.0000","88101","PM2.5 - Local Conditions","209","Met One BAM-1022 Mass Monitor w/ VSCC or TE-PM2.5C","19100","Dallas-Fort Worth-Arlington, TX","48","Texas","113","Dallas","32.7742584","-96.7976775"
"11/11/2023","AQS","481130050","3","5.4","ug/m3 LC","30","Convention Center","1","100.0000","88101","PM2.5 - Local Conditions","209","Met One BAM-1022 Mass Monitor w/ VSCC or TE-PM2.5C","19100","Dallas-Fort Worth-Arlington, TX","48","Texas","113","Dallas","32.7742584","-96.7976775"
"11/12/2023","AQS","481130050","3","9.5","ug/m3 LC","52","Convention Center","1","100.0000","88101","PM2.5 - Local Conditions","209","Met One BAM-1022 Mass Monitor w/ VSCC or TE-PM2.5C","19100","Dallas-Fort Worth-Arlington, TX","48","Texas","113","Dallas","32.7742584","-96.7976775"
"11/13/2023","AQS","481130050","3","7.4","ug/m3 LC","41","Convention Center","1","100.0000","88101","PM2.5 - Local Conditions","209","Met One BAM-1022 Mass Monitor w/ VSCC or TE-PM2.5C","19100","Dallas-Fort Worth-Arlington, TX","48","Texas","113","Dallas","32.7742584","-96.7976775"
"11/14/2023","AQS","481130050","3","11.2","ug/m3 LC","55","Convention Center","1","100.0000","88101","PM2.5 - Local Conditions","209","Met One BAM-1022 Mass Monitor w/ VSCC or TE-PM2.5C","19100","Dallas-Fort Worth-Arlington, TX","48","Texas","113","Dallas","32.7742584","-96.7976775"
"11/15/2023","AQS","481130050","3","17","ug/m3 LC","66","Convention Center","1","100.0000","88101","PM2.5 - Local Conditions","209","Met One BAM-1022 Mass Monitor w/ VSCC or TE-PM2.5C","19100","Dallas-Fort Worth-Arlington, TX","48","Texas","113","Dallas","32.7742584","-96.7976775"
"11/16/2023","AQS","481130050","3","8.9","ug/m3 LC","49","Convention Center","1","100.0000","88101","PM2.5 - Local Conditions","209","Met One BAM-1022 Mass Monitor w/ VSCC or TE-PM2.5C","19100","Dallas-Fort Worth-Arlington, TX","48","Texas","113","Dallas","32.7742584","-96.7976775"
"11/17/2023","AQS","481130050","3","11.2","ug/m3 LC","55","Convention Center","1","100.0000","88101","PM2.5 - Local Conditions","209","Met One BAM-1022 Mass Monitor w/ VSCC or TE-PM2.5C","19100","Dallas-Fort Worth-Arlington, TX","48","Texas","113","Dallas","32.7742584","-96.7976775"
"11/18/2023","AQS","481130050","3","11.9","ug/m3 LC","56","Convention Center","1","100.0000","88101","PM2.5 - Local Conditions","209","Met One BAM-1022 Mass Monitor w/ VSCC or TE-PM2.5C","19100","Dallas-Fort Worth-Arlington, TX","48","Texas","113","Dallas","32.7742584","-96.7976775"
"11/19/2023","AQS","481130050","3","17.4","ug/m3 LC","66","Convention Center","1","100.0000","88101","PM2.5 - Local Conditions","209","Met One BAM-1022 Mass Monitor w/ VSCC or TE-PM2.5C","19100","Dallas-Fort Worth-Arlington, TX","48","Texas","113","Dallas","32.7742584","-96.7976775"
"11/20/2023","AQS","481130050","3","8.6","ug/m3 LC","48","Convention Center","1","100.0000","88101","PM2.5 - Local Conditions","209","Met One BAM-1022 Mass Monitor w/ VSCC or TE-PM2.5C","19100","Dallas-Fort Worth-Arlington, TX","48","Texas","113","Dallas","32.7742584","-96.7976775"
"11/21/2023","AQS","481130050","3","2.9","ug/m3 LC","16","Convention Center","1","100.0000","88101","PM2.5 - Local Conditions","209","Met One BAM-1022 Mass Monitor w/ VSCC or TE-PM2.5C","19100","Dallas-Fort Worth-Arlington, TX","48","Texas","113","Dallas","32.7742584","-96.7976775"
"11/22/2023","AQS","481130050","3","7.3","ug/m3 LC","41","Convention Center","1","100.0000","88101","PM2.5 - Local Conditions","209","Met One BAM-1022 Mass Monitor w/ VSCC or TE-PM2.5C","19100","Dallas-Fort Worth-Arlington, TX","48","Texas","113","Dallas","32.7742584","-96.7976775"
"11/23/2023","AQS","481130050","3","9.2","ug/m3 LC","51","Convention Center","1","100.0000","88101","PM2.5 - Local Conditions","209","Met One BAM-1022 Mass Monitor w/ VSCC or TE-PM2.5C","19100","Dallas-Fort Worth-Arlington, TX","48","Texas","113","Dallas","32.7742584","-96.7976775"
"11/24/2023","AQS","481130050","3","12.9","ug/m3 LC","58","Convention Center","1","100.0000","88101","PM2.5 - Local Conditions","209","Met One BAM-1022 Mass Monitor w/ VSCC or TE-PM2.5C","19100","Dallas-Fort Worth-Arlington, TX","48","Texas","113","Dallas","32.7742584","-96.7976775"
"11/25/2023","AQS","481130050","3","14.5","ug/m3 LC","61","Convention Center","1","100.0000","88101","PM2.5 - Local Conditions","209","Met One BAM-1022 Mass Monitor w/ VSCC or TE-PM2.5C","19100","Dallas-Fort Worth-Arlington, TX","48","Texas","113","Dallas","32.7742584","-96.7976775"
"11/26/2023","AQS","481130050","3","4.5","ug/m3 LC","25","Convention Center","1","100.0000","88101","PM2.5 - Local Conditions","209","Met One BAM-1022 Mass Monitor w/ VSCC or TE-PM2.5C","19100","Dallas-Fort Worth-Arlington, TX","48","Texas","113","Dallas","32.7742584","-96.7976775"
"11/27/2023","AQS","481130050","3","8.3","ug/m3 LC","46","Convention Center","1","100.0000","88101","PM2.5 - Local Conditions","209","Met One BAM-1022 Mass Monitor w/ VSCC or TE-PM2.5C","19100","Dallas-Fort Worth-Arlington, TX","48","Texas","113","Dallas","32.7742584","-96.7976775"
"11/28/2023","AQS","481130050","3","10.8","ug/m3 LC","54","Convention Center","1","100.0000","88101","PM2.5 - Local Conditions","209","Met One BAM-1022 Mass Monitor w/ VSCC or TE-PM2.5C","19100","Dallas-Fort Worth-Arlington, TX","48","Texas","113","Dallas","32.7742584","-96.7976775"
"11/29/2023","AQS","481130050","3","10.1","ug/m3 LC","53","Convention Center","1","100.0000","88101","PM2.5 - Local Conditions","209","Met One BAM-1022 Mass Monitor w/ VSCC or TE-PM2.5C","19100","Dallas-Fort Worth-Arlington, TX","48","Texas","113","Dallas","32.7742584","-96.7976775"
"11/30/2023","AQS","481130050","3","10.1","ug/m3 LC","53","Convention Center","1","100.0000","88101","PM2.5 - Local Conditions","209","Met One BAM-1022 Mass Monitor w/ VSCC or TE-PM2.5C","19100","Dallas-Fort Worth-Arlington, TX","48","Texas","113","Dallas","32.7742584","-96.7976775"
"12/01/2023","AQS","481130050","3","4.5","ug/m3 LC","25","Convention Center","1","100.0000","88101","PM2.5 - Local Conditions","209","Met One BAM-1022 Mass Monitor w/ VSCC or TE-PM2.5C","19100","Dallas-Fort Worth-Arlington, TX","48","Texas","113","Dallas","32.7742584","-96.7976775"
"12/02/2023","AQS","481130050","3","8.8","ug/m3 LC","49","Convention Center","1","100.0000","88101","PM2.5 - Local Conditions","209","Met One BAM-1022 Mass Monitor w/ VSCC or TE-PM2.5C","19100","Dallas-Fort Worth-Arlington, TX","48","Texas","113","Dallas","32.7742584","-96.7976775"
"12/03/2023","AQS","481130050","3","4.4","ug/m3 LC","24","Convention Center","1","100.0000","88101","PM2.5 - Local Conditions","209","Met One BAM-1022 Mass Monitor w/ VSCC or TE-PM2.5C","19100","Dallas-Fort Worth-Arlington, TX","48","Texas","113","Dallas","32.7742584","-96.7976775"
"12/04/2023","AQS","481130050","3","5","ug/m3 LC","28","Convention Center","1","100.0000","88101","PM2.5 - Local Conditions","209","Met One BAM-1022 Mass Monitor w/ VSCC or TE-PM2.5C","19100","Dallas-Fort Worth-Arlington, TX","48","Texas","113","Dallas","32.7742584","-96.7976775"
"12/05/2023","AQS","481130050","3","11","ug/m3 LC","55","Convention Center","1","100.0000","88101","PM2.5 - Local Conditions","209","Met One BAM-1022 Mass Monitor w/ VSCC or TE-PM2.5C","19100","Dallas-Fort Worth-Arlington, TX","48","Texas","113","Dallas","32.7742584","-96.7976775"
"12/09/2023","AQS","481130050","3","2.6","ug/m3 LC","14","Convention Center","1","100.0000","88101","PM2.5 - Local Conditions","209","Met One BAM-1022 Mass Monitor w/ VSCC or TE-PM2.5C","19100","Dallas-Fort Worth-Arlington, TX","48","Texas","113","Dallas","32.7742584","-96.7976775"
"12/10/2023","AQS","481130050","3","4.8","ug/m3 LC","27","Convention Center","1","100.0000","88101","PM2.5 - Local Conditions","209","Met One BAM-1022 Mass Monitor w/ VSCC or TE-PM2.5C","19100","Dallas-Fort Worth-Arlington, TX","48","Texas","113","Dallas","32.7742584","-96.7976775"
"12/11/2023","AQS","481130050","3","8.3","ug/m3 LC","46","Convention Center","1","100.0000","88101","PM2.5 - Local Conditions","209","Met One BAM-1022 Mass Monitor w/ VSCC or TE-PM2.5C","19100","Dallas-Fort Worth-Arlington, TX","48","Texas","113","Dallas","32.7742584","-96.7976775"
"12/12/2023","AQS","481130050","3","10.3","ug/m3 LC","53","Convention Center","1","100.0000","88101","PM2.5 - Local Conditions","209","Met One BAM-1022 Mass Monitor w/ VSCC or TE-PM2.5C","19100","Dallas-Fort Worth-Arlington, TX","48","Texas","113","Dallas","32.7742584","-96.7976775"
"12/13/2023","AQS","481130050","3","12.7","ug/m3 LC","58","Convention Center","1","100.0000","88101","PM2.5 - Local Conditions","209","Met One BAM-1022 Mass Monitor w/ VSCC or TE-PM2.5C","19100","Dallas-Fort Worth-Arlington, TX","48","Texas","113","Dallas","32.7742584","-96.7976775"
"12/14/2023","AQS","481130050","3","10.1","ug/m3 LC","53","Convention Center","1","100.0000","88101","PM2.5 - Local Conditions","209","Met One BAM-1022 Mass Monitor w/ VSCC or TE-PM2.5C","19100","Dallas-Fort Worth-Arlington, TX","48","Texas","113","Dallas","32.7742584","-96.7976775"
"12/15/2023","AQS","481130050","3","11.8","ug/m3 LC","56","Convention Center","1","100.0000","88101","PM2.5 - Local Conditions","209","Met One BAM-1022 Mass Monitor w/ VSCC or TE-PM2.5C","19100","Dallas-Fort Worth-Arlington, TX","48","Texas","113","Dallas","32.7742584","-96.7976775"
"12/16/2023","AQS","481130050","3","6.5","ug/m3 LC","36","Convention Center","1","100.0000","88101","PM2.5 - Local Conditions","209","Met One BAM-1022 Mass Monitor w/ VSCC or TE-PM2.5C","19100","Dallas-Fort Worth-Arlington, TX","48","Texas","113","Dallas","32.7742584","-96.7976775"
"12/17/2023","AQS","481130050","3","16","ug/m3 LC","64","Convention Center","1","100.0000","88101","PM2.5 - Local Conditions","209","Met One BAM-1022 Mass Monitor w/ VSCC or TE-PM2.5C","19100","Dallas-Fort Worth-Arlington, TX","48","Texas","113","Dallas","32.7742584","-96.7976775"
"12/18/2023","AQS","481130050","3","4.2","ug/m3 LC","23","Convention Center","1","100.0000","88101","PM2.5 - Local Conditions","209","Met One BAM-1022 Mass Monitor w/ VSCC or TE-PM2.5C","19100","Dallas-Fort Worth-Arlington, TX","48","Texas","113","Dallas","32.7742584","-96.7976775"
"12/19/2023","AQS","481130050","3","7.3","ug/m3 LC","41","Convention Center","1","100.0000","88101","PM2.5 - Local Conditions","209","Met One BAM-1022 Mass Monitor w/ VSCC or TE-PM2.5C","19100","Dallas-Fort Worth-Arlington, TX","48","Texas","113","Dallas","32.7742584","-96.7976775"
"12/20/2023","AQS","481130050","3","9.1","ug/m3 LC","51","Convention Center","1","100.0000","88101","PM2.5 - Local Conditions","209","Met One BAM-1022 Mass Monitor w/ VSCC or TE-PM2.5C","19100","Dallas-Fort Worth-Arlington, TX","48","Texas","113","Dallas","32.7742584","-96.7976775"
"12/21/2023","AQS","481130050","3","11.1","ug/m3 LC","55","Convention Center","1","100.0000","88101","PM2.5 - Local Conditions","209","Met One BAM-1022 Mass Monitor w/ VSCC or TE-PM2.5C","19100","Dallas-Fort Worth-Arlington, TX","48","Texas","113","Dallas","32.7742584","-96.7976775"
"12/22/2023","AQS","481130050","3","13","ug/m3 LC","58","Convention Center","1","100.0000","88101","PM2.5 - Local Conditions","209","Met One BAM-1022 Mass Monitor w/ VSCC or TE-PM2.5C","19100","Dallas-Fort Worth-Arlington, TX","48","Texas","113","Dallas","32.7742584","-96.7976775"
"12/23/2023","AQS","481130050","3","9.7","ug/m3 LC","52","Convention Center","1","100.0000","88101","PM2.5 - Local Conditions","209","Met One BAM-1022 Mass Monitor w/ VSCC or TE-PM2.5C","19100","Dallas-Fort Worth-Arlington, TX","48","Texas","113","Dallas","32.7742584","-96.7976775"
"12/24/2023","AQS","481130050","3","1.6","ug/m3 LC","9","Convention Center","1","100.0000","88101","PM2.5 - Local Conditions","209","Met One BAM-1022 Mass Monitor w/ VSCC or TE-PM2.5C","19100","Dallas-Fort Worth-Arlington, TX","48","Texas","113","Dallas","32.7742584","-96.7976775"
"12/25/2023","AQS","481130050","3","2.2","ug/m3 LC","12","Convention Center","1","100.0000","88101","PM2.5 - Local Conditions","209","Met One BAM-1022 Mass Monitor w/ VSCC or TE-PM2.5C","19100","Dallas-Fort Worth-Arlington, TX","48","Texas","113","Dallas","32.7742584","-96.7976775"
"12/26/2023","AQS","481130050","3","6.8","ug/m3 LC","38","Convention Center","1","100.0000","88101","PM2.5 - Local Conditions","209","Met One BAM-1022 Mass Monitor w/ VSCC or TE-PM2.5C","19100","Dallas-Fort Worth-Arlington, TX","48","Texas","113","Dallas","32.7742584","-96.7976775"
"12/27/2023","AQS","481130050","3","3.3","ug/m3 LC","18","Convention Center","1","100.0000","88101","PM2.5 - Local Conditions","209","Met One BAM-1022 Mass Monitor w/ VSCC or TE-PM2.5C","19100","Dallas-Fort Worth-Arlington, TX","48","Texas","113","Dallas","32.7742584","-96.7976775"
"12/28/2023","AQS","481130050","3","3.6","ug/m3 LC","20","Convention Center","1","100.0000","88101","PM2.5 - Local Conditions","209","Met One BAM-1022 Mass Monitor w/ VSCC or TE-PM2.5C","19100","Dallas-Fort Worth-Arlington, TX","48","Texas","113","Dallas","32.7742584","-96.7976775"
"12/29/2023","AQS","481130050","3","4.9","ug/m3 LC","27","Convention Center","1","100.0000","88101","PM2.5 - Local Conditions","209","Met One BAM-1022 Mass Monitor w/ VSCC or TE-PM2.5C","19100","Dallas-Fort Worth-Arlington, TX","48","Texas","113","Dallas","32.7742584","-96.7976775"
"12/30/2023","AQS","481130050","3","6","ug/m3 LC","33","Convention Center","1","100.0000","88101","PM2.5 - Local Conditions","209","Met One BAM-1022 Mass Monitor w/ VSCC or TE-PM2.5C","19100","Dallas-Fort Worth-Arlington, TX","48","Texas","113","Dallas","32.7742584","-96.7976775"
"12/31/2023","AQS","481130050","3","7.8","ug/m3 LC","43","Convention Center","1","100.0000","88101","PM2.5 - Local Conditions","209","Met One BAM-1022 Mass Monitor w/ VSCC or TE-PM2.5C","19100","Dallas-Fort Worth-Arlington, TX","48","Texas","113","Dallas","32.7742584","-96.7976775"
"01/03/2023","AQS","481130069","1","8.2","ug/m3 LC","46","Dallas Hinton","1","100.0000","88101","PM2.5 - Local Conditions","145","R & P Model 2025 PM-2.5 Sequential Air Sampler w/VSCC","19100","Dallas-Fort Worth-Arlington, TX","48","Texas","113","Dallas","32.820061","-96.860117"
"01/15/2023","AQS","481130069","1","4.9","ug/m3 LC","27","Dallas Hinton","1","100.0000","88101","PM2.5 - Local Conditions","145","R & P Model 2025 PM-2.5 Sequential Air Sampler w/VSCC","19100","Dallas-Fort Worth-Arlington, TX","48","Texas","113","Dallas","32.820061","-96.860117"
"01/18/2023","AQS","481130069","1","7.3","ug/m3 LC","41","Dallas Hinton","1","100.0000","88101","PM2.5 - Local Conditions","145","R & P Model 2025 PM-2.5 Sequential Air Sampler w/VSCC","19100","Dallas-Fort Worth-Arlington, TX","48","Texas","113","Dallas","32.820061","-96.860117"
"01/21/2023","AQS","481130069","1","6.5","ug/m3 LC","36","Dallas Hinton","1","100.0000","88101","PM2.5 - Local Conditions","145","R & P Model 2025 PM-2.5 Sequential Air Sampler w/VSCC","19100","Dallas-Fort Worth-Arlington, TX","48","Texas","113","Dallas","32.820061","-96.860117"
"01/22/2023","AQS","481130069","1","3.6","ug/m3 LC","20","Dallas Hinton","1","100.0000","88101","PM2.5 - Local Conditions","145","R & P Model 2025 PM-2.5 Sequential Air Sampler w/VSCC","19100","Dallas-Fort Worth-Arlington, TX","48","Texas","113","Dallas","32.820061","-96.860117"
"01/23/2023","AQS","481130069","1","4.9","ug/m3 LC","27","Dallas Hinton","1","100.0000","88101","PM2.5 - Local Conditions","145","R & P Model 2025 PM-2.5 Sequential Air Sampler w/VSCC","19100","Dallas-Fort Worth-Arlington, TX","48","Texas","113","Dallas","32.820061","-96.860117"
"01/24/2023","AQS","481130069","1","4.5","ug/m3 LC","25","Dallas Hinton","1","100.0000","88101","PM2.5 - Local Conditions","145","R & P Model 2025 PM-2.5 Sequential Air Sampler w/VSCC","19100","Dallas-Fort Worth-Arlington, TX","48","Texas","113","Dallas","32.820061","-96.860117"
"01/25/2023","AQS","481130069","1","6.8","ug/m3 LC","38","Dallas Hinton","1","100.0000","88101","PM2.5 - Local Conditions","145","R & P Model 2025 PM-2.5 Sequential Air Sampler w/VSCC","19100","Dallas-Fort Worth-Arlington, TX","48","Texas","113","Dallas","32.820061","-96.860117"
"01/26/2023","AQS","481130069","1","5","ug/m3 LC","28","Dallas Hinton","1","100.0000","88101","PM2.5 - Local Conditions","145","R & P Model 2025 PM-2.5 Sequential Air Sampler w/VSCC","19100","Dallas-Fort Worth-Arlington, TX","48","Texas","113","Dallas","32.820061","-96.860117"
"01/27/2023","AQS","481130069","1","5.5","ug/m3 LC","31","Dallas Hinton","1","100.0000","88101","PM2.5 - Local Conditions","145","R & P Model 2025 PM-2.5 Sequential Air Sampler w/VSCC","19100","Dallas-Fort Worth-Arlington, TX","48","Texas","113","Dallas","32.820061","-96.860117"
"01/30/2023","AQS","481130069","1","4.6","ug/m3 LC","26","Dallas Hinton","1","100.0000","88101","PM2.5 - Local Conditions","145","R & P Model 2025 PM-2.5 Sequential Air Sampler w/VSCC","19100","Dallas-Fort Worth-Arlington, TX","48","Texas","113","Dallas","32.820061","-96.860117"
"02/02/2023","AQS","481130069","1","10.6","ug/m3 LC","54","Dallas Hinton","1","100.0000","88101","PM2.5 - Local Conditions","145","R & P Model 2025 PM-2.5 Sequential Air Sampler w/VSCC","19100","Dallas-Fort Worth-Arlington, TX","48","Texas","113","Dallas","32.820061","-96.860117"
"02/05/2023","AQS","481130069","1","6.9","ug/m3 LC","38","Dallas Hinton","1","100.0000","88101","PM2.5 - Local Conditions","145","R & P Model 2025 PM-2.5 Sequential Air Sampler w/VSCC","19100","Dallas-Fort Worth-Arlington, TX","48","Texas","113","Dallas","32.820061","-96.860117"
"02/08/2023","AQS","481130069","1","1.8","ug/m3 LC","10","Dallas Hinton","1","100.0000","88101","PM2.5 - Local Conditions","145","R & P Model 2025 PM-2.5 Sequential Air Sampler w/VSCC","19100","Dallas-Fort Worth-Arlington, TX","48","Texas","113","Dallas","32.820061","-96.860117"
"02/14/2023","AQS","481130069","1","4.2","ug/m3 LC","23","Dallas Hinton","1","100.0000","88101","PM2.5 - Local Conditions","145","R & P Model 2025 PM-2.5 Sequential Air Sampler w/VSCC","19100","Dallas-Fort Worth-Arlington, TX","48","Texas","113","Dallas","32.820061","-96.860117"
"02/20/2023","AQS","481130069","1","6.7","ug/m3 LC","37","Dallas Hinton","1","100.0000","88101","PM2.5 - Local Conditions","145","R & P Model 2025 PM-2.5 Sequential Air Sampler w/VSCC","19100","Dallas-Fort Worth-Arlington, TX","48","Texas","113","Dallas","32.820061","-96.860117"
"02/23/2023","AQS","481130069","1","6.3","ug/m3 LC","35","Dallas Hinton","1","100.0000","88101","PM2.5 - Local Conditions","145","R & P Model 2025 PM-2.5 Sequential Air Sampler w/VSCC","19100","Dallas-Fort Worth-Arlington, TX","48","Texas","113","Dallas","32.820061","-96.860117"
"02/26/2023","AQS","481130069","1","15.5","ug/m3 LC","63","Dallas Hinton","1","100.0000","88101","PM2.5 - Local Conditions","145","R & P Model 2025 PM-2.5 Sequential Air Sampler w/VSCC","19100","Dallas-Fort Worth-Arlington, TX","48","Texas","113","Dallas","32.820061","-96.860117"
"03/01/2023","AQS","481130069","1","12.3","ug/m3 LC","57","Dallas Hinton","1","100.0000","88101","PM2.5 - Local Conditions","145","R & P Model 2025 PM-2.5 Sequential Air Sampler w/VSCC","19100","Dallas-Fort Worth-Arlington, TX","48","Texas","113","Dallas","32.820061","-96.860117"
"03/04/2023","AQS","481130069","1","8.1","ug/m3 LC","45","Dallas Hinton","1","100.0000","88101","PM2.5 - Local Conditions","145","R & P Model 2025 PM-2.5 Sequential Air Sampler w/VSCC","19100","Dallas-Fort Worth-Arlington, TX","48","Texas","113","Dallas","32.820061","-96.860117"
"03/07/2023","AQS","481130069","1","17","ug/m3 LC","66","Dallas Hinton","1","100.0000","88101","PM2.5 - Local Conditions","145","R & P Model 2025 PM-2.5 Sequential Air Sampler w/VSCC","19100","Dallas-Fort Worth-Arlington, TX","48","Texas","113","Dallas","32.820061","-96.860117"
"03/10/2023","AQS","481130069","1","4.6","ug/m3 LC","26","Dallas Hinton","1","100.0000","88101","PM2.5 - Local Conditions","145","R & P Model 2025 PM-2.5 Sequential Air Sampler w/VSCC","19100","Dallas-Fort Worth-Arlington, TX","48","Texas","113","Dallas","32.820061","-96.860117"
"03/13/2023","AQS","481130069","1","2.6","ug/m3 LC","14","Dallas Hinton","1","100.0000","88101","PM2.5 - Local Conditions","145","R & P Model 2025 PM-2.5 Sequential Air Sampler w/VSCC","19100","Dallas-Fort Worth-Arlington, TX","48","Texas","113","Dallas","32.820061","-96.860117"
"03/16/2023","AQS","481130069","1","6.3","ug/m3 LC","35","Dallas Hinton","1","100.0000","88101","PM2.5 - Local Conditions","145","R & P Model 2025 PM-2.5 Sequential Air Sampler w/VSCC","19100","Dallas-Fort Worth-Arlington, TX","48","Texas","113","Dallas","32.820061","-96.860117"
"03/19/2023","AQS","481130069","1","4.1","ug/m3 LC","23","Dallas Hinton","1","100.0000","88101","PM2.5 - Local Conditions","145","R & P Model 2025 PM-2.5 Sequential Air Sampler w/VSCC","19100","Dallas-Fort Worth-Arlington, TX","48","Texas","113","Dallas","32.820061","-96.860117"
"03/22/2023","AQS","481130069","1","7.1","ug/m3 LC","39","Dallas Hinton","1","100.0000","88101","PM2.5 - Local Conditions","145","R & P Model 2025 PM-2.5 Sequential Air Sampler w/VSCC","19100","Dallas-Fort Worth-Arlington, TX","48","Texas","113","Dallas","32.820061","-96.860117"
"03/25/2023","AQS","481130069","1","10.7","ug/m3 LC","54","Dallas Hinton","1","100.0000","88101","PM2.5 - Local Conditions","145","R & P Model 2025 PM-2.5 Sequential Air Sampler w/VSCC","19100","Dallas-Fort Worth-Arlington, TX","48","Texas","113","Dallas","32.820061","-96.860117"
"03/28/2023","AQS","481130069","1","7.4","ug/m3 LC","41","Dallas Hinton","1","100.0000","88101","PM2.5 - Local Conditions","145","R & P Model 2025 PM-2.5 Sequential Air Sampler w/VSCC","19100","Dallas-Fort Worth-Arlington, TX","48","Texas","113","Dallas","32.820061","-96.860117"
"03/31/2023","AQS","481130069","1","12.4","ug/m3 LC","57","Dallas Hinton","1","100.0000","88101","PM2.5 - Local Conditions","145","R & P Model 2025 PM-2.5 Sequential Air Sampler w/VSCC","19100","Dallas-Fort Worth-Arlington, TX","48","Texas","113","Dallas","32.820061","-96.860117"
"04/03/2023","AQS","481130069","1","14.8","ug/m3 LC","62","Dallas Hinton","1","100.0000","88101","PM2.5 - Local Conditions","145","R & P Model 2025 PM-2.5 Sequential Air Sampler w/VSCC","19100","Dallas-Fort Worth-Arlington, TX","48","Texas","113","Dallas","32.820061","-96.860117"
"04/06/2023","AQS","481130069","1","3.3","ug/m3 LC","18","Dallas Hinton","1","100.0000","88101","PM2.5 - Local Conditions","145","R & P Model 2025 PM-2.5 Sequential Air Sampler w/VSCC","19100","Dallas-Fort Worth-Arlington, TX","48","Texas","113","Dallas","32.820061","-96.860117"
"04/09/2023","AQS","481130069","1","9.6","ug/m3 LC","52","Dallas Hinton","1","100.0000","88101","PM2.5 - Local Conditions","145","R & P Model 2025 PM-2.5 Sequential Air Sampler w/VSCC","19100","Dallas-Fort Worth-Arlington, TX","48","Texas","113","Dallas","32.820061","-96.860117"
"04/12/2023","AQS","481130069","1","8.2","ug/m3 LC","46","Dallas Hinton","1","100.0000","88101","PM2.5 - Local Conditions","145","R & P Model 2025 PM-2.5 Sequential Air Sampler w/VSCC","19100","Dallas-Fort Worth-Arlington, TX","48","Texas","113","Dallas","32.820061","-96.860117"
"04/15/2023","AQS","481130069","1","5.7","ug/m3 LC","32","Dallas Hinton","1","100.0000","88101","PM2.5 - Local Conditions","145","R & P Model 2025 PM-2.5 Sequential Air Sampler w/VSCC","19100","Dallas-Fort Worth-Arlington, TX","48","Texas","113","Dallas","32.820061","-96.860117"
"04/18/2023","AQS","481130069","1","9.2","ug/m3 LC","51","Dallas Hinton","1","100.0000","88101","PM2.5 - Local Conditions","145","R & P Model 2025 PM-2.5 Sequential Air Sampler w/VSCC","19100","Dallas-Fort Worth-Arlington, TX","48","Texas","113","Dallas","32.820061","-96.860117"
"04/21/2023","AQS","481130069","1","8.1","ug/m3 LC","45","Dallas Hinton","1","100.0000","88101","PM2.5 - Local Conditions","145","R & P Model 2025 PM-2.5 Sequential Air Sampler w/VSCC","19100","Dallas-Fort Worth-Arlington, TX","48","Texas","113","Dallas","32.820061","-96.860117"
"04/24/2023","AQS","481130069","1","6","ug/m3 LC","33","Dallas Hinton","1","100.0000","88101","PM2.5 - Local Conditions","145","R & P Model 2025 PM-2.5 Sequential Air Sampler w/VSCC","19100","Dallas-Fort Worth-Arlington, TX","48","Texas","113","Dallas","32.820061","-96.860117"
"04/27/2023","AQS","481130069","1","4.3","ug/m3 LC","24","Dallas Hinton","1","100.0000","88101","PM2.5 - Local Conditions","145","R & P Model 2025 PM-2.5 Sequential Air Sampler w/VSCC","19100","Dallas-Fort Worth-Arlington, TX","48","Texas","113","Dallas","32.820061","-96.860117"
"04/30/2023","AQS","481130069","1","5.8","ug/m3 LC","32","Dallas Hinton","1","100.0000","88101","PM2.5 - Local Conditions","145","R & P Model 2025 PM-2.5 Sequential Air Sampler w/VSCC","19100","Dallas-Fort Worth-Arlington, TX","48","Texas","113","Dallas","32.820061","-96.860117"
"05/03/2023","AQS","481130069","1","8.5","ug/m3 LC","47","Dallas Hinton","1","100.0000","88101","PM2.5 - Local Conditions","145","R & P Model 2025 PM-2.5 Sequential Air Sampler w/VSCC","19100","Dallas-Fort Worth-Arlington, TX","48","Texas","113","Dallas","32.820061","-96.860117"
"05/06/2023","AQS","481130069","1","14.8","ug/m3 LC","62","Dallas Hinton","1","100.0000","88101","PM2.5 - Local Conditions","145","R & P Model 2025 PM-2.5 Sequential Air Sampler w/VSCC","19100","Dallas-Fort Worth-Arlington, TX","48","Texas","113","Dallas","32.820061","-96.860117"
"05/09/2023","AQS","481130069","1","12.8","ug/m3 LC","58","Dallas Hinton","1","100.0000","88101","PM2.5 - Local Conditions","145","R & P Model 2025 PM-2.5 Sequential Air Sampler w/VSCC","19100","Dallas-Fort Worth-Arlington, TX","48","Texas","113","Dallas","32.820061","-96.860117"
"05/12/2023","AQS","481130069","1","20.2","ug/m3 LC","72","Dallas Hinton","1","100.0000","88101","PM2.5 - Local Conditions","145","R & P Model 2025 PM-2.5 Sequential Air Sampler w/VSCC","19100","Dallas-Fort Worth-Arlington, TX","48","Texas","113","Dallas","32.820061","-96.860117"
"05/15/2023","AQS","481130069","1","6.3","ug/m3 LC","35","Dallas Hinton","1","100.0000","88101","PM2.5 - Local Conditions","145","R & P Model 2025 PM-2.5 Sequential Air Sampler w/VSCC","19100","Dallas-Fort Worth-Arlington, TX","48","Texas","113","Dallas","32.820061","-96.860117"
"05/18/2023","AQS","481130069","1","7.8","ug/m3 LC","43","Dallas Hinton","1","100.0000","88101","PM2.5 - Local Conditions","145","R & P Model 2025 PM-2.5 Sequential Air Sampler w/VSCC","19100","Dallas-Fort Worth-Arlington, TX","48","Texas","113","Dallas","32.820061","-96.860117"
"05/21/2023","AQS","481130069","1","13.8","ug/m3 LC","60","Dallas Hinton","1","100.0000","88101","PM2.5 - Local Conditions","145","R & P Model 2025 PM-2.5 Sequential Air Sampler w/VSCC","19100","Dallas-Fort Worth-Arlington, TX","48","Texas","113","Dallas","32.820061","-96.860117"
"05/24/2023","AQS","481130069","1","17.2","ug/m3 LC","66","Dallas Hinton","1","100.0000","88101","PM2.5 - Local Conditions","145","R & P Model 2025 PM-2.5 Sequential Air Sampler w/VSCC","19100","Dallas-Fort Worth-Arlington, TX","48","Texas","113","Dallas","32.820061","-96.860117"
"05/27/2023","AQS","481130069","1","20.9","ug/m3 LC","73","Dallas Hinton","1","100.0000","88101","PM2.5 - Local Conditions","145","R & P Model 2025 PM-2.5 Sequential Air Sampler w/VSCC","19100","Dallas-Fort Worth-Arlington, TX","48","Texas","113","Dallas","32.820061","-96.860117"
"05/30/2023","AQS","481130069","1","10.8","ug/m3 LC","54","Dallas Hinton","1","100.0000","88101","PM2.5 - Local Conditions","145","R & P Model 2025 PM-2.5 Sequential Air Sampler w/VSCC","19100","Dallas-Fort Worth-Arlington, TX","48","Texas","113","Dallas","32.820061","-96.860117"
"06/02/2023","AQS","481130069","1","16.5","ug/m3 LC","65","Dallas Hinton","1","100.0000","88101","PM2.5 - Local Conditions","145","R & P Model 2025 PM-2.5 Sequential Air Sampler w/VSCC","19100","Dallas-Fort Worth-Arlington, TX","48","Texas","113","Dallas","32.820061","-96.860117"
"06/05/2023","AQS","481130069","1","9.2","ug/m3 LC","51","Dallas Hinton","1","100.0000","88101","PM2.5 - Local Conditions","145","R & P Model 2025 PM-2.5 Sequential Air Sampler w/VSCC","19100","Dallas-Fort Worth-Arlington, TX","48","Texas","113","Dallas","32.820061","-96.860117"
"06/08/2023","AQS","481130069","1","10.5","ug/m3 LC","54","Dallas Hinton","1","100.0000","88101","PM2.5 - Local Conditions","145","R & P Model 2025 PM-2.5 Sequential Air Sampler w/VSCC","19100","Dallas-Fort Worth-Arlington, TX","48","Texas","113","Dallas","32.820061","-96.860117"
"06/11/2023","AQS","481130069","1","7.5","ug/m3 LC","42","Dallas Hinton","1","100.0000","88101","PM2.5 - Local Conditions","145","R & P Model 2025 PM-2.5 Sequential Air Sampler w/VSCC","19100","Dallas-Fort Worth-Arlington, TX","48","Texas","113","Dallas","32.820061","-96.860117"
"06/14/2023","AQS","481130069","1","19.3","ug/m3 LC","70","Dallas Hinton","1","100.0000","88101","PM2.5 - Local Conditions","145","R & P Model 2025 PM-2.5 Sequential Air Sampler w/VSCC","19100","Dallas-Fort Worth-Arlington, TX","48","Texas","113","Dallas","32.820061","-96.860117"
"06/17/2023","AQS","481130069","1","16.5","ug/m3 LC","65","Dallas Hinton","1","100.0000","88101","PM2.5 - Local Conditions","145","R & P Model 2025 PM-2.5 Sequential Air Sampler w/VSCC","19100","Dallas-Fort Worth-Arlington, TX","48","Texas","113","Dallas","32.820061","-96.860117"
"06/20/2023","AQS","481130069","1","18.6","ug/m3 LC","69","Dallas Hinton","1","100.0000","88101","PM2.5 - Local Conditions","145","R & P Model 2025 PM-2.5 Sequential Air Sampler w/VSCC","19100","Dallas-Fort Worth-Arlington, TX","48","Texas","113","Dallas","32.820061","-96.860117"
"06/23/2023","AQS","481130069","1","11.5","ug/m3 LC","55","Dallas Hinton","1","100.0000","88101","PM2.5 - Local Conditions","145","R & P Model 2025 PM-2.5 Sequential Air Sampler w/VSCC","19100","Dallas-Fort Worth-Arlington, TX","48","Texas","113","Dallas","32.820061","-96.860117"
"06/26/2023","AQS","481130069","1","9","ug/m3 LC","50","Dallas Hinton","1","100.0000","88101","PM2.5 - Local Conditions","145","R & P Model 2025 PM-2.5 Sequential Air Sampler w/VSCC","19100","Dallas-Fort Worth-Arlington, TX","48","Texas","113","Dallas","32.820061","-96.860117"
"06/29/2023","AQS","481130069","1","8.6","ug/m3 LC","48","Dallas Hinton","1","100.0000","88101","PM2.5 - Local Conditions","145","R & P Model 2025 PM-2.5 Sequential Air Sampler w/VSCC","19100","Dallas-Fort Worth-Arlington, TX","48","Texas","113","Dallas","32.820061","-96.860117"
"07/02/2023","AQS","481130069","1","7.5","ug/m3 LC","42","Dallas Hinton","1","100.0000","88101","PM2.5 - Local Conditions","145","R & P Model 2025 PM-2.5 Sequential Air Sampler w/VSCC","19100","Dallas-Fort Worth-Arlington, TX","48","Texas","113","Dallas","32.820061","-96.860117"
"07/05/2023","AQS","481130069","1","8.9","ug/m3 LC","49","Dallas Hinton","1","100.0000","88101","PM2.5 - Local Conditions","145","R & P Model 2025 PM-2.5 Sequential Air Sampler w/VSCC","19100","Dallas-Fort Worth-Arlington, TX","48","Texas","113","Dallas","32.820061","-96.860117"
"07/08/2023","AQS","481130069","1","7","ug/m3 LC","39","Dallas Hinton","1","100.0000","88101","PM2.5 - Local Conditions","145","R & P Model 2025 PM-2.5 Sequential Air Sampler w/VSCC","19100","Dallas-Fort Worth-Arlington, TX","48","Texas","113","Dallas","32.820061","-96.860117"
"07/11/2023","AQS","481130069","1","9.3","ug/m3 LC","51","Dallas Hinton","1","100.0000","88101","PM2.5 - Local Conditions","145","R & P Model 2025 PM-2.5 Sequential Air Sampler w/VSCC","19100","Dallas-Fort Worth-Arlington, TX","48","Texas","113","Dallas","32.820061","-96.860117"
"07/14/2023","AQS","481130069","1","17.9","ug/m3 LC","67","Dallas Hinton","1","100.0000","88101","PM2.5 - Local Conditions","145","R & P Model 2025 PM-2.5 Sequential Air Sampler w/VSCC","19100","Dallas-Fort Worth-Arlington, TX","48","Texas","113","Dallas","32.820061","-96.860117"
"07/17/2023","AQS","481130069","1","19.1","ug/m3 LC","70","Dallas Hinton","1","100.0000","88101","PM2.5 - Local Conditions","145","R & P Model 2025 PM-2.5 Sequential Air Sampler w/VSCC","19100","Dallas-Fort Worth-Arlington, TX","48","Texas","113","Dallas","32.820061","-96.860117"
"07/20/2023","AQS","481130069","1","17.9","ug/m3 LC","67","Dallas Hinton","1","100.0000","88101","PM2.5 - Local Conditions","145","R & P Model 2025 PM-2.5 Sequential Air Sampler w/VSCC","19100","Dallas-Fort Worth-Arlington, TX","48","Texas","113","Dallas","32.820061","-96.860117"
"07/23/2023","AQS","481130069","1","9.7","ug/m3 LC","52","Dallas Hinton","1","100.0000","88101","PM2.5 - Local Conditions","145","R & P Model 2025 PM-2.5 Sequential Air Sampler w/VSCC","19100","Dallas-Fort Worth-Arlington, TX","48","Texas","113","Dallas","32.820061","-96.860117"
"07/26/2023","AQS","481130069","1","17.2","ug/m3 LC","66","Dallas Hinton","1","100.0000","88101","PM2.5 - Local Conditions","145","R & P Model 2025 PM-2.5 Sequential Air Sampler w/VSCC","19100","Dallas-Fort Worth-Arlington, TX","48","Texas","113","Dallas","32.820061","-96.860117"
"07/29/2023","AQS","481130069","1","17.4","ug/m3 LC","66","Dallas Hinton","1","100.0000","88101","PM2.5 - Local Conditions","145","R & P Model 2025 PM-2.5 Sequential Air Sampler w/VSCC","19100","Dallas-Fort Worth-Arlington, TX","48","Texas","113","Dallas","32.820061","-96.860117"
"08/01/2023","AQS","481130069","1","14.8","ug/m3 LC","62","Dallas Hinton","1","100.0000","88101","PM2.5 - Local Conditions","145","R & P Model 2025 PM-2.5 Sequential Air Sampler w/VSCC","19100","Dallas-Fort Worth-Arlington, TX","48","Texas","113","Dallas","32.820061","-96.860117"
"08/04/2023","AQS","481130069","1","7.9","ug/m3 LC","44","Dallas Hinton","1","100.0000","88101","PM2.5 - Local Conditions","145","R & P Model 2025 PM-2.5 Sequential Air Sampler w/VSCC","19100","Dallas-Fort Worth-Arlington, TX","48","Texas","113","Dallas","32.820061","-96.860117"
"08/07/2023","AQS","481130069","1","9.6","ug/m3 LC","52","Dallas Hinton","1","100.0000","88101","PM2.5 - Local Conditions","145","R & P Model 2025 PM-2.5 Sequential Air Sampler w/VSCC","19100","Dallas-Fort Worth-Arlington, TX","48","Texas","113","Dallas","32.820061","-96.860117"
"08/10/2023","AQS","481130069","1","10.3","ug/m3 LC","53","Dallas Hinton","1","100.0000","88101","PM2.5 - Local Conditions","145","R & P Model 2025 PM-2.5 Sequential Air Sampler w/VSCC","19100","Dallas-Fort Worth-Arlington, TX","48","Texas","113","Dallas","32.820061","-96.860117"
"08/13/2023","AQS","481130069","1","9.2","ug/m3 LC","51","Dallas Hinton","1","100.0000","88101","PM2.5 - Local Conditions","145","R & P Model 2025 PM-2.5 Sequential Air Sampler w/VSCC","19100","Dallas-Fort Worth-Arlington, TX","48","Texas","113","Dallas","32.820061","-96.860117"
"08/16/2023","AQS","481130069","1","5.1","ug/m3 LC","28","Dallas Hinton","1","100.0000","88101","PM2.5 - Local Conditions","145","R & P Model 2025 PM-2.5 Sequential Air Sampler w/VSCC","19100","Dallas-Fort Worth-Arlington, TX","48","Texas","113","Dallas","32.820061","-96.860117"
"08/19/2023","AQS","481130069","1","10.6","ug/m3 LC","54","Dallas Hinton","1","100.0000","88101","PM2.5 - Local Conditions","145","R & P Model 2025 PM-2.5 Sequential Air Sampler w/VSCC","19100","Dallas-Fort Worth-Arlington, TX","48","Texas","113","Dallas","32.820061","-96.860117"
"08/22/2023","AQS","481130069","1","16","ug/m3 LC","64","Dallas Hinton","1","100.0000","88101","PM2.5 - Local Conditions","145","R & P Model 2025 PM-2.5 Sequential Air Sampler w/VSCC","19100","Dallas-Fort Worth-Arlington, TX","48","Texas","113","Dallas","32.820061","-96.860117"
"08/25/2023","AQS","481130069","1","18.1","ug/m3 LC","68","Dallas Hinton","1","100.0000","88101","PM2.5 - Local Conditions","145","R & P Model 2025 PM-2.5 Sequential Air Sampler w/VSCC","19100","Dallas-Fort Worth-Arlington, TX","48","Texas","113","Dallas","32.820061","-96.860117"
"08/28/2023","AQS","481130069","1","7.5","ug/m3 LC","42","Dallas Hinton","1","100.0000","88101","PM2.5 - Local Conditions","145","R & P Model 2025 PM-2.5 Sequential Air Sampler w/VSCC","19100","Dallas-Fort Worth-Arlington, TX","48","Texas","113","Dallas","32.820061","-96.860117"
"08/31/2023","AQS","481130069","1","17.6","ug/m3 LC","67","Dallas Hinton","1","100.0000","88101","PM2.5 - Local Conditions","145","R & P Model 2025 PM-2.5 Sequential Air Sampler w/VSCC","19100","Dallas-Fort Worth-Arlington, TX","48","Texas","113","Dallas","32.820061","-96.860117"
"09/03/2023","AQS","481130069","1","12.8","ug/m3 LC","58","Dallas Hinton","1","100.0000","88101","PM2.5 - Local Conditions","145","R & P Model 2025 PM-2.5 Sequential Air Sampler w/VSCC","19100","Dallas-Fort Worth-Arlington, TX","48","Texas","113","Dallas","32.820061","-96.860117"
"09/06/2023","AQS","481130069","1","7.6","ug/m3 LC","42","Dallas Hinton","1","100.0000","88101","PM2.5 - Local Conditions","145","R & P Model 2025 PM-2.5 Sequential Air Sampler w/VSCC","19100","Dallas-Fort Worth-Arlington, TX","48","Texas","113","Dallas","32.820061","-96.860117"
"09/09/2023","AQS","481130069","1","8.3","ug/m3 LC","46","Dallas Hinton","1","100.0000","88101","PM2.5 - Local Conditions","145","R & P Model 2025 PM-2.5 Sequential Air Sampler w/VSCC","19100","Dallas-Fort Worth-Arlington, TX","48","Texas","113","Dallas","32.820061","-96.860117"
"09/12/2023","AQS","481130069","1","10.6","ug/m3 LC","54","Dallas Hinton","1","100.0000","88101","PM2.5 - Local Conditions","145","R & P Model 2025 PM-2.5 Sequential Air Sampler w/VSCC","19100","Dallas-Fort Worth-Arlington, TX","48","Texas","113","Dallas","32.820061","-96.860117"
"09/15/2023","AQS","481130069","1","11.1","ug/m3 LC","55","Dallas Hinton","1","100.0000","88101","PM2.5 - Local Conditions","145","R & P Model 2025 PM-2.5 Sequential Air Sampler w/VSCC","19100","Dallas-Fort Worth-Arlington, TX","48","Texas","113","Dallas","32.820061","-96.860117"
"09/18/2023","AQS","481130069","1","10.8","ug/m3 LC","54","Dallas Hinton","1","100.0000","88101","PM2.5 - Local Conditions","145","R & P Model 2025 PM-2.5 Sequential Air Sampler w/VSCC","19100","Dallas-Fort Worth-Arlington, TX","48","Texas","113","Dallas","32.820061","-96.860117"
"09/21/2023","AQS","481130069","1","8.1","ug/m3 LC","45","Dallas Hinton","1","100.0000","88101","PM2.5 - Local Conditions","145","R & P Model 2025 PM-2.5 Sequential Air Sampler w/VSCC","19100","Dallas-Fort Worth-Arlington, TX","48","Texas","113","Dallas","32.820061","-96.860117"
"09/24/2023","AQS","481130069","1","5.3","ug/m3 LC","29","Dallas Hinton","1","100.0000","88101","PM2.5 - Local Conditions","145","R & P Model 2025 PM-2.5 Sequential Air Sampler w/VSCC","19100","Dallas-Fort Worth-Arlington, TX","48","Texas","113","Dallas","32.820061","-96.860117"
"09/27/2023","AQS","481130069","1","12.8","ug/m3 LC","58","Dallas Hinton","1","100.0000","88101","PM2.5 - Local Conditions","145","R & P Model 2025 PM-2.5 Sequential Air Sampler w/VSCC","19100","Dallas-Fort Worth-Arlington, TX","48","Texas","113","Dallas","32.820061","-96.860117"
"09/30/2023","AQS","481130069","1","8.4","ug/m3 LC","47","Dallas Hinton","1","100.0000","88101","PM2.5 - Local Conditions","145","R & P Model 2025 PM-2.5 Sequential Air Sampler w/VSCC","19100","Dallas-Fort Worth-Arlington, TX","48","Texas","113","Dallas","32.820061","-96.860117"
"10/03/2023","AQS","481130069","1","9","ug/m3 LC","50","Dallas Hinton","1","100.0000","88101","PM2.5 - Local Conditions","145","R & P Model 2025 PM-2.5 Sequential Air Sampler w/VSCC","19100","Dallas-Fort Worth-Arlington, TX","48","Texas","113","Dallas","32.820061","-96.860117"
"10/06/2023","AQS","481130069","1","5","ug/m3 LC","28","Dallas Hinton","1","100.0000","88101","PM2.5 - Local Conditions","145","R & P Model 2025 PM-2.5 Sequential Air Sampler w/VSCC","19100","Dallas-Fort Worth-Arlington, TX","48","Texas","113","Dallas","32.820061","-96.860117"
"10/09/2023","AQS","481130069","1","5.5","ug/m3 LC","31","Dallas Hinton","1","100.0000","88101","PM2.5 - Local Conditions","145","R & P Model 2025 PM-2.5 Sequential Air Sampler w/VSCC","19100","Dallas-Fort Worth-Arlington, TX","48","Texas","113","Dallas","32.820061","-96.860117"
"10/12/2023","AQS","481130069","1","7.2","ug/m3 LC","40","Dallas Hinton","1","100.0000","88101","PM2.5 - Local Conditions","145","R & P Model 2025 PM-2.5 Sequential Air Sampler w/VSCC","19100","Dallas-Fort Worth-Arlington, TX","48","Texas","113","Dallas","32.820061","-96.860117"
"10/15/2023","AQS","481130069","1","1.7","ug/m3 LC","9","Dallas Hinton","1","100.0000","88101","PM2.5 - Local Conditions","145","R & P Model 2025 PM-2.5 Sequential Air Sampler w/VSCC","19100","Dallas-Fort Worth-Arlington, TX","48","Texas","113","Dallas","32.820061","-96.860117"
"10/18/2023","AQS","481130069","1","6.3","ug/m3 LC","35","Dallas Hinton","1","100.0000","88101","PM2.5 - Local Conditions","145","R & P Model 2025 PM-2.5 Sequential Air Sampler w/VSCC","19100","Dallas-Fort Worth-Arlington, TX","48","Texas","113","Dallas","32.820061","-96.860117"
"10/24/2023","AQS","481130069","1","7.4","ug/m3 LC","41","Dallas Hinton","1","100.0000","88101","PM2.5 - Local Conditions","145","R & P Model 2025 PM-2.5 Sequential Air Sampler w/VSCC","19100","Dallas-Fort Worth-Arlington, TX","48","Texas","113","Dallas","32.820061","-96.860117"
"10/27/2023","AQS","481130069","1","7","ug/m3 LC","39","Dallas Hinton","1","100.0000","88101","PM2.5 - Local Conditions","145","R & P Model 2025 PM-2.5 Sequential Air Sampler w/VSCC","19100","Dallas-Fort Worth-Arlington, TX","48","Texas","113","Dallas","32.820061","-96.860117"
"10/30/2023","AQS","481130069","1","2.8","ug/m3 LC","16","Dallas Hinton","1","100.0000","88101","PM2.5 - Local Conditions","145","R & P Model 2025 PM-2.5 Sequential Air Sampler w/VSCC","19100","Dallas-Fort Worth-Arlington, TX","48","Texas","113","Dallas","32.820061","-96.860117"
"11/02/2023","AQS","481130069","1","10.2","ug/m3 LC","53","Dallas Hinton","1","100.0000","88101","PM2.5 - Local Conditions","145","R & P Model 2025 PM-2.5 Sequential Air Sampler w/VSCC","19100","Dallas-Fort Worth-Arlington, TX","48","Texas","113","Dallas","32.820061","-96.860117"
"11/05/2023","AQS","481130069","1","7.3","ug/m3 LC","41","Dallas Hinton","1","100.0000","88101","PM2.5 - Local Conditions","145","R & P Model 2025 PM-2.5 Sequential Air Sampler w/VSCC","19100","Dallas-Fort Worth-Arlington, TX","48","Texas","113","Dallas","32.820061","-96.860117"
"11/08/2023","AQS","481130069","1","5.5","ug/m3 LC","31","Dallas Hinton","1","100.0000","88101","PM2.5 - Local Conditions","145","R & P Model 2025 PM-2.5 Sequential Air Sampler w/VSCC","19100","Dallas-Fort Worth-Arlington, TX","48","Texas","113","Dallas","32.820061","-96.860117"
"11/11/2023","AQS","481130069","1","5.2","ug/m3 LC","29","Dallas Hinton","1","100.0000","88101","PM2.5 - Local Conditions","145","R & P Model 2025 PM-2.5 Sequential Air Sampler w/VSCC","19100","Dallas-Fort Worth-Arlington, TX","48","Texas","113","Dallas","32.820061","-96.860117"
"11/14/2023","AQS","481130069","1","10.3","ug/m3 LC","53","Dallas Hinton","1","100.0000","88101","PM2.5 - Local Conditions","145","R & P Model 2025 PM-2.5 Sequential Air Sampler w/VSCC","19100","Dallas-Fort Worth-Arlington, TX","48","Texas","113","Dallas","32.820061","-96.860117"
"11/17/2023","AQS","481130069","1","11.4","ug/m3 LC","55","Dallas Hinton","1","100.0000","88101","PM2.5 - Local Conditions","145","R & P Model 2025 PM-2.5 Sequential Air Sampler w/VSCC","19100","Dallas-Fort Worth-Arlington, TX","48","Texas","113","Dallas","32.820061","-96.860117"
"11/20/2023","AQS","481130069","1","8.1","ug/m3 LC","45","Dallas Hinton","1","100.0000","88101","PM2.5 - Local Conditions","145","R & P Model 2025 PM-2.5 Sequential Air Sampler w/VSCC","19100","Dallas-Fort Worth-Arlington, TX","48","Texas","113","Dallas","32.820061","-96.860117"
"11/23/2023","AQS","481130069","1","7.4","ug/m3 LC","41","Dallas Hinton","1","100.0000","88101","PM2.5 - Local Conditions","145","R & P Model 2025 PM-2.5 Sequential Air Sampler w/VSCC","19100","Dallas-Fort Worth-Arlington, TX","48","Texas","113","Dallas","32.820061","-96.860117"
"11/26/2023","AQS","481130069","1","4.5","ug/m3 LC","25","Dallas Hinton","1","100.0000","88101","PM2.5 - Local Conditions","145","R & P Model 2025 PM-2.5 Sequential Air Sampler w/VSCC","19100","Dallas-Fort Worth-Arlington, TX","48","Texas","113","Dallas","32.820061","-96.860117"
"11/29/2023","AQS","481130069","1","8","ug/m3 LC","44","Dallas Hinton","1","100.0000","88101","PM2.5 - Local Conditions","145","R & P Model 2025 PM-2.5 Sequential Air Sampler w/VSCC","19100","Dallas-Fort Worth-Arlington, TX","48","Texas","113","Dallas","32.820061","-96.860117"
"12/05/2023","AQS","481130069","1","9.3","ug/m3 LC","51","Dallas Hinton","1","100.0000","88101","PM2.5 - Local Conditions","145","R & P Model 2025 PM-2.5 Sequential Air Sampler w/VSCC","19100","Dallas-Fort Worth-Arlington, TX","48","Texas","113","Dallas","32.820061","-96.860117"
"12/08/2023","AQS","481130069","1","4.8","ug/m3 LC","27","Dallas Hinton","1","100.0000","88101","PM2.5 - Local Conditions","145","R & P Model 2025 PM-2.5 Sequential Air Sampler w/VSCC","19100","Dallas-Fort Worth-Arlington, TX","48","Texas","113","Dallas","32.820061","-96.860117"
"12/11/2023","AQS","481130069","1","4.8","ug/m3 LC","27","Dallas Hinton","1","100.0000","88101","PM2.5 - Local Conditions","145","R & P Model 2025 PM-2.5 Sequential Air Sampler w/VSCC","19100","Dallas-Fort Worth-Arlington, TX","48","Texas","113","Dallas","32.820061","-96.860117"
"12/14/2023","AQS","481130069","1","7.1","ug/m3 LC","39","Dallas Hinton","1","100.0000","88101","PM2.5 - Local Conditions","145","R & P Model 2025 PM-2.5 Sequential Air Sampler w/VSCC","19100","Dallas-Fort Worth-Arlington, TX","48","Texas","113","Dallas","32.820061","-96.860117"
"12/17/2023","AQS","481130069","1","12.2","ug/m3 LC","57","Dallas Hinton","1","100.0000","88101","PM2.5 - Local Conditions","145","R & P Model 2025 PM-2.5 Sequential Air Sampler w/VSCC","19100","Dallas-Fort Worth-Arlington, TX","48","Texas","113","Dallas","32.820061","-96.860117"
"12/20/2023","AQS","481130069","1","6.6","ug/m3 LC","37","Dallas Hinton","1","100.0000","88101","PM2.5 - Local Conditions","145","R & P Model 2025 PM-2.5 Sequential Air Sampler w/VSCC","19100","Dallas-Fort Worth-Arlington, TX","48","Texas","113","Dallas","32.820061","-96.860117"
"12/23/2023","AQS","481130069","1","7.4","ug/m3 LC","41","Dallas Hinton","1","100.0000","88101","PM2.5 - Local Conditions","145","R & P Model 2025 PM-2.5 Sequential Air Sampler w/VSCC","19100","Dallas-Fort Worth-Arlington, TX","48","Texas","113","Dallas","32.820061","-96.860117"
"12/26/2023","AQS","481130069","1","4.3","ug/m3 LC","24","Dallas Hinton","1","100.0000","88101","PM2.5 - Local Conditions","145","R & P Model 2025 PM-2.5 Sequential Air Sampler w/VSCC","19100","Dallas-Fort Worth-Arlington, TX","48","Texas","113","Dallas","32.820061","-96.860117"
"12/29/2023","AQS","481130069","1","2.3","ug/m3 LC","13","Dallas Hinton","1","100.0000","88101","PM2.5 - Local Conditions","145","R & P Model 2025 PM-2.5 Sequential Air Sampler w/VSCC","19100","Dallas-Fort Worth-Arlington, TX","48","Texas","113","Dallas","32.820061","-96.860117"
"01/12/2023","AQS","481130069","2","5.8","ug/m3 LC","32","Dallas Hinton","1","100.0000","88101","PM2.5 - Local Conditions","145","R & P Model 2025 PM-2.5 Sequential Air Sampler w/VSCC","19100","Dallas-Fort Worth-Arlington, TX","48","Texas","113","Dallas","32.820061","-96.860117"
"01/24/2023","AQS","481130069","2","4.4","ug/m3 LC","24","Dallas Hinton","1","100.0000","88101","PM2.5 - Local Conditions","145","R & P Model 2025 PM-2.5 Sequential Air Sampler w/VSCC","19100","Dallas-Fort Worth-Arlington, TX","48","Texas","113","Dallas","32.820061","-96.860117"
"02/05/2023","AQS","481130069","2","7.4","ug/m3 LC","41","Dallas Hinton","1","100.0000","88101","PM2.5 - Local Conditions","145","R & P Model 2025 PM-2.5 Sequential Air Sampler w/VSCC","19100","Dallas-Fort Worth-Arlington, TX","48","Texas","113","Dallas","32.820061","-96.860117"
"03/01/2023","AQS","481130069","2","12.7","ug/m3 LC","58","Dallas Hinton","1","100.0000","88101","PM2.5 - Local Conditions","145","R & P Model 2025 PM-2.5 Sequential Air Sampler w/VSCC","19100","Dallas-Fort Worth-Arlington, TX","48","Texas","113","Dallas","32.820061","-96.860117"
"03/13/2023","AQS","481130069","2","3.6","ug/m3 LC","20","Dallas Hinton","1","100.0000","88101","PM2.5 - Local Conditions","145","R & P Model 2025 PM-2.5 Sequential Air Sampler w/VSCC","19100","Dallas-Fort Worth-Arlington, TX","48","Texas","113","Dallas","32.820061","-96.860117"
"03/25/2023","AQS","481130069","2","11.4","ug/m3 LC","55","Dallas Hinton","1","100.0000","88101","PM2.5 - Local Conditions","145","R & P Model 2025 PM-2.5 Sequential Air Sampler w/VSCC","19100","Dallas-Fort Worth-Arlington, TX","48","Texas","113","Dallas","32.820061","-96.860117"
"04/06/2023","AQS","481130069","2","3.6","ug/m3 LC","20","Dallas Hinton","1","100.0000","88101","PM2.5 - Local Conditions","145","R & P Model 2025 PM-2.5 Sequential Air Sampler w/VSCC","19100","Dallas-Fort Worth-Arlington, TX","48","Texas","113","Dallas","32.820061","-96.860117"
"04/18/2023","AQS","481130069","2","8.8","ug/m3 LC","49","Dallas Hinton","1","100.0000","88101","PM2.5 - Local Conditions","145","R & P Model 2025 PM-2.5 Sequential Air Sampler w/VSCC","19100","Dallas-Fort Worth-Arlington, TX","48","Texas","113","Dallas","32.820061","-96.860117"
"04/30/2023","AQS","481130069","2","5.1","ug/m3 LC","28","Dallas Hinton","1","100.0000","88101","PM2.5 - Local Conditions","145","R & P Model 2025 PM-2.5 Sequential Air Sampler w/VSCC","19100","Dallas-Fort Worth-Arlington, TX","48","Texas","113","Dallas","32.820061","-96.860117"
"05/12/2023","AQS","481130069","2","21.1","ug/m3 LC","73","Dallas Hinton","1","100.0000","88101","PM2.5 - Local Conditions","145","R & P Model 2025 PM-2.5 Sequential Air Sampler w/VSCC","19100","Dallas-Fort Worth-Arlington, TX","48","Texas","113","Dallas","32.820061","-96.860117"
"05/24/2023","AQS","481130069","2","15.8","ug/m3 LC","63","Dallas Hinton","1","100.0000","88101","PM2.5 - Local Conditions","145","R & P Model 2025 PM-2.5 Sequential Air Sampler w/VSCC","19100","Dallas-Fort Worth-Arlington, TX","48","Texas","113","Dallas","32.820061","-96.860117"
"06/05/2023","AQS","481130069","2","8.1","ug/m3 LC","45","Dallas Hinton","1","100.0000","88101","PM2.5 - Local Conditions","145","R & P Model 2025 PM-2.5 Sequential Air Sampler w/VSCC","19100","Dallas-Fort Worth-Arlington, TX","48","Texas","113","Dallas","32.820061","-96.860117"
"06/17/2023","AQS","481130069","2","16.7","ug/m3 LC","65","Dallas Hinton","1","100.0000","88101","PM2.5 - Local Conditions","145","R & P Model 2025 PM-2.5 Sequential Air Sampler w/VSCC","19100","Dallas-Fort Worth-Arlington, TX","48","Texas","113","Dallas","32.820061","-96.860117"
"06/29/2023","AQS","481130069","2","9.3","ug/m3 LC","51","Dallas Hinton","1","100.0000","88101","PM2.5 - Local Conditions","145","R & P Model 2025 PM-2.5 Sequential Air Sampler w/VSCC","19100","Dallas-Fort Worth-Arlington, TX","48","Texas","113","Dallas","32.820061","-96.860117"
"07/11/2023","AQS","481130069","2","10.4","ug/m3 LC","53","Dallas Hinton","1","100.0000","88101","PM2.5 - Local Conditions","145","R & P Model 2025 PM-2.5 Sequential Air Sampler w/VSCC","19100","Dallas-Fort Worth-Arlington, TX","48","Texas","113","Dallas","32.820061","-96.860117"
"07/23/2023","AQS","481130069","2","10.3","ug/m3 LC","53","Dallas Hinton","1","100.0000","88101","PM2.5 - Local Conditions","145","R & P Model 2025 PM-2.5 Sequential Air Sampler w/VSCC","19100","Dallas-Fort Worth-Arlington, TX","48","Texas","113","Dallas","32.820061","-96.860117"
"08/04/2023","AQS","481130069","2","7.5","ug/m3 LC","42","Dallas Hinton","1","100.0000","88101","PM2.5 - Local Conditions","145","R & P Model 2025 PM-2.5 Sequential Air Sampler w/VSCC","19100","Dallas-Fort Worth-Arlington, TX","48","Texas","113","Dallas","32.820061","-96.860117"
"08/16/2023","AQS","481130069","2","5.1","ug/m3 LC","28","Dallas Hinton","1","100.0000","88101","PM2.5 - Local Conditions","145","R & P Model 2025 PM-2.5 Sequential Air Sampler w/VSCC","19100","Dallas-Fort Worth-Arlington, TX","48","Texas","113","Dallas","32.820061","-96.860117"
"08/28/2023","AQS","481130069","2","7.5","ug/m3 LC","42","Dallas Hinton","1","100.0000","88101","PM2.5 - Local Conditions","145","R & P Model 2025 PM-2.5 Sequential Air Sampler w/VSCC","19100","Dallas-Fort Worth-Arlington, TX","48","Texas","113","Dallas","32.820061","-96.860117"
"09/09/2023","AQS","481130069","2","8.4","ug/m3 LC","47","Dallas Hinton","1","100.0000","88101","PM2.5 - Local Conditions","145","R & P Model 2025 PM-2.5 Sequential Air Sampler w/VSCC","19100","Dallas-Fort Worth-Arlington, TX","48","Texas","113","Dallas","32.820061","-96.860117"
"09/21/2023","AQS","481130069","2","7.4","ug/m3 LC","41","Dallas Hinton","1","100.0000","88101","PM2.5 - Local Conditions","145","R & P Model 2025 PM-2.5 Sequential Air Sampler w/VSCC","19100","Dallas-Fort Worth-Arlington, TX","48","Texas","113","Dallas","32.820061","-96.860117"
"10/03/2023","AQS","481130069","2","9","ug/m3 LC","50","Dallas Hinton","1","100.0000","88101","PM2.5 - Local Conditions","145","R & P Model 2025 PM-2.5 Sequential Air Sampler w/VSCC","19100","Dallas-Fort Worth-Arlington, TX","48","Texas","113","Dallas","32.820061","-96.860117"
"11/21/2023","AQS","481130069","2","3.5","ug/m3 LC","19","Dallas Hinton","1","100.0000","88101","PM2.5 - Local Conditions","145","R & P Model 2025 PM-2.5 Sequential Air Sampler w/VSCC","19100","Dallas-Fort Worth-Arlington, TX","48","Texas","113","Dallas","32.820061","-96.860117"
"11/23/2023","AQS","481130069","2","6","ug/m3 LC","33","Dallas Hinton","1","100.0000","88101","PM2.5 - Local Conditions","145","R & P Model 2025 PM-2.5 Sequential Air Sampler w/VSCC","19100","Dallas-Fort Worth-Arlington, TX","48","Texas","113","Dallas","32.820061","-96.860117"
"12/14/2023","AQS","481130069","2","7.8","ug/m3 LC","43","Dallas Hinton","1","100.0000","88101","PM2.5 - Local Conditions","145","R & P Model 2025 PM-2.5 Sequential Air Sampler w/VSCC","19100","Dallas-Fort Worth-Arlington, TX","48","Texas","113","Dallas","32.820061","-96.860117"
"12/26/2023","AQS","481130069","2","4.1","ug/m3 LC","23","Dallas Hinton","1","100.0000","88101","PM2.5 - Local Conditions","145","R & P Model 2025 PM-2.5 Sequential Air Sampler w/VSCC","19100","Dallas-Fort Worth-Arlington, TX","48","Texas","113","Dallas","32.820061","-96.860117"
"01/01/2023","AQS","481130069","4","9.9","ug/m3 LC","52","Dallas Hinton","1","100.0000","88101","PM2.5 - Local Conditions","170","Met One BAM-1020 Mass Monitor w/VSCC","19100","Dallas-Fort Worth-Arlington, TX","48","Texas","113","Dallas","32.820061","-96.860117"
"01/02/2023","AQS","481130069","4","12.4","ug/m3 LC","57","Dallas Hinton","1","100.0000","88101","PM2.5 - Local Conditions","170","Met One BAM-1020 Mass Monitor w/VSCC","19100","Dallas-Fort Worth-Arlington, TX","48","Texas","113","Dallas","32.820061","-96.860117"
"01/03/2023","AQS","481130069","4","6.1","ug/m3 LC","34","Dallas Hinton","1","100.0000","88101","PM2.5 - Local Conditions","170","Met One BAM-1020 Mass Monitor w/VSCC","19100","Dallas-Fort Worth-Arlington, TX","48","Texas","113","Dallas","32.820061","-96.860117"
"01/04/2023","AQS","481130069","4","6.3","ug/m3 LC","35","Dallas Hinton","1","100.0000","88101","PM2.5 - Local Conditions","170","Met One BAM-1020 Mass Monitor w/VSCC","19100","Dallas-Fort Worth-Arlington, TX","48","Texas","113","Dallas","32.820061","-96.860117"
"01/05/2023","AQS","481130069","4","10.1","ug/m3 LC","53","Dallas Hinton","1","100.0000","88101","PM2.5 - Local Conditions","170","Met One BAM-1020 Mass Monitor w/VSCC","19100","Dallas-Fort Worth-Arlington, TX","48","Texas","113","Dallas","32.820061","-96.860117"
"01/06/2023","AQS","481130069","4","9.3","ug/m3 LC","51","Dallas Hinton","1","100.0000","88101","PM2.5 - Local Conditions","170","Met One BAM-1020 Mass Monitor w/VSCC","19100","Dallas-Fort Worth-Arlington, TX","48","Texas","113","Dallas","32.820061","-96.860117"
"01/07/2023","AQS","481130069","4","5.7","ug/m3 LC","32","Dallas Hinton","1","100.0000","88101","PM2.5 - Local Conditions","170","Met One BAM-1020 Mass Monitor w/VSCC","19100","Dallas-Fort Worth-Arlington, TX","48","Texas","113","Dallas","32.820061","-96.860117"
"01/08/2023","AQS","481130069","4","9.1","ug/m3 LC","51","Dallas Hinton","1","100.0000","88101","PM2.5 - Local Conditions","170","Met One BAM-1020 Mass Monitor w/VSCC","19100","Dallas-Fort Worth-Arlington, TX","48","Texas","113","Dallas","32.820061","-96.860117"
"01/09/2023","AQS","481130069","4","14","ug/m3 LC","60","Dallas Hinton","1","100.0000","88101","PM2.5 - Local Conditions","170","Met One BAM-1020 Mass Monitor w/VSCC","19100","Dallas-Fort Worth-Arlington, TX","48","Texas","113","Dallas","32.820061","-96.860117"
"01/10/2023","AQS","481130069","4","11.6","ug/m3 LC","56","Dallas Hinton","1","100.0000","88101","PM2.5 - Local Conditions","170","Met One BAM-1020 Mass Monitor w/VSCC","19100","Dallas-Fort Worth-Arlington, TX","48","Texas","113","Dallas","32.820061","-96.860117"
"01/11/2023","AQS","481130069","4","7.3","ug/m3 LC","41","Dallas Hinton","1","100.0000","88101","PM2.5 - Local Conditions","170","Met One BAM-1020 Mass Monitor w/VSCC","19100","Dallas-Fort Worth-Arlington, TX","48","Texas","113","Dallas","32.820061","-96.860117"
"01/12/2023","AQS","481130069","4","5.9","ug/m3 LC","33","Dallas Hinton","1","100.0000","88101","PM2.5 - Local Conditions","170","Met One BAM-1020 Mass Monitor w/VSCC","19100","Dallas-Fort Worth-Arlington, TX","48","Texas","113","Dallas","32.820061","-96.860117"
"01/13/2023","AQS","481130069","4","9.1","ug/m3 LC","51","Dallas Hinton","1","100.0000","88101","PM2.5 - Local Conditions","170","Met One BAM-1020 Mass Monitor w/VSCC","19100","Dallas-Fort Worth-Arlington, TX","48","Texas","113","Dallas","32.820061","-96.860117"
"01/14/2023","AQS","481130069","4","8.2","ug/m3 LC","46","Dallas Hinton","1","100.0000","88101","PM2.5 - Local Conditions","170","Met One BAM-1020 Mass Monitor w/VSCC","19100","Dallas-Fort Worth-Arlington, TX","48","Texas","113","Dallas","32.820061","-96.860117"
"01/15/2023","AQS","481130069","4","5.5","ug/m3 LC","31","Dallas Hinton","1","100.0000","88101","PM2.5 - Local Conditions","170","Met One BAM-1020 Mass Monitor w/VSCC","19100","Dallas-Fort Worth-Arlington, TX","48","Texas","113","Dallas","32.820061","-96.860117"
"01/16/2023","AQS","481130069","4","5.2","ug/m3 LC","29","Dallas Hinton","1","100.0000","88101","PM2.5 - Local Conditions","170","Met One BAM-1020 Mass Monitor w/VSCC","19100","Dallas-Fort Worth-Arlington, TX","48","Texas","113","Dallas","32.820061","-96.860117"
"01/17/2023","AQS","481130069","4","4.2","ug/m3 LC","23","Dallas Hinton","1","100.0000","88101","PM2.5 - Local Conditions","170","Met One BAM-1020 Mass Monitor w/VSCC","19100","Dallas-Fort Worth-Arlington, TX","48","Texas","113","Dallas","32.820061","-96.860117"
"01/18/2023","AQS","481130069","4","5.1","ug/m3 LC","28","Dallas Hinton","1","100.0000","88101","PM2.5 - Local Conditions","170","Met One BAM-1020 Mass Monitor w/VSCC","19100","Dallas-Fort Worth-Arlington, TX","48","Texas","113","Dallas","32.820061","-96.860117"
"01/19/2023","AQS","481130069","4","3.2","ug/m3 LC","18","Dallas Hinton","1","100.0000","88101","PM2.5 - Local Conditions","170","Met One BAM-1020 Mass Monitor w/VSCC","19100","Dallas-Fort Worth-Arlington, TX","48","Texas","113","Dallas","32.820061","-96.860117"
"01/20/2023","AQS","481130069","4","6.8","ug/m3 LC","38","Dallas Hinton","1","100.0000","88101","PM2.5 - Local Conditions","170","Met One BAM-1020 Mass Monitor w/VSCC","19100","Dallas-Fort Worth-Arlington, TX","48","Texas","113","Dallas","32.820061","-96.860117"
"01/21/2023","AQS","481130069","4","5","ug/m3 LC","28","Dallas Hinton","1","100.0000","88101","PM2.5 - Local Conditions","170","Met One BAM-1020 Mass Monitor w/VSCC","19100","Dallas-Fort Worth-Arlington, TX","48","Texas","113","Dallas","32.820061","-96.860117"
"01/22/2023","AQS","481130069","4","3.3","ug/m3 LC","18","Dallas Hinton","1","100.0000","88101","PM2.5 - Local Conditions","170","Met One BAM-1020 Mass Monitor w/VSCC","19100","Dallas-Fort Worth-Arlington, TX","48","Texas","113","Dallas","32.820061","-96.860117"
"01/23/2023","AQS","481130069","4","6.8","ug/m3 LC","38","Dallas Hinton","1","100.0000","88101","PM2.5 - Local Conditions","170","Met One BAM-1020 Mass Monitor w/VSCC","19100","Dallas-Fort Worth-Arlington, TX","48","Texas","113","Dallas","32.820061","-96.860117"
"01/24/2023","AQS","481130069","4","3.4","ug/m3 LC","19","Dallas Hinton","1","100.0000","88101","PM2.5 - Local Conditions","170","Met One BAM-1020 Mass Monitor w/VSCC","19100","Dallas-Fort Worth-Arlington, TX","48","Texas","113","Dallas","32.820061","-96.860117"
"01/25/2023","AQS","481130069","4","8.4","ug/m3 LC","47","Dallas Hinton","1","100.0000","88101","PM2.5 - Local Conditions","170","Met One BAM-1020 Mass Monitor w/VSCC","19100","Dallas-Fort Worth-Arlington, TX","48","Texas","113","Dallas","32.820061","-96.860117"
"01/26/2023","AQS","481130069","4","6.9","ug/m3 LC","38","Dallas Hinton","1","100.0000","88101","PM2.5 - Local Conditions","170","Met One BAM-1020 Mass Monitor w/VSCC","19100","Dallas-Fort Worth-Arlington, TX","48","Texas","113","Dallas","32.820061","-96.860117"
"01/27/2023","AQS","481130069","4","7.3","ug/m3 LC","41","Dallas Hinton","1","100.0000","88101","PM2.5 - Local Conditions","170","Met One BAM-1020 Mass Monitor w/VSCC","19100","Dallas-Fort Worth-Arlington, TX","48","Texas","113","Dallas","32.820061","-96.860117"
"01/28/2023","AQS","481130069","4","7.5","ug/m3 LC","42","Dallas Hinton","1","100.0000","88101","PM2.5 - Local Conditions","170","Met One BAM-1020 Mass Monitor w/VSCC","19100","Dallas-Fort Worth-Arlington, TX","48","Texas","113","Dallas","32.820061","-96.860117"
"01/29/2023","AQS","481130069","4","6.7","ug/m3 LC","37","Dallas Hinton","1","100.0000","88101","PM2.5 - Local Conditions","170","Met One BAM-1020 Mass Monitor w/VSCC","19100","Dallas-Fort Worth-Arlington, TX","48","Texas","113","Dallas","32.820061","-96.860117"
"01/30/2023","AQS","481130069","4","5.4","ug/m3 LC","30","Dallas Hinton","1","100.0000","88101","PM2.5 - Local Conditions","170","Met One BAM-1020 Mass Monitor w/VSCC","19100","Dallas-Fort Worth-Arlington, TX","48","Texas","113","Dallas","32.820061","-96.860117"
"01/31/2023","AQS","481130069","4","7","ug/m3 LC","39","Dallas Hinton","1","100.0000","88101","PM2.5 - Local Conditions","170","Met One BAM-1020 Mass Monitor w/VSCC","19100","Dallas-Fort Worth-Arlington, TX","48","Texas","113","Dallas","32.820061","-96.860117"
"02/01/2023","AQS","481130069","4","9.1","ug/m3 LC","51","Dallas Hinton","1","100.0000","88101","PM2.5 - Local Conditions","170","Met One BAM-1020 Mass Monitor w/VSCC","19100","Dallas-Fort Worth-Arlington, TX","48","Texas","113","Dallas","32.820061","-96.860117"
"02/02/2023","AQS","481130069","4","13.4","ug/m3 LC","59","Dallas Hinton","1","100.0000","88101","PM2.5 - Local Conditions","170","Met One BAM-1020 Mass Monitor w/VSCC","19100","Dallas-Fort Worth-Arlington, TX","48","Texas","113","Dallas","32.820061","-96.860117"
"02/03/2023","AQS","481130069","4","19.1","ug/m3 LC","70","Dallas Hinton","1","100.0000","88101","PM2.5 - Local Conditions","170","Met One BAM-1020 Mass Monitor w/VSCC","19100","Dallas-Fort Worth-Arlington, TX","48","Texas","113","Dallas","32.820061","-96.860117"
"02/04/2023","AQS","481130069","4","17.5","ug/m3 LC","67","Dallas Hinton","1","100.0000","88101","PM2.5 - Local Conditions","170","Met One BAM-1020 Mass Monitor w/VSCC","19100","Dallas-Fort Worth-Arlington, TX","48","Texas","113","Dallas","32.820061","-96.860117"
"02/05/2023","AQS","481130069","4","10.3","ug/m3 LC","53","Dallas Hinton","1","100.0000","88101","PM2.5 - Local Conditions","170","Met One BAM-1020 Mass Monitor w/VSCC","19100","Dallas-Fort Worth-Arlington, TX","48","Texas","113","Dallas","32.820061","-96.860117"
"02/06/2023","AQS","481130069","4","4.8","ug/m3 LC","27","Dallas Hinton","1","100.0000","88101","PM2.5 - Local Conditions","170","Met One BAM-1020 Mass Monitor w/VSCC","19100","Dallas-Fort Worth-Arlington, TX","48","Texas","113","Dallas","32.820061","-96.860117"
"02/07/2023","AQS","481130069","4","0.6","ug/m3 LC","3","Dallas Hinton","1","100.0000","88101","PM2.5 - Local Conditions","170","Met One BAM-1020 Mass Monitor w/VSCC","19100","Dallas-Fort Worth-Arlington, TX","48","Texas","113","Dallas","32.820061","-96.860117"
"02/08/2023","AQS","481130069","4","-1.3","ug/m3 LC","0","Dallas Hinton","1","100.0000","88101","PM2.5 - Local Conditions","170","Met One BAM-1020 Mass Monitor w/VSCC","19100","Dallas-Fort Worth-Arlington, TX","48","Texas","113","Dallas","32.820061","-96.860117"
"02/09/2023","AQS","481130069","4","6.9","ug/m3 LC","38","Dallas Hinton","1","100.0000","88101","PM2.5 - Local Conditions","170","Met One BAM-1020 Mass Monitor w/VSCC","19100","Dallas-Fort Worth-Arlington, TX","48","Texas","113","Dallas","32.820061","-96.860117"
"02/10/2023","AQS","481130069","4","5.4","ug/m3 LC","30","Dallas Hinton","1","100.0000","88101","PM2.5 - Local Conditions","170","Met One BAM-1020 Mass Monitor w/VSCC","19100","Dallas-Fort Worth-Arlington, TX","48","Texas","113","Dallas","32.820061","-96.860117"
"02/11/2023","AQS","481130069","4","8.1","ug/m3 LC","45","Dallas Hinton","1","100.0000","88101","PM2.5 - Local Conditions","170","Met One BAM-1020 Mass Monitor w/VSCC","19100","Dallas-Fort Worth-Arlington, TX","48","Texas","113","Dallas","32.820061","-96.860117"
"02/12/2023","AQS","481130069","4","8.8","ug/m3 LC","49","Dallas Hinton","1","100.0000","88101","PM2.5 - Local Conditions","170","Met One BAM-1020 Mass Monitor w/VSCC","19100","Dallas-Fort Worth-Arlington, TX","48","Texas","113","Dallas","32.820061","-96.860117"
"02/13/2023","AQS","481130069","4","5.5","ug/m3 LC","31","Dallas Hinton","1","100.0000","88101","PM2.5 - Local Conditions","170","Met One BAM-1020 Mass Monitor w/VSCC","19100","Dallas-Fort Worth-Arlington, TX","48","Texas","113","Dallas","32.820061","-96.860117"
"02/14/2023","AQS","481130069","4","2.3","ug/m3 LC","13","Dallas Hinton","1","100.0000","88101","PM2.5 - Local Conditions","170","Met One BAM-1020 Mass Monitor w/VSCC","19100","Dallas-Fort Worth-Arlington, TX","48","Texas","113","Dallas","32.820061","-96.860117"
"02/15/2023","AQS","481130069","4","8.7","ug/m3 LC","48","Dallas Hinton","1","100.0000","88101","PM2.5 - Local Conditions","170","Met One BAM-1020 Mass Monitor w/VSCC","19100","Dallas-Fort Worth-Arlington, TX","48","Texas","113","Dallas","32.820061","-96.860117"
"02/16/2023","AQS","481130069","4","2.1","ug/m3 LC","12","Dallas Hinton","1","100.0000","88101","PM2.5 - Local Conditions","170","Met One BAM-1020 Mass Monitor w/VSCC","19100","Dallas-Fort Worth-Arlington, TX","48","Texas","113","Dallas","32.820061","-96.860117"
"02/17/2023","AQS","481130069","4","3.8","ug/m3 LC","21","Dallas Hinton","1","100.0000","88101","PM2.5 - Local Conditions","170","Met One BAM-1020 Mass Monitor w/VSCC","19100","Dallas-Fort Worth-Arlington, TX","48","Texas","113","Dallas","32.820061","-96.860117"
"02/18/2023","AQS","481130069","4","8.4","ug/m3 LC","47","Dallas Hinton","1","100.0000","88101","PM2.5 - Local Conditions","170","Met One BAM-1020 Mass Monitor w/VSCC","19100","Dallas-Fort Worth-Arlington, TX","48","Texas","113","Dallas","32.820061","-96.860117"
"02/19/2023","AQS","481130069","4","6.8","ug/m3 LC","38","Dallas Hinton","1","100.0000","88101","PM2.5 - Local Conditions","170","Met One BAM-1020 Mass Monitor w/VSCC","19100","Dallas-Fort Worth-Arlington, TX","48","Texas","113","Dallas","32.820061","-96.860117"
"02/20/2023","AQS","481130069","4","4","ug/m3 LC","22","Dallas Hinton","1","100.0000","88101","PM2.5 - Local Conditions","170","Met One BAM-1020 Mass Monitor w/VSCC","19100","Dallas-Fort Worth-Arlington, TX","48","Texas","113","Dallas","32.820061","-96.860117"
"02/21/2023","AQS","481130069","4","5.1","ug/m3 LC","28","Dallas Hinton","1","100.0000","88101","PM2.5 - Local Conditions","170","Met One BAM-1020 Mass Monitor w/VSCC","19100","Dallas-Fort Worth-Arlington, TX","48","Texas","113","Dallas","32.820061","-96.860117"
"02/22/2023","AQS","481130069","4","4.8","ug/m3 LC","27","Dallas Hinton","1","100.0000","88101","PM2.5 - Local Conditions","170","Met One BAM-1020 Mass Monitor w/VSCC","19100","Dallas-Fort Worth-Arlington, TX","48","Texas","113","Dallas","32.820061","-96.860117"
"02/23/2023","AQS","481130069","4","5.1","ug/m3 LC","28","Dallas Hinton","1","100.0000","88101","PM2.5 - Local Conditions","170","Met One BAM-1020 Mass Monitor w/VSCC","19100","Dallas-Fort Worth-Arlington, TX","48","Texas","113","Dallas","32.820061","-96.860117"
"02/24/2023","AQS","481130069","4","6.3","ug/m3 LC","35","Dallas Hinton","1","100.0000","88101","PM2.5 - Local Conditions","170","Met One BAM-1020 Mass Monitor w/VSCC","19100","Dallas-Fort Worth-Arlington, TX","48","Texas","113","Dallas","32.820061","-96.860117"
"02/25/2023","AQS","481130069","4","14.5","ug/m3 LC","61","Dallas Hinton","1","100.0000","88101","PM2.5 - Local Conditions","170","Met One BAM-1020 Mass Monitor w/VSCC","19100","Dallas-Fort Worth-Arlington, TX","48","Texas","113","Dallas","32.820061","-96.860117"
"02/26/2023","AQS","481130069","4","18.1","ug/m3 LC","68","Dallas Hinton","1","100.0000","88101","PM2.5 - Local Conditions","170","Met One BAM-1020 Mass Monitor w/VSCC","19100","Dallas-Fort Worth-Arlington, TX","48","Texas","113","Dallas","32.820061","-96.860117"
"02/27/2023","AQS","481130069","4","44.5","ug/m3 LC","123","Dallas Hinton","1","100.0000","88101","PM2.5 - Local Conditions","170","Met One BAM-1020 Mass Monitor w/VSCC","19100","Dallas-Fort Worth-Arlington, TX","48","Texas","113","Dallas","32.820061","-96.860117"
"02/28/2023","AQS","481130069","4","6.6","ug/m3 LC","37","Dallas Hinton","1","100.0000","88101","PM2.5 - Local Conditions","170","Met One BAM-1020 Mass Monitor w/VSCC","19100","Dallas-Fort Worth-Arlington, TX","48","Texas","113","Dallas","32.820061","-96.860117"
"03/01/2023","AQS","481130069","4","10.6","ug/m3 LC","54","Dallas Hinton","1","100.0000","88101","PM2.5 - Local Conditions","170","Met One BAM-1020 Mass Monitor w/VSCC","19100","Dallas-Fort Worth-Arlington, TX","48","Texas","113","Dallas","32.820061","-96.860117"
"03/02/2023","AQS","481130069","4","13","ug/m3 LC","58","Dallas Hinton","1","100.0000","88101","PM2.5 - Local Conditions","170","Met One BAM-1020 Mass Monitor w/VSCC","19100","Dallas-Fort Worth-Arlington, TX","48","Texas","113","Dallas","32.820061","-96.860117"
"03/09/2023","AQS","481130069","4","15.6","ug/m3 LC","63","Dallas Hinton","1","100.0000","88101","PM2.5 - Local Conditions","170","Met One BAM-1020 Mass Monitor w/VSCC","19100","Dallas-Fort Worth-Arlington, TX","48","Texas","113","Dallas","32.820061","-96.860117"
"03/10/2023","AQS","481130069","4","4.7","ug/m3 LC","26","Dallas Hinton","1","100.0000","88101","PM2.5 - Local Conditions","170","Met One BAM-1020 Mass Monitor w/VSCC","19100","Dallas-Fort Worth-Arlington, TX","48","Texas","113","Dallas","32.820061","-96.860117"
"03/11/2023","AQS","481130069","4","13.8","ug/m3 LC","60","Dallas Hinton","1","100.0000","88101","PM2.5 - Local Conditions","170","Met One BAM-1020 Mass Monitor w/VSCC","19100","Dallas-Fort Worth-Arlington, TX","48","Texas","113","Dallas","32.820061","-96.860117"
"03/12/2023","AQS","481130069","4","1.7","ug/m3 LC","9","Dallas Hinton","1","100.0000","88101","PM2.5 - Local Conditions","170","Met One BAM-1020 Mass Monitor w/VSCC","19100","Dallas-Fort Worth-Arlington, TX","48","Texas","113","Dallas","32.820061","-96.860117"
"03/13/2023","AQS","481130069","4","3.2","ug/m3 LC","18","Dallas Hinton","1","100.0000","88101","PM2.5 - Local Conditions","170","Met One BAM-1020 Mass Monitor w/VSCC","19100","Dallas-Fort Worth-Arlington, TX","48","Texas","113","Dallas","32.820061","-96.860117"
"03/14/2023","AQS","481130069","4","8.6","ug/m3 LC","48","Dallas Hinton","1","100.0000","88101","PM2.5 - Local Conditions","170","Met One BAM-1020 Mass Monitor w/VSCC","19100","Dallas-Fort Worth-Arlington, TX","48","Texas","113","Dallas","32.820061","-96.860117"
"03/15/2023","AQS","481130069","4","15.4","ug/m3 LC","63","Dallas Hinton","1","100.0000","88101","PM2.5 - Local Conditions","170","Met One BAM-1020 Mass Monitor w/VSCC","19100","Dallas-Fort Worth-Arlington, TX","48","Texas","113","Dallas","32.820061","-96.860117"
"03/16/2023","AQS","481130069","4","5.3","ug/m3 LC","29","Dallas Hinton","1","100.0000","88101","PM2.5 - Local Conditions","170","Met One BAM-1020 Mass Monitor w/VSCC","19100","Dallas-Fort Worth-Arlington, TX","48","Texas","113","Dallas","32.820061","-96.860117"
"03/17/2023","AQS","481130069","4","2.4","ug/m3 LC","13","Dallas Hinton","1","100.0000","88101","PM2.5 - Local Conditions","170","Met One BAM-1020 Mass Monitor w/VSCC","19100","Dallas-Fort Worth-Arlington, TX","48","Texas","113","Dallas","32.820061","-96.860117"
"03/18/2023","AQS","481130069","4","5.5","ug/m3 LC","31","Dallas Hinton","1","100.0000","88101","PM2.5 - Local Conditions","170","Met One BAM-1020 Mass Monitor w/VSCC","19100","Dallas-Fort Worth-Arlington, TX","48","Texas","113","Dallas","32.820061","-96.860117"
"03/19/2023","AQS","481130069","4","5.5","ug/m3 LC","31","Dallas Hinton","1","100.0000","88101","PM2.5 - Local Conditions","170","Met One BAM-1020 Mass Monitor w/VSCC","19100","Dallas-Fort Worth-Arlington, TX","48","Texas","113","Dallas","32.820061","-96.860117"
"03/20/2023","AQS","481130069","4","7.7","ug/m3 LC","43","Dallas Hinton","1","100.0000","88101","PM2.5 - Local Conditions","170","Met One BAM-1020 Mass Monitor w/VSCC","19100","Dallas-Fort Worth-Arlington, TX","48","Texas","113","Dallas","32.820061","-96.860117"
"03/21/2023","AQS","481130069","4","5","ug/m3 LC","28","Dallas Hinton","1","100.0000","88101","PM2.5 - Local Conditions","170","Met One BAM-1020 Mass Monitor w/VSCC","19100","Dallas-Fort Worth-Arlington, TX","48","Texas","113","Dallas","32.820061","-96.860117"
"03/22/2023","AQS","481130069","4","7.6","ug/m3 LC","42","Dallas Hinton","1","100.0000","88101","PM2.5 - Local Conditions","170","Met One BAM-1020 Mass Monitor w/VSCC","19100","Dallas-Fort Worth-Arlington, TX","48","Texas","113","Dallas","32.820061","-96.860117"
"03/23/2023","AQS","481130069","4","9.6","ug/m3 LC","52","Dallas Hinton","1","100.0000","88101","PM2.5 - Local Conditions","170","Met One BAM-1020 Mass Monitor w/VSCC","19100","Dallas-Fort Worth-Arlington, TX","48","Texas","113","Dallas","32.820061","-96.860117"
"03/24/2023","AQS","481130069","4","5.9","ug/m3 LC","33","Dallas Hinton","1","100.0000","88101","PM2.5 - Local Conditions","170","Met One BAM-1020 Mass Monitor w/VSCC","19100","Dallas-Fort Worth-Arlington, TX","48","Texas","113","Dallas","32.820061","-96.860117"
"03/25/2023","AQS","481130069","4","9","ug/m3 LC","50","Dallas Hinton","1","100.0000","88101","PM2.5 - Local Conditions","170","Met One BAM-1020 Mass Monitor w/VSCC","19100","Dallas-Fort Worth-Arlington, TX","48","Texas","113","Dallas","32.820061","-96.860117"
"03/26/2023","AQS","481130069","4","12.1","ug/m3 LC","57","Dallas Hinton","1","100.0000","88101","PM2.5 - Local Conditions","170","Met One BAM-1020 Mass Monitor w/VSCC","19100","Dallas-Fort Worth-Arlington, TX","48","Texas","113","Dallas","32.820061","-96.860117"
"03/27/2023","AQS","481130069","4","7","ug/m3 LC","39","Dallas Hinton","1","100.0000","88101","PM2.5 - Local Conditions","170","Met One BAM-1020 Mass Monitor w/VSCC","19100","Dallas-Fort Worth-Arlington, TX","48","Texas","113","Dallas","32.820061","-96.860117"
"03/28/2023","AQS","481130069","4","9.3","ug/m3 LC","51","Dallas Hinton","1","100.0000","88101","PM2.5 - Local Conditions","170","Met One BAM-1020 Mass Monitor w/VSCC","19100","Dallas-Fort Worth-Arlington, TX","48","Texas","113","Dallas","32.820061","-96.860117"
"03/29/2023","AQS","481130069","4","12.7","ug/m3 LC","58","Dallas Hinton","1","100.0000","88101","PM2.5 - Local Conditions","170","Met One BAM-1020 Mass Monitor w/VSCC","19100","Dallas-Fort Worth-Arlington, TX","48","Texas","113","Dallas","32.820061","-96.860117"
"03/30/2023","AQS","481130069","4","11.7","ug/m3 LC","56","Dallas Hinton","1","100.0000","88101","PM2.5 - Local Conditions","170","Met One BAM-1020 Mass Monitor w/VSCC","19100","Dallas-Fort Worth-Arlington, TX","48","Texas","113","Dallas","32.820061","-96.860117"
"03/31/2023","AQS","481130069","4","10.3","ug/m3 LC","53","Dallas Hinton","1","100.0000","88101","PM2.5 - Local Conditions","170","Met One BAM-1020 Mass Monitor w/VSCC","19100","Dallas-Fort Worth-Arlington, TX","48","Texas","113","Dallas","32.820061","-96.860117"
"04/01/2023","AQS","481130069","4","10.4","ug/m3 LC","53","Dallas Hinton","1","100.0000","88101","PM2.5 - Local Conditions","170","Met One BAM-1020 Mass Monitor w/VSCC","19100","Dallas-Fort Worth-Arlington, TX","48","Texas","113","Dallas","32.820061","-96.860117"
"04/02/2023","AQS","481130069","4","15","ug/m3 LC","62","Dallas Hinton","1","100.0000","88101","PM2.5 - Local Conditions","170","Met One BAM-1020 Mass Monitor w/VSCC","19100","Dallas-Fort Worth-Arlington, TX","48","Texas","113","Dallas","32.820061","-96.860117"
"04/03/2023","AQS","481130069","4","15.7","ug/m3 LC","63","Dallas Hinton","1","100.0000","88101","PM2.5 - Local Conditions","170","Met One BAM-1020 Mass Monitor w/VSCC","19100","Dallas-Fort Worth-Arlington, TX","48","Texas","113","Dallas","32.820061","-96.860117"
"04/04/2023","AQS","481130069","4","20","ug/m3 LC","71","Dallas Hinton","1","100.0000","88101","PM2.5 - Local Conditions","170","Met One BAM-1020 Mass Monitor w/VSCC","19100","Dallas-Fort Worth-Arlington, TX","48","Texas","113","Dallas","32.820061","-96.860117"
"04/05/2023","AQS","481130069","4","9.8","ug/m3 LC","52","Dallas Hinton","1","100.0000","88101","PM2.5 - Local Conditions","170","Met One BAM-1020 Mass Monitor w/VSCC","19100","Dallas-Fort Worth-Arlington, TX","48","Texas","113","Dallas","32.820061","-96.860117"
"04/06/2023","AQS","481130069","4","7.7","ug/m3 LC","43","Dallas Hinton","1","100.0000","88101","PM2.5 - Local Conditions","170","Met One BAM-1020 Mass Monitor w/VSCC","19100","Dallas-Fort Worth-Arlington, TX","48","Texas","113","Dallas","32.820061","-96.860117"
"04/07/2023","AQS","481130069","4","6.8","ug/m3 LC","38","Dallas Hinton","1","100.0000","88101","PM2.5 - Local Conditions","170","Met One BAM-1020 Mass Monitor w/VSCC","19100","Dallas-Fort Worth-Arlington, TX","48","Texas","113","Dallas","32.820061","-96.860117"
"04/08/2023","AQS","481130069","4","6.7","ug/m3 LC","37","Dallas Hinton","1","100.0000","88101","PM2.5 - Local Conditions","170","Met One BAM-1020 Mass Monitor w/VSCC","19100","Dallas-Fort Worth-Arlington, TX","48","Texas","113","Dallas","32.820061","-96.860117"
"04/09/2023","AQS","481130069","4","11","ug/m3 LC","55","Dallas Hinton","1","100.0000","88101","PM2.5 - Local Conditions","170","Met One BAM-1020 Mass Monitor w/VSCC","19100","Dallas-Fort Worth-Arlington, TX","48","Texas","113","Dallas","32.820061","-96.860117"
"04/10/2023","AQS","481130069","4","5.8","ug/m3 LC","32","Dallas Hinton","1","100.0000","88101","PM2.5 - Local Conditions","170","Met One BAM-1020 Mass Monitor w/VSCC","19100","Dallas-Fort Worth-Arlington, TX","48","Texas","113","Dallas","32.820061","-96.860117"
"04/11/2023","AQS","481130069","4","7.3","ug/m3 LC","41","Dallas Hinton","1","100.0000","88101","PM2.5 - Local Conditions","170","Met One BAM-1020 Mass Monitor w/VSCC","19100","Dallas-Fort Worth-Arlington, TX","48","Texas","113","Dallas","32.820061","-96.860117"
"04/12/2023","AQS","481130069","4","9.4","ug/m3 LC","52","Dallas Hinton","1","100.0000","88101","PM2.5 - Local Conditions","170","Met One BAM-1020 Mass Monitor w/VSCC","19100","Dallas-Fort Worth-Arlington, TX","48","Texas","113","Dallas","32.820061","-96.860117"
"04/13/2023","AQS","481130069","4","6.9","ug/m3 LC","38","Dallas Hinton","1","100.0000","88101","PM2.5 - Local Conditions","170","Met One BAM-1020 Mass Monitor w/VSCC","19100","Dallas-Fort Worth-Arlington, TX","48","Texas","113","Dallas","32.820061","-96.860117"
"04/14/2023","AQS","481130069","4","6.1","ug/m3 LC","34","Dallas Hinton","1","100.0000","88101","PM2.5 - Local Conditions","170","Met One BAM-1020 Mass Monitor w/VSCC","19100","Dallas-Fort Worth-Arlington, TX","48","Texas","113","Dallas","32.820061","-96.860117"
"04/15/2023","AQS","481130069","4","4.4","ug/m3 LC","24","Dallas Hinton","1","100.0000","88101","PM2.5 - Local Conditions","170","Met One BAM-1020 Mass Monitor w/VSCC","19100","Dallas-Fort Worth-Arlington, TX","48","Texas","113","Dallas","32.820061","-96.860117"
"04/16/2023","AQS","481130069","4","4.7","ug/m3 LC","26","Dallas Hinton","1","100.0000","88101","PM2.5 - Local Conditions","170","Met One BAM-1020 Mass Monitor w/VSCC","19100","Dallas-Fort Worth-Arlington, TX","48","Texas","113","Dallas","32.820061","-96.860117"
"04/17/2023","AQS","481130069","4","8.2","ug/m3 LC","46","Dallas Hinton","1","100.0000","88101","PM2.5 - Local Conditions","170","Met One BAM-1020 Mass Monitor w/VSCC","19100","Dallas-Fort Worth-Arlington, TX","48","Texas","113","Dallas","32.820061","-96.860117"
"04/18/2023","AQS","481130069","4","9.5","ug/m3 LC","52","Dallas Hinton","1","100.0000","88101","PM2.5 - Local Conditions","170","Met One BAM-1020 Mass Monitor w/VSCC","19100","Dallas-Fort Worth-Arlington, TX","48","Texas","113","Dallas","32.820061","-96.860117"
"04/19/2023","AQS","481130069","4","8.2","ug/m3 LC","46","Dallas Hinton","1","100.0000","88101","PM2.5 - Local Conditions","170","Met One BAM-1020 Mass Monitor w/VSCC","19100","Dallas-Fort Worth-Arlington, TX","48","Texas","113","Dallas","32.820061","-96.860117"
"04/20/2023","AQS","481130069","4","17","ug/m3 LC","66","Dallas Hinton","1","100.0000","88101","PM2.5 - Local Conditions","170","Met One BAM-1020 Mass Monitor w/VSCC","19100","Dallas-Fort Worth-Arlington, TX","48","Texas","113","Dallas","32.820061","-96.860117"
"04/21/2023","AQS","481130069","4","7.8","ug/m3 LC","43","Dallas Hinton","1","100.0000","88101","PM2.5 - Local Conditions","170","Met One BAM-1020 Mass Monitor w/VSCC","19100","Dallas-Fort Worth-Arlington, TX","48","Texas","113","Dallas","32.820061","-96.860117"
"04/22/2023","AQS","481130069","4","7.2","ug/m3 LC","40","Dallas Hinton","1","100.0000","88101","PM2.5 - Local Conditions","170","Met One BAM-1020 Mass Monitor w/VSCC","19100","Dallas-Fort Worth-Arlington, TX","48","Texas","113","Dallas","32.820061","-96.860117"
"04/23/2023","AQS","481130069","4","6.7","ug/m3 LC","37","Dallas Hinton","1","100.0000","88101","PM2.5 - Local Conditions","170","Met One BAM-1020 Mass Monitor w/VSCC","19100","Dallas-Fort Worth-Arlington, TX","48","Texas","113","Dallas","32.820061","-96.860117"
"04/24/2023","AQS","481130069","4","8.5","ug/m3 LC","47","Dallas Hinton","1","100.0000","88101","PM2.5 - Local Conditions","170","Met One BAM-1020 Mass Monitor w/VSCC","19100","Dallas-Fort Worth-Arlington, TX","48","Texas","113","Dallas","32.820061","-96.860117"
"04/25/2023","AQS","481130069","4","9.3","ug/m3 LC","51","Dallas Hinton","1","100.0000","88101","PM2.5 - Local Conditions","170","Met One BAM-1020 Mass Monitor w/VSCC","19100","Dallas-Fort Worth-Arlington, TX","48","Texas","113","Dallas","32.820061","-96.860117"
"04/26/2023","AQS","481130069","4","7.9","ug/m3 LC","44","Dallas Hinton","1","100.0000","88101","PM2.5 - Local Conditions","170","Met One BAM-1020 Mass Monitor w/VSCC","19100","Dallas-Fort Worth-Arlington, TX","48","Texas","113","Dallas","32.820061","-96.860117"
"04/27/2023","AQS","481130069","4","4.7","ug/m3 LC","26","Dallas Hinton","1","100.0000","88101","PM2.5 - Local Conditions","170","Met One BAM-1020 Mass Monitor w/VSCC","19100","Dallas-Fort Worth-Arlington, TX","48","Texas","113","Dallas","32.820061","-96.860117"
"04/28/2023","AQS","481130069","4","4.8","ug/m3 LC","27","Dallas Hinton","1","100.0000","88101","PM2.5 - Local Conditions","170","Met One BAM-1020 Mass Monitor w/VSCC","19100","Dallas-Fort Worth-Arlington, TX","48","Texas","113","Dallas","32.820061","-96.860117"
"04/29/2023","AQS","481130069","4","3.7","ug/m3 LC","21","Dallas Hinton","1","100.0000","88101","PM2.5 - Local Conditions","170","Met One BAM-1020 Mass Monitor w/VSCC","19100","Dallas-Fort Worth-Arlington, TX","48","Texas","113","Dallas","32.820061","-96.860117"
"04/30/2023","AQS","481130069","4","5.1","ug/m3 LC","28","Dallas Hinton","1","100.0000","88101","PM2.5 - Local Conditions","170","Met One BAM-1020 Mass Monitor w/VSCC","19100","Dallas-Fort Worth-Arlington, TX","48","Texas","113","Dallas","32.820061","-96.860117"
"05/01/2023","AQS","481130069","4","4.2","ug/m3 LC","23","Dallas Hinton","1","100.0000","88101","PM2.5 - Local Conditions","170","Met One BAM-1020 Mass Monitor w/VSCC","19100","Dallas-Fort Worth-Arlington, TX","48","Texas","113","Dallas","32.820061","-96.860117"
"05/02/2023","AQS","481130069","4","7.3","ug/m3 LC","41","Dallas Hinton","1","100.0000","88101","PM2.5 - Local Conditions","170","Met One BAM-1020 Mass Monitor w/VSCC","19100","Dallas-Fort Worth-Arlington, TX","48","Texas","113","Dallas","32.820061","-96.860117"
"05/03/2023","AQS","481130069","4","7.1","ug/m3 LC","39","Dallas Hinton","1","100.0000","88101","PM2.5 - Local Conditions","170","Met One BAM-1020 Mass Monitor w/VSCC","19100","Dallas-Fort Worth-Arlington, TX","48","Texas","113","Dallas","32.820061","-96.860117"
"05/04/2023","AQS","481130069","4","12.7","ug/m3 LC","58","Dallas Hinton","1","100.0000","88101","PM2.5 - Local Conditions","170","Met One BAM-1020 Mass Monitor w/VSCC","19100","Dallas-Fort Worth-Arlington, TX","48","Texas","113","Dallas","32.820061","-96.860117"
"05/05/2023","AQS","481130069","4","12.1","ug/m3 LC","57","Dallas Hinton","1","100.0000","88101","PM2.5 - Local Conditions","170","Met One BAM-1020 Mass Monitor w/VSCC","19100","Dallas-Fort Worth-Arlington, TX","48","Texas","113","Dallas","32.820061","-96.860117"
"05/06/2023","AQS","481130069","4","13.2","ug/m3 LC","59","Dallas Hinton","1","100.0000","88101","PM2.5 - Local Conditions","170","Met One BAM-1020 Mass Monitor w/VSCC","19100","Dallas-Fort Worth-Arlington, TX","48","Texas","113","Dallas","32.820061","-96.860117"
"05/07/2023","AQS","481130069","4","10.3","ug/m3 LC","53","Dallas Hinton","1","100.0000","88101","PM2.5 - Local Conditions","170","Met One BAM-1020 Mass Monitor w/VSCC","19100","Dallas-Fort Worth-Arlington, TX","48","Texas","113","Dallas","32.820061","-96.860117"
"05/08/2023","AQS","481130069","4","13.6","ug/m3 LC","59","Dallas Hinton","1","100.0000","88101","PM2.5 - Local Conditions","170","Met One BAM-1020 Mass Monitor w/VSCC","19100","Dallas-Fort Worth-Arlington, TX","48","Texas","113","Dallas","32.820061","-96.860117"
"05/09/2023","AQS","481130069","4","11.6","ug/m3 LC","56","Dallas Hinton","1","100.0000","88101","PM2.5 - Local Conditions","170","Met One BAM-1020 Mass Monitor w/VSCC","19100","Dallas-Fort Worth-Arlington, TX","48","Texas","113","Dallas","32.820061","-96.860117"
"05/10/2023","AQS","481130069","4","7.3","ug/m3 LC","41","Dallas Hinton","1","100.0000","88101","PM2.5 - Local Conditions","170","Met One BAM-1020 Mass Monitor w/VSCC","19100","Dallas-Fort Worth-Arlington, TX","48","Texas","113","Dallas","32.820061","-96.860117"
"05/11/2023","AQS","481130069","4","17.2","ug/m3 LC","66","Dallas Hinton","1","100.0000","88101","PM2.5 - Local Conditions","170","Met One BAM-1020 Mass Monitor w/VSCC","19100","Dallas-Fort Worth-Arlington, TX","48","Texas","113","Dallas","32.820061","-96.860117"
"05/12/2023","AQS","481130069","4","19.3","ug/m3 LC","70","Dallas Hinton","1","100.0000","88101","PM2.5 - Local Conditions","170","Met One BAM-1020 Mass Monitor w/VSCC","19100","Dallas-Fort Worth-Arlington, TX","48","Texas","113","Dallas","32.820061","-96.860117"
"05/13/2023","AQS","481130069","4","3.2","ug/m3 LC","18","Dallas Hinton","1","100.0000","88101","PM2.5 - Local Conditions","170","Met One BAM-1020 Mass Monitor w/VSCC","19100","Dallas-Fort Worth-Arlington, TX","48","Texas","113","Dallas","32.820061","-96.860117"
"05/14/2023","AQS","481130069","4","3","ug/m3 LC","17","Dallas Hinton","1","100.0000","88101","PM2.5 - Local Conditions","170","Met One BAM-1020 Mass Monitor w/VSCC","19100","Dallas-Fort Worth-Arlington, TX","48","Texas","113","Dallas","32.820061","-96.860117"
"05/15/2023","AQS","481130069","4","4.8","ug/m3 LC","27","Dallas Hinton","1","100.0000","88101","PM2.5 - Local Conditions","170","Met One BAM-1020 Mass Monitor w/VSCC","19100","Dallas-Fort Worth-Arlington, TX","48","Texas","113","Dallas","32.820061","-96.860117"
"05/16/2023","AQS","481130069","4","3.2","ug/m3 LC","18","Dallas Hinton","1","100.0000","88101","PM2.5 - Local Conditions","170","Met One BAM-1020 Mass Monitor w/VSCC","19100","Dallas-Fort Worth-Arlington, TX","48","Texas","113","Dallas","32.820061","-96.860117"
"05/17/2023","AQS","481130069","4","5.3","ug/m3 LC","29","Dallas Hinton","1","100.0000","88101","PM2.5 - Local Conditions","170","Met One BAM-1020 Mass Monitor w/VSCC","19100","Dallas-Fort Worth-Arlington, TX","48","Texas","113","Dallas","32.820061","-96.860117"
"05/18/2023","AQS","481130069","4","7.5","ug/m3 LC","42","Dallas Hinton","1","100.0000","88101","PM2.5 - Local Conditions","170","Met One BAM-1020 Mass Monitor w/VSCC","19100","Dallas-Fort Worth-Arlington, TX","48","Texas","113","Dallas","32.820061","-96.860117"
"05/19/2023","AQS","481130069","4","6.7","ug/m3 LC","37","Dallas Hinton","1","100.0000","88101","PM2.5 - Local Conditions","170","Met One BAM-1020 Mass Monitor w/VSCC","19100","Dallas-Fort Worth-Arlington, TX","48","Texas","113","Dallas","32.820061","-96.860117"
"05/20/2023","AQS","481130069","4","22.9","ug/m3 LC","77","Dallas Hinton","1","100.0000","88101","PM2.5 - Local Conditions","170","Met One BAM-1020 Mass Monitor w/VSCC","19100","Dallas-Fort Worth-Arlington, TX","48","Texas","113","Dallas","32.820061","-96.860117"
"05/21/2023","AQS","481130069","4","14.6","ug/m3 LC","61","Dallas Hinton","1","100.0000","88101","PM2.5 - Local Conditions","170","Met One BAM-1020 Mass Monitor w/VSCC","19100","Dallas-Fort Worth-Arlington, TX","48","Texas","113","Dallas","32.820061","-96.860117"
"05/22/2023","AQS","481130069","4","20.3","ug/m3 LC","72","Dallas Hinton","1","100.0000","88101","PM2.5 - Local Conditions","170","Met One BAM-1020 Mass Monitor w/VSCC","19100","Dallas-Fort Worth-Arlington, TX","48","Texas","113","Dallas","32.820061","-96.860117"
"05/23/2023","AQS","481130069","4","20.9","ug/m3 LC","73","Dallas Hinton","1","100.0000","88101","PM2.5 - Local Conditions","170","Met One BAM-1020 Mass Monitor w/VSCC","19100","Dallas-Fort Worth-Arlington, TX","48","Texas","113","Dallas","32.820061","-96.860117"
"05/24/2023","AQS","481130069","4","15.7","ug/m3 LC","63","Dallas Hinton","1","100.0000","88101","PM2.5 - Local Conditions","170","Met One BAM-1020 Mass Monitor w/VSCC","19100","Dallas-Fort Worth-Arlington, TX","48","Texas","113","Dallas","32.820061","-96.860117"
"05/25/2023","AQS","481130069","4","11.6","ug/m3 LC","56","Dallas Hinton","1","100.0000","88101","PM2.5 - Local Conditions","170","Met One BAM-1020 Mass Monitor w/VSCC","19100","Dallas-Fort Worth-Arlington, TX","48","Texas","113","Dallas","32.820061","-96.860117"
"05/26/2023","AQS","481130069","4","18.4","ug/m3 LC","68","Dallas Hinton","1","100.0000","88101","PM2.5 - Local Conditions","170","Met One BAM-1020 Mass Monitor w/VSCC","19100","Dallas-Fort Worth-Arlington, TX","48","Texas","113","Dallas","32.820061","-96.860117"
"05/27/2023","AQS","481130069","4","22.3","ug/m3 LC","76","Dallas Hinton","1","100.0000","88101","PM2.5 - Local Conditions","170","Met One BAM-1020 Mass Monitor w/VSCC","19100","Dallas-Fort Worth-Arlington, TX","48","Texas","113","Dallas","32.820061","-96.860117"
"05/28/2023","AQS","481130069","4","19.6","ug/m3 LC","71","Dallas Hinton","1","100.0000","88101","PM2.5 - Local Conditions","170","Met One BAM-1020 Mass Monitor w/VSCC","19100","Dallas-Fort Worth-Arlington, TX","48","Texas","113","Dallas","32.820061","-96.860117"
"05/29/2023","AQS","481130069","4","13.9","ug/m3 LC","60","Dallas Hinton","1","100.0000","88101","PM2.5 - Local Conditions","170","Met One BAM-1020 Mass Monitor w/VSCC","19100","Dallas-Fort Worth-Arlington, TX","48","Texas","113","Dallas","32.820061","-96.860117"
"05/30/2023","AQS","481130069","4","9.8","ug/m3 LC","52","Dallas Hinton","1","100.0000","88101","PM2.5 - Local Conditions","170","Met One BAM-1020 Mass Monitor w/VSCC","19100","Dallas-Fort Worth-Arlington, TX","48","Texas","113","Dallas","32.820061","-96.860117"
"05/31/2023","AQS","481130069","4","12.6","ug/m3 LC","58","Dallas Hinton","1","100.0000","88101","PM2.5 - Local Conditions","170","Met One BAM-1020 Mass Monitor w/VSCC","19100","Dallas-Fort Worth-Arlington, TX","48","Texas","113","Dallas","32.820061","-96.860117"
"06/01/2023","AQS","481130069","4","13.9","ug/m3 LC","60","Dallas Hinton","1","100.0000","88101","PM2.5 - Local Conditions","170","Met One BAM-1020 Mass Monitor w/VSCC","19100","Dallas-Fort Worth-Arlington, TX","48","Texas","113","Dallas","32.820061","-96.860117"
"06/02/2023","AQS","481130069","4","16.3","ug/m3 LC","64","Dallas Hinton","1","100.0000","88101","PM2.5 - Local Conditions","170","Met One BAM-1020 Mass Monitor w/VSCC","19100","Dallas-Fort Worth-Arlington, TX","48","Texas","113","Dallas","32.820061","-96.860117"
"06/03/2023","AQS","481130069","4","5.7","ug/m3 LC","32","Dallas Hinton","1","100.0000","88101","PM2.5 - Local Conditions","170","Met One BAM-1020 Mass Monitor w/VSCC","19100","Dallas-Fort Worth-Arlington, TX","48","Texas","113","Dallas","32.820061","-96.860117"
"06/04/2023","AQS","481130069","4","5.5","ug/m3 LC","31","Dallas Hinton","1","100.0000","88101","PM2.5 - Local Conditions","170","Met One BAM-1020 Mass Monitor w/VSCC","19100","Dallas-Fort Worth-Arlington, TX","48","Texas","113","Dallas","32.820061","-96.860117"
"06/05/2023","AQS","481130069","4","7.3","ug/m3 LC","41","Dallas Hinton","1","100.0000","88101","PM2.5 - Local Conditions","170","Met One BAM-1020 Mass Monitor w/VSCC","19100","Dallas-Fort Worth-Arlington, TX","48","Texas","113","Dallas","32.820061","-96.860117"
"06/06/2023","AQS","481130069","4","11.6","ug/m3 LC","56","Dallas Hinton","1","100.0000","88101","PM2.5 - Local Conditions","170","Met One BAM-1020 Mass Monitor w/VSCC","19100","Dallas-Fort Worth-Arlington, TX","48","Texas","113","Dallas","32.820061","-96.860117"
"06/07/2023","AQS","481130069","4","12.4","ug/m3 LC","57","Dallas Hinton","1","100.0000","88101","PM2.5 - Local Conditions","170","Met One BAM-1020 Mass Monitor w/VSCC","19100","Dallas-Fort Worth-Arlington, TX","48","Texas","113","Dallas","32.820061","-96.860117"
"06/08/2023","AQS","481130069","4","9.9","ug/m3 LC","52","Dallas Hinton","1","100.0000","88101","PM2.5 - Local Conditions","170","Met One BAM-1020 Mass Monitor w/VSCC","19100","Dallas-Fort Worth-Arlington, TX","48","Texas","113","Dallas","32.820061","-96.860117"
"06/09/2023","AQS","481130069","4","8.7","ug/m3 LC","48","Dallas Hinton","1","100.0000","88101","PM2.5 - Local Conditions","170","Met One BAM-1020 Mass Monitor w/VSCC","19100","Dallas-Fort Worth-Arlington, TX","48","Texas","113","Dallas","32.820061","-96.860117"
"06/10/2023","AQS","481130069","4","6.6","ug/m3 LC","37","Dallas Hinton","1","100.0000","88101","PM2.5 - Local Conditions","170","Met One BAM-1020 Mass Monitor w/VSCC","19100","Dallas-Fort Worth-Arlington, TX","48","Texas","113","Dallas","32.820061","-96.860117"
"06/11/2023","AQS","481130069","4","5.6","ug/m3 LC","31","Dallas Hinton","1","100.0000","88101","PM2.5 - Local Conditions","170","Met One BAM-1020 Mass Monitor w/VSCC","19100","Dallas-Fort Worth-Arlington, TX","48","Texas","113","Dallas","32.820061","-96.860117"
"06/12/2023","AQS","481130069","4","5.5","ug/m3 LC","31","Dallas Hinton","1","100.0000","88101","PM2.5 - Local Conditions","170","Met One BAM-1020 Mass Monitor w/VSCC","19100","Dallas-Fort Worth-Arlington, TX","48","Texas","113","Dallas","32.820061","-96.860117"
"06/13/2023","AQS","481130069","4","13.2","ug/m3 LC","59","Dallas Hinton","1","100.0000","88101","PM2.5 - Local Conditions","170","Met One BAM-1020 Mass Monitor w/VSCC","19100","Dallas-Fort Worth-Arlington, TX","48","Texas","113","Dallas","32.820061","-96.860117"
"06/14/2023","AQS","481130069","4","17.9","ug/m3 LC","67","Dallas Hinton","1","100.0000","88101","PM2.5 - Local Conditions","170","Met One BAM-1020 Mass Monitor w/VSCC","19100","Dallas-Fort Worth-Arlington, TX","48","Texas","113","Dallas","32.820061","-96.860117"
"06/15/2023","AQS","481130069","4","21.6","ug/m3 LC","74","Dallas Hinton","1","100.0000","88101","PM2.5 - Local Conditions","170","Met One BAM-1020 Mass Monitor w/VSCC","19100","Dallas-Fort Worth-Arlington, TX","48","Texas","113","Dallas","32.820061","-96.860117"
"06/16/2023","AQS","481130069","4","13.3","ug/m3 LC","59","Dallas Hinton","1","100.0000","88101","PM2.5 - Local Conditions","170","Met One BAM-1020 Mass Monitor w/VSCC","19100","Dallas-Fort Worth-Arlington, TX","48","Texas","113","Dallas","32.820061","-96.860117"
"06/17/2023","AQS","481130069","4","16.5","ug/m3 LC","65","Dallas Hinton","1","100.0000","88101","PM2.5 - Local Conditions","170","Met One BAM-1020 Mass Monitor w/VSCC","19100","Dallas-Fort Worth-Arlington, TX","48","Texas","113","Dallas","32.820061","-96.860117"
"06/18/2023","AQS","481130069","4","13.4","ug/m3 LC","59","Dallas Hinton","1","100.0000","88101","PM2.5 - Local Conditions","170","Met One BAM-1020 Mass Monitor w/VSCC","19100","Dallas-Fort Worth-Arlington, TX","48","Texas","113","Dallas","32.820061","-96.860117"
"06/19/2023","AQS","481130069","4","14","ug/m3 LC","60","Dallas Hinton","1","100.0000","88101","PM2.5 - Local Conditions","170","Met One BAM-1020 Mass Monitor w/VSCC","19100","Dallas-Fort Worth-Arlington, TX","48","Texas","113","Dallas","32.820061","-96.860117"
"06/20/2023","AQS","481130069","4","18.3","ug/m3 LC","68","Dallas Hinton","1","100.0000","88101","PM2.5 - Local Conditions","170","Met One BAM-1020 Mass Monitor w/VSCC","19100","Dallas-Fort Worth-Arlington, TX","48","Texas","113","Dallas","32.820061","-96.860117"
"06/21/2023","AQS","481130069","4","19.5","ug/m3 LC","70","Dallas Hinton","1","100.0000","88101","PM2.5 - Local Conditions","170","Met One BAM-1020 Mass Monitor w/VSCC","19100","Dallas-Fort Worth-Arlington, TX","48","Texas","113","Dallas","32.820061","-96.860117"
"06/22/2023","AQS","481130069","4","12.2","ug/m3 LC","57","Dallas Hinton","1","100.0000","88101","PM2.5 - Local Conditions","170","Met One BAM-1020 Mass Monitor w/VSCC","19100","Dallas-Fort Worth-Arlington, TX","48","Texas","113","Dallas","32.820061","-96.860117"
"06/23/2023","AQS","481130069","4","12.3","ug/m3 LC","57","Dallas Hinton","1","100.0000","88101","PM2.5 - Local Conditions","170","Met One BAM-1020 Mass Monitor w/VSCC","19100","Dallas-Fort Worth-Arlington, TX","48","Texas","113","Dallas","32.820061","-96.860117"
"06/24/2023","AQS","481130069","4","10.3","ug/m3 LC","53","Dallas Hinton","1","100.0000","88101","PM2.5 - Local Conditions","170","Met One BAM-1020 Mass Monitor w/VSCC","19100","Dallas-Fort Worth-Arlington, TX","48","Texas","113","Dallas","32.820061","-96.860117"
"06/25/2023","AQS","481130069","4","6.8","ug/m3 LC","38","Dallas Hinton","1","100.0000","88101","PM2.5 - Local Conditions","170","Met One BAM-1020 Mass Monitor w/VSCC","19100","Dallas-Fort Worth-Arlington, TX","48","Texas","113","Dallas","32.820061","-96.860117"
"06/26/2023","AQS","481130069","4","8.1","ug/m3 LC","45","Dallas Hinton","1","100.0000","88101","PM2.5 - Local Conditions","170","Met One BAM-1020 Mass Monitor w/VSCC","19100","Dallas-Fort Worth-Arlington, TX","48","Texas","113","Dallas","32.820061","-96.860117"
"06/28/2023","AQS","481130069","4","12.4","ug/m3 LC","57","Dallas Hinton","1","100.0000","88101","PM2.5 - Local Conditions","638","Teledyne T640X at 16.67 LPM w/Network Data Alignment enabled","19100","Dallas-Fort Worth-Arlington, TX","48","Texas","113","Dallas","32.820061","-96.860117"
"06/29/2023","AQS","481130069","4","11.3","ug/m3 LC","55","Dallas Hinton","1","100.0000","88101","PM2.5 - Local Conditions","638","Teledyne T640X at 16.67 LPM w/Network Data Alignment enabled","19100","Dallas-Fort Worth-Arlington, TX","48","Texas","113","Dallas","32.820061","-96.860117"
"06/30/2023","AQS","481130069","4","10.6","ug/m3 LC","54","Dallas Hinton","1","100.0000","88101","PM2.5 - Local Conditions","638","Teledyne T640X at 16.67 LPM w/Network Data Alignment enabled","19100","Dallas-Fort Worth-Arlington, TX","48","Texas","113","Dallas","32.820061","-96.860117"
"07/01/2023","AQS","481130069","4","6.6","ug/m3 LC","37","Dallas Hinton","1","100.0000","88101","PM2.5 - Local Conditions","638","Teledyne T640X at 16.67 LPM w/Network Data Alignment enabled","19100","Dallas-Fort Worth-Arlington, TX","48","Texas","113","Dallas","32.820061","-96.860117"
"07/02/2023","AQS","481130069","4","7.4","ug/m3 LC","41","Dallas Hinton","1","100.0000","88101","PM2.5 - Local Conditions","638","Teledyne T640X at 16.67 LPM w/Network Data Alignment enabled","19100","Dallas-Fort Worth-Arlington, TX","48","Texas","113","Dallas","32.820061","-96.860117"
"07/03/2023","AQS","481130069","4","9.1","ug/m3 LC","51","Dallas Hinton","1","100.0000","88101","PM2.5 - Local Conditions","638","Teledyne T640X at 16.67 LPM w/Network Data Alignment enabled","19100","Dallas-Fort Worth-Arlington, TX","48","Texas","113","Dallas","32.820061","-96.860117"
"07/04/2023","AQS","481130069","4","10.2","ug/m3 LC","53","Dallas Hinton","1","100.0000","88101","PM2.5 - Local Conditions","638","Teledyne T640X at 16.67 LPM w/Network Data Alignment enabled","19100","Dallas-Fort Worth-Arlington, TX","48","Texas","113","Dallas","32.820061","-96.860117"
"07/05/2023","AQS","481130069","4","8.9","ug/m3 LC","49","Dallas Hinton","1","100.0000","88101","PM2.5 - Local Conditions","638","Teledyne T640X at 16.67 LPM w/Network Data Alignment enabled","19100","Dallas-Fort Worth-Arlington, TX","48","Texas","113","Dallas","32.820061","-96.860117"
"07/06/2023","AQS","481130069","4","6.5","ug/m3 LC","36","Dallas Hinton","1","100.0000","88101","PM2.5 - Local Conditions","638","Teledyne T640X at 16.67 LPM w/Network Data Alignment enabled","19100","Dallas-Fort Worth-Arlington, TX","48","Texas","113","Dallas","32.820061","-96.860117"
"07/07/2023","AQS","481130069","4","6.7","ug/m3 LC","37","Dallas Hinton","1","100.0000","88101","PM2.5 - Local Conditions","638","Teledyne T640X at 16.67 LPM w/Network Data Alignment enabled","19100","Dallas-Fort Worth-Arlington, TX","48","Texas","113","Dallas","32.820061","-96.860117"
"07/08/2023","AQS","481130069","4","7.3","ug/m3 LC","41","Dallas Hinton","1","100.0000","88101","PM2.5 - Local Conditions","638","Teledyne T640X at 16.67 LPM w/Network Data Alignment enabled","19100","Dallas-Fort Worth-Arlington, TX","48","Texas","113","Dallas","32.820061","-96.860117"
"07/09/2023","AQS","481130069","4","3.7","ug/m3 LC","21","Dallas Hinton","1","100.0000","88101","PM2.5 - Local Conditions","638","Teledyne T640X at 16.67 LPM w/Network Data Alignment enabled","19100","Dallas-Fort Worth-Arlington, TX","48","Texas","113","Dallas","32.820061","-96.860117"
"07/10/2023","AQS","481130069","4","10.4","ug/m3 LC","53","Dallas Hinton","1","100.0000","88101","PM2.5 - Local Conditions","638","Teledyne T640X at 16.67 LPM w/Network Data Alignment enabled","19100","Dallas-Fort Worth-Arlington, TX","48","Texas","113","Dallas","32.820061","-96.860117"
"07/11/2023","AQS","481130069","4","10.2","ug/m3 LC","53","Dallas Hinton","1","100.0000","88101","PM2.5 - Local Conditions","638","Teledyne T640X at 16.67 LPM w/Network Data Alignment enabled","19100","Dallas-Fort Worth-Arlington, TX","48","Texas","113","Dallas","32.820061","-96.860117"
"07/14/2023","AQS","481130069","4","18.5","ug/m3 LC","69","Dallas Hinton","1","100.0000","88101","PM2.5 - Local Conditions","638","Teledyne T640X at 16.67 LPM w/Network Data Alignment enabled","19100","Dallas-Fort Worth-Arlington, TX","48","Texas","113","Dallas","32.820061","-96.860117"
"07/15/2023","AQS","481130069","4","16.3","ug/m3 LC","64","Dallas Hinton","1","100.0000","88101","PM2.5 - Local Conditions","638","Teledyne T640X at 16.67 LPM w/Network Data Alignment enabled","19100","Dallas-Fort Worth-Arlington, TX","48","Texas","113","Dallas","32.820061","-96.860117"
"07/16/2023","AQS","481130069","4","10.6","ug/m3 LC","54","Dallas Hinton","1","100.0000","88101","PM2.5 - Local Conditions","638","Teledyne T640X at 16.67 LPM w/Network Data Alignment enabled","19100","Dallas-Fort Worth-Arlington, TX","48","Texas","113","Dallas","32.820061","-96.860117"
"07/17/2023","AQS","481130069","4","18.5","ug/m3 LC","69","Dallas Hinton","1","100.0000","88101","PM2.5 - Local Conditions","638","Teledyne T640X at 16.67 LPM w/Network Data Alignment enabled","19100","Dallas-Fort Worth-Arlington, TX","48","Texas","113","Dallas","32.820061","-96.860117"
"07/18/2023","AQS","481130069","4","15.2","ug/m3 LC","62","Dallas Hinton","1","100.0000","88101","PM2.5 - Local Conditions","638","Teledyne T640X at 16.67 LPM w/Network Data Alignment enabled","19100","Dallas-Fort Worth-Arlington, TX","48","Texas","113","Dallas","32.820061","-96.860117"
"07/19/2023","AQS","481130069","4","18","ug/m3 LC","68","Dallas Hinton","1","100.0000","88101","PM2.5 - Local Conditions","638","Teledyne T640X at 16.67 LPM w/Network Data Alignment enabled","19100","Dallas-Fort Worth-Arlington, TX","48","Texas","113","Dallas","32.820061","-96.860117"
"07/20/2023","AQS","481130069","4","18.9","ug/m3 LC","69","Dallas Hinton","1","100.0000","88101","PM2.5 - Local Conditions","638","Teledyne T640X at 16.67 LPM w/Network Data Alignment enabled","19100","Dallas-Fort Worth-Arlington, TX","48","Texas","113","Dallas","32.820061","-96.860117"
"07/23/2023","AQS","481130069","4","11.8","ug/m3 LC","56","Dallas Hinton","1","100.0000","88101","PM2.5 - Local Conditions","638","Teledyne T640X at 16.67 LPM w/Network Data Alignment enabled","19100","Dallas-Fort Worth-Arlington, TX","48","Texas","113","Dallas","32.820061","-96.860117"
"07/24/2023","AQS","481130069","4","14.7","ug/m3 LC","61","Dallas Hinton","1","100.0000","88101","PM2.5 - Local Conditions","638","Teledyne T640X at 16.67 LPM w/Network Data Alignment enabled","19100","Dallas-Fort Worth-Arlington, TX","48","Texas","113","Dallas","32.820061","-96.860117"
"07/25/2023","AQS","481130069","4","14.2","ug/m3 LC","61","Dallas Hinton","1","100.0000","88101","PM2.5 - Local Conditions","638","Teledyne T640X at 16.67 LPM w/Network Data Alignment enabled","19100","Dallas-Fort Worth-Arlington, TX","48","Texas","113","Dallas","32.820061","-96.860117"
"07/26/2023","AQS","481130069","4","19.2","ug/m3 LC","70","Dallas Hinton","1","100.0000","88101","PM2.5 - Local Conditions","638","Teledyne T640X at 16.67 LPM w/Network Data Alignment enabled","19100","Dallas-Fort Worth-Arlington, TX","48","Texas","113","Dallas","32.820061","-96.860117"
"07/27/2023","AQS","481130069","4","21.3","ug/m3 LC","74","Dallas Hinton","1","100.0000","88101","PM2.5 - Local Conditions","638","Teledyne T640X at 16.67 LPM w/Network Data Alignment enabled","19100","Dallas-Fort Worth-Arlington, TX","48","Texas","113","Dallas","32.820061","-96.860117"
"07/28/2023","AQS","481130069","4","21","ug/m3 LC","73","Dallas Hinton","1","100.0000","88101","PM2.5 - Local Conditions","638","Teledyne T640X at 16.67 LPM w/Network Data Alignment enabled","19100","Dallas-Fort Worth-Arlington, TX","48","Texas","113","Dallas","32.820061","-96.860117"
"07/29/2023","AQS","481130069","4","20.2","ug/m3 LC","72","Dallas Hinton","1","100.0000","88101","PM2.5 - Local Conditions","638","Teledyne T640X at 16.67 LPM w/Network Data Alignment enabled","19100","Dallas-Fort Worth-Arlington, TX","48","Texas","113","Dallas","32.820061","-96.860117"
"07/30/2023","AQS","481130069","4","18.2","ug/m3 LC","68","Dallas Hinton","1","100.0000","88101","PM2.5 - Local Conditions","638","Teledyne T640X at 16.67 LPM w/Network Data Alignment enabled","19100","Dallas-Fort Worth-Arlington, TX","48","Texas","113","Dallas","32.820061","-96.860117"
"07/31/2023","AQS","481130069","4","17.4","ug/m3 LC","66","Dallas Hinton","1","100.0000","88101","PM2.5 - Local Conditions","638","Teledyne T640X at 16.67 LPM w/Network Data Alignment enabled","19100","Dallas-Fort Worth-Arlington, TX","48","Texas","113","Dallas","32.820061","-96.860117"
"08/01/2023","AQS","481130069","4","17.4","ug/m3 LC","66","Dallas Hinton","1","100.0000","88101","PM2.5 - Local Conditions","638","Teledyne T640X at 16.67 LPM w/Network Data Alignment enabled","19100","Dallas-Fort Worth-Arlington, TX","48","Texas","113","Dallas","32.820061","-96.860117"
"08/02/2023","AQS","481130069","4","13","ug/m3 LC","58","Dallas Hinton","1","100.0000","88101","PM2.5 - Local Conditions","638","Teledyne T640X at 16.67 LPM w/Network Data Alignment enabled","19100","Dallas-Fort Worth-Arlington, TX","48","Texas","113","Dallas","32.820061","-96.860117"
"08/03/2023","AQS","481130069","4","9.5","ug/m3 LC","52","Dallas Hinton","1","100.0000","88101","PM2.5 - Local Conditions","638","Teledyne T640X at 16.67 LPM w/Network Data Alignment enabled","19100","Dallas-Fort Worth-Arlington, TX","48","Texas","113","Dallas","32.820061","-96.860117"
"08/04/2023","AQS","481130069","4","7.4","ug/m3 LC","41","Dallas Hinton","1","100.0000","88101","PM2.5 - Local Conditions","638","Teledyne T640X at 16.67 LPM w/Network Data Alignment enabled","19100","Dallas-Fort Worth-Arlington, TX","48","Texas","113","Dallas","32.820061","-96.860117"
"08/05/2023","AQS","481130069","4","10","ug/m3 LC","53","Dallas Hinton","1","100.0000","88101","PM2.5 - Local Conditions","638","Teledyne T640X at 16.67 LPM w/Network Data Alignment enabled","19100","Dallas-Fort Worth-Arlington, TX","48","Texas","113","Dallas","32.820061","-96.860117"
"08/06/2023","AQS","481130069","4","8.1","ug/m3 LC","45","Dallas Hinton","1","100.0000","88101","PM2.5 - Local Conditions","638","Teledyne T640X at 16.67 LPM w/Network Data Alignment enabled","19100","Dallas-Fort Worth-Arlington, TX","48","Texas","113","Dallas","32.820061","-96.860117"
"08/07/2023","AQS","481130069","4","9.6","ug/m3 LC","52","Dallas Hinton","1","100.0000","88101","PM2.5 - Local Conditions","638","Teledyne T640X at 16.67 LPM w/Network Data Alignment enabled","19100","Dallas-Fort Worth-Arlington, TX","48","Texas","113","Dallas","32.820061","-96.860117"
"08/08/2023","AQS","481130069","4","11.5","ug/m3 LC","55","Dallas Hinton","1","100.0000","88101","PM2.5 - Local Conditions","638","Teledyne T640X at 16.67 LPM w/Network Data Alignment enabled","19100","Dallas-Fort Worth-Arlington, TX","48","Texas","113","Dallas","32.820061","-96.860117"
"08/09/2023","AQS","481130069","4","8.9","ug/m3 LC","49","Dallas Hinton","1","100.0000","88101","PM2.5 - Local Conditions","638","Teledyne T640X at 16.67 LPM w/Network Data Alignment enabled","19100","Dallas-Fort Worth-Arlington, TX","48","Texas","113","Dallas","32.820061","-96.860117"
"08/10/2023","AQS","481130069","4","11.6","ug/m3 LC","56","Dallas Hinton","1","100.0000","88101","PM2.5 - Local Conditions","638","Teledyne T640X at 16.67 LPM w/Network Data Alignment enabled","19100","Dallas-Fort Worth-Arlington, TX","48","Texas","113","Dallas","32.820061","-96.860117"
"08/11/2023","AQS","481130069","4","10.1","ug/m3 LC","53","Dallas Hinton","1","100.0000","88101","PM2.5 - Local Conditions","638","Teledyne T640X at 16.67 LPM w/Network Data Alignment enabled","19100","Dallas-Fort Worth-Arlington, TX","48","Texas","113","Dallas","32.820061","-96.860117"
"08/12/2023","AQS","481130069","4","10.3","ug/m3 LC","53","Dallas Hinton","1","100.0000","88101","PM2.5 - Local Conditions","638","Teledyne T640X at 16.67 LPM w/Network Data Alignment enabled","19100","Dallas-Fort Worth-Arlington, TX","48","Texas","113","Dallas","32.820061","-96.860117"
"08/13/2023","AQS","481130069","4","9.9","ug/m3 LC","52","Dallas Hinton","1","100.0000","88101","PM2.5 - Local Conditions","638","Teledyne T640X at 16.67 LPM w/Network Data Alignment enabled","19100","Dallas-Fort Worth-Arlington, TX","48","Texas","113","Dallas","32.820061","-96.860117"
"08/14/2023","AQS","481130069","4","9.3","ug/m3 LC","51","Dallas Hinton","1","100.0000","88101","PM2.5 - Local Conditions","638","Teledyne T640X at 16.67 LPM w/Network Data Alignment enabled","19100","Dallas-Fort Worth-Arlington, TX","48","Texas","113","Dallas","32.820061","-96.860117"
"08/15/2023","AQS","481130069","4","4.4","ug/m3 LC","24","Dallas Hinton","1","100.0000","88101","PM2.5 - Local Conditions","638","Teledyne T640X at 16.67 LPM w/Network Data Alignment enabled","19100","Dallas-Fort Worth-Arlington, TX","48","Texas","113","Dallas","32.820061","-96.860117"
"08/16/2023","AQS","481130069","4","5.4","ug/m3 LC","30","Dallas Hinton","1","100.0000","88101","PM2.5 - Local Conditions","638","Teledyne T640X at 16.67 LPM w/Network Data Alignment enabled","19100","Dallas-Fort Worth-Arlington, TX","48","Texas","113","Dallas","32.820061","-96.860117"
"08/17/2023","AQS","481130069","4","10.2","ug/m3 LC","53","Dallas Hinton","1","100.0000","88101","PM2.5 - Local Conditions","638","Teledyne T640X at 16.67 LPM w/Network Data Alignment enabled","19100","Dallas-Fort Worth-Arlington, TX","48","Texas","113","Dallas","32.820061","-96.860117"
"08/18/2023","AQS","481130069","4","10.8","ug/m3 LC","54","Dallas Hinton","1","100.0000","88101","PM2.5 - Local Conditions","638","Teledyne T640X at 16.67 LPM w/Network Data Alignment enabled","19100","Dallas-Fort Worth-Arlington, TX","48","Texas","113","Dallas","32.820061","-96.860117"
"08/19/2023","AQS","481130069","4","11","ug/m3 LC","55","Dallas Hinton","1","100.0000","88101","PM2.5 - Local Conditions","638","Teledyne T640X at 16.67 LPM w/Network Data Alignment enabled","19100","Dallas-Fort Worth-Arlington, TX","48","Texas","113","Dallas","32.820061","-96.860117"
"08/20/2023","AQS","481130069","4","15.3","ug/m3 LC","63","Dallas Hinton","1","100.0000","88101","PM2.5 - Local Conditions","638","Teledyne T640X at 16.67 LPM w/Network Data Alignment enabled","19100","Dallas-Fort Worth-Arlington, TX","48","Texas","113","Dallas","32.820061","-96.860117"
"08/21/2023","AQS","481130069","4","24.2","ug/m3 LC","79","Dallas Hinton","1","100.0000","88101","PM2.5 - Local Conditions","638","Teledyne T640X at 16.67 LPM w/Network Data Alignment enabled","19100","Dallas-Fort Worth-Arlington, TX","48","Texas","113","Dallas","32.820061","-96.860117"
"08/22/2023","AQS","481130069","4","18.7","ug/m3 LC","69","Dallas Hinton","1","100.0000","88101","PM2.5 - Local Conditions","638","Teledyne T640X at 16.67 LPM w/Network Data Alignment enabled","19100","Dallas-Fort Worth-Arlington, TX","48","Texas","113","Dallas","32.820061","-96.860117"
"08/23/2023","AQS","481130069","4","17","ug/m3 LC","66","Dallas Hinton","1","100.0000","88101","PM2.5 - Local Conditions","638","Teledyne T640X at 16.67 LPM w/Network Data Alignment enabled","19100","Dallas-Fort Worth-Arlington, TX","48","Texas","113","Dallas","32.820061","-96.860117"
"08/24/2023","AQS","481130069","4","20.8","ug/m3 LC","73","Dallas Hinton","1","100.0000","88101","PM2.5 - Local Conditions","638","Teledyne T640X at 16.67 LPM w/Network Data Alignment enabled","19100","Dallas-Fort Worth-Arlington, TX","48","Texas","113","Dallas","32.820061","-96.860117"
"08/25/2023","AQS","481130069","4","22.8","ug/m3 LC","77","Dallas Hinton","1","100.0000","88101","PM2.5 - Local Conditions","638","Teledyne T640X at 16.67 LPM w/Network Data Alignment enabled","19100","Dallas-Fort Worth-Arlington, TX","48","Texas","113","Dallas","32.820061","-96.860117"
"08/26/2023","AQS","481130069","4","19.8","ug/m3 LC","71","Dallas Hinton","1","100.0000","88101","PM2.5 - Local Conditions","638","Teledyne T640X at 16.67 LPM w/Network Data Alignment enabled","19100","Dallas-Fort Worth-Arlington, TX","48","Texas","113","Dallas","32.820061","-96.860117"
"08/27/2023","AQS","481130069","4","12.9","ug/m3 LC","58","Dallas Hinton","1","100.0000","88101","PM2.5 - Local Conditions","638","Teledyne T640X at 16.67 LPM w/Network Data Alignment enabled","19100","Dallas-Fort Worth-Arlington, TX","48","Texas","113","Dallas","32.820061","-96.860117"
"08/28/2023","AQS","481130069","4","9.8","ug/m3 LC","52","Dallas Hinton","1","100.0000","88101","PM2.5 - Local Conditions","638","Teledyne T640X at 16.67 LPM w/Network Data Alignment enabled","19100","Dallas-Fort Worth-Arlington, TX","48","Texas","113","Dallas","32.820061","-96.860117"
"08/29/2023","AQS","481130069","4","12.1","ug/m3 LC","57","Dallas Hinton","1","100.0000","88101","PM2.5 - Local Conditions","638","Teledyne T640X at 16.67 LPM w/Network Data Alignment enabled","19100","Dallas-Fort Worth-Arlington, TX","48","Texas","113","Dallas","32.820061","-96.860117"
"08/30/2023","AQS","481130069","4","16.8","ug/m3 LC","65","Dallas Hinton","1","100.0000","88101","PM2.5 - Local Conditions","638","Teledyne T640X at 16.67 LPM w/Network Data Alignment enabled","19100","Dallas-Fort Worth-Arlington, TX","48","Texas","113","Dallas","32.820061","-96.860117"
"08/31/2023","AQS","481130069","4","22.3","ug/m3 LC","76","Dallas Hinton","1","100.0000","88101","PM2.5 - Local Conditions","638","Teledyne T640X at 16.67 LPM w/Network Data Alignment enabled","19100","Dallas-Fort Worth-Arlington, TX","48","Texas","113","Dallas","32.820061","-96.860117"
"09/01/2023","AQS","481130069","4","14.9","ug/m3 LC","62","Dallas Hinton","1","100.0000","88101","PM2.5 - Local Conditions","638","Teledyne T640X at 16.67 LPM w/Network Data Alignment enabled","19100","Dallas-Fort Worth-Arlington, TX","48","Texas","113","Dallas","32.820061","-96.860117"
"09/02/2023","AQS","481130069","4","15.3","ug/m3 LC","63","Dallas Hinton","1","100.0000","88101","PM2.5 - Local Conditions","638","Teledyne T640X at 16.67 LPM w/Network Data Alignment enabled","19100","Dallas-Fort Worth-Arlington, TX","48","Texas","113","Dallas","32.820061","-96.860117"
"09/03/2023","AQS","481130069","4","15.6","ug/m3 LC","63","Dallas Hinton","1","100.0000","88101","PM2.5 - Local Conditions","638","Teledyne T640X at 16.67 LPM w/Network Data Alignment enabled","19100","Dallas-Fort Worth-Arlington, TX","48","Texas","113","Dallas","32.820061","-96.860117"
"09/04/2023","AQS","481130069","4","10","ug/m3 LC","53","Dallas Hinton","1","100.0000","88101","PM2.5 - Local Conditions","638","Teledyne T640X at 16.67 LPM w/Network Data Alignment enabled","19100","Dallas-Fort Worth-Arlington, TX","48","Texas","113","Dallas","32.820061","-96.860117"
"09/05/2023","AQS","481130069","4","8.6","ug/m3 LC","48","Dallas Hinton","1","100.0000","88101","PM2.5 - Local Conditions","638","Teledyne T640X at 16.67 LPM w/Network Data Alignment enabled","19100","Dallas-Fort Worth-Arlington, TX","48","Texas","113","Dallas","32.820061","-96.860117"
"09/06/2023","AQS","481130069","4","8.1","ug/m3 LC","45","Dallas Hinton","1","100.0000","88101","PM2.5 - Local Conditions","638","Teledyne T640X at 16.67 LPM w/Network Data Alignment enabled","19100","Dallas-Fort Worth-Arlington, TX","48","Texas","113","Dallas","32.820061","-96.860117"
"09/07/2023","AQS","481130069","4","8.6","ug/m3 LC","48","Dallas Hinton","1","100.0000","88101","PM2.5 - Local Conditions","638","Teledyne T640X at 16.67 LPM w/Network Data Alignment enabled","19100","Dallas-Fort Worth-Arlington, TX","48","Texas","113","Dallas","32.820061","-96.860117"
"09/08/2023","AQS","481130069","4","8.8","ug/m3 LC","49","Dallas Hinton","1","100.0000","88101","PM2.5 - Local Conditions","638","Teledyne T640X at 16.67 LPM w/Network Data Alignment enabled","19100","Dallas-Fort Worth-Arlington, TX","48","Texas","113","Dallas","32.820061","-96.860117"
"09/09/2023","AQS","481130069","4","9.7","ug/m3 LC","52","Dallas Hinton","1","100.0000","88101","PM2.5 - Local Conditions","638","Teledyne T640X at 16.67 LPM w/Network Data Alignment enabled","19100","Dallas-Fort Worth-Arlington, TX","48","Texas","113","Dallas","32.820061","-96.860117"
"09/10/2023","AQS","481130069","4","14.1","ug/m3 LC","60","Dallas Hinton","1","100.0000","88101","PM2.5 - Local Conditions","638","Teledyne T640X at 16.67 LPM w/Network Data Alignment enabled","19100","Dallas-Fort Worth-Arlington, TX","48","Texas","113","Dallas","32.820061","-96.860117"
"09/11/2023","AQS","481130069","4","10.6","ug/m3 LC","54","Dallas Hinton","1","100.0000","88101","PM2.5 - Local Conditions","638","Teledyne T640X at 16.67 LPM w/Network Data Alignment enabled","19100","Dallas-Fort Worth-Arlington, TX","48","Texas","113","Dallas","32.820061","-96.860117"
"09/12/2023","AQS","481130069","4","15.4","ug/m3 LC","63","Dallas Hinton","1","100.0000","88101","PM2.5 - Local Conditions","638","Teledyne T640X at 16.67 LPM w/Network Data Alignment enabled","19100","Dallas-Fort Worth-Arlington, TX","48","Texas","113","Dallas","32.820061","-96.860117"
"09/13/2023","AQS","481130069","4","13.1","ug/m3 LC","58","Dallas Hinton","1","100.0000","88101","PM2.5 - Local Conditions","638","Teledyne T640X at 16.67 LPM w/Network Data Alignment enabled","19100","Dallas-Fort Worth-Arlington, TX","48","Texas","113","Dallas","32.820061","-96.860117"
"09/14/2023","AQS","481130069","4","10.7","ug/m3 LC","54","Dallas Hinton","1","100.0000","88101","PM2.5 - Local Conditions","638","Teledyne T640X at 16.67 LPM w/Network Data Alignment enabled","19100","Dallas-Fort Worth-Arlington, TX","48","Texas","113","Dallas","32.820061","-96.860117"
"09/15/2023","AQS","481130069","4","14","ug/m3 LC","60","Dallas Hinton","1","100.0000","88101","PM2.5 - Local Conditions","638","Teledyne T640X at 16.67 LPM w/Network Data Alignment enabled","19100","Dallas-Fort Worth-Arlington, TX","48","Texas","113","Dallas","32.820061","-96.860117"
"09/16/2023","AQS","481130069","4","15.1","ug/m3 LC","62","Dallas Hinton","1","100.0000","88101","PM2.5 - Local Conditions","638","Teledyne T640X at 16.67 LPM w/Network Data Alignment enabled","19100","Dallas-Fort Worth-Arlington, TX","48","Texas","113","Dallas","32.820061","-96.860117"
"09/17/2023","AQS","481130069","4","13.1","ug/m3 LC","58","Dallas Hinton","1","100.0000","88101","PM2.5 - Local Conditions","638","Teledyne T640X at 16.67 LPM w/Network Data Alignment enabled","19100","Dallas-Fort Worth-Arlington, TX","48","Texas","113","Dallas","32.820061","-96.860117"
"09/18/2023","AQS","481130069","4","13.6","ug/m3 LC","59","Dallas Hinton","1","100.0000","88101","PM2.5 - Local Conditions","638","Teledyne T640X at 16.67 LPM w/Network Data Alignment enabled","19100","Dallas-Fort Worth-Arlington, TX","48","Texas","113","Dallas","32.820061","-96.860117"
"09/19/2023","AQS","481130069","4","14.8","ug/m3 LC","62","Dallas Hinton","1","100.0000","88101","PM2.5 - Local Conditions","638","Teledyne T640X at 16.67 LPM w/Network Data Alignment enabled","19100","Dallas-Fort Worth-Arlington, TX","48","Texas","113","Dallas","32.820061","-96.860117"
"09/20/2023","AQS","481130069","4","12.9","ug/m3 LC","58","Dallas Hinton","1","100.0000","88101","PM2.5 - Local Conditions","638","Teledyne T640X at 16.67 LPM w/Network Data Alignment enabled","19100","Dallas-Fort Worth-Arlington, TX","48","Texas","113","Dallas","32.820061","-96.860117"
"09/21/2023","AQS","481130069","4","9.9","ug/m3 LC","52","Dallas Hinton","1","100.0000","88101","PM2.5 - Local Conditions","638","Teledyne T640X at 16.67 LPM w/Network Data Alignment enabled","19100","Dallas-Fort Worth-Arlington, TX","48","Texas","113","Dallas","32.820061","-96.860117"
"09/22/2023","AQS","481130069","4","8.1","ug/m3 LC","45","Dallas Hinton","1","100.0000","88101","PM2.5 - Local Conditions","638","Teledyne T640X at 16.67 LPM w/Network Data Alignment enabled","19100","Dallas-Fort Worth-Arlington, TX","48","Texas","113","Dallas","32.820061","-96.860117"
"09/23/2023","AQS","481130069","4","8.1","ug/m3 LC","45","Dallas Hinton","1","100.0000","88101","PM2.5 - Local Conditions","638","Teledyne T640X at 16.67 LPM w/Network Data Alignment enabled","19100","Dallas-Fort Worth-Arlington, TX","48","Texas","113","Dallas","32.820061","-96.860117"
"09/24/2023","AQS","481130069","4","6.4","ug/m3 LC","36","Dallas Hinton","1","100.0000","88101","PM2.5 - Local Conditions","638","Teledyne T640X at 16.67 LPM w/Network Data Alignment enabled","19100","Dallas-Fort Worth-Arlington, TX","48","Texas","113","Dallas","32.820061","-96.860117"
"09/25/2023","AQS","481130069","4","6.3","ug/m3 LC","35","Dallas Hinton","1","100.0000","88101","PM2.5 - Local Conditions","638","Teledyne T640X at 16.67 LPM w/Network Data Alignment enabled","19100","Dallas-Fort Worth-Arlington, TX","48","Texas","113","Dallas","32.820061","-96.860117"
"09/26/2023","AQS","481130069","4","10.7","ug/m3 LC","54","Dallas Hinton","1","100.0000","88101","PM2.5 - Local Conditions","638","Teledyne T640X at 16.67 LPM w/Network Data Alignment enabled","19100","Dallas-Fort Worth-Arlington, TX","48","Texas","113","Dallas","32.820061","-96.860117"
"09/27/2023","AQS","481130069","4","16.5","ug/m3 LC","65","Dallas Hinton","1","100.0000","88101","PM2.5 - Local Conditions","638","Teledyne T640X at 16.67 LPM w/Network Data Alignment enabled","19100","Dallas-Fort Worth-Arlington, TX","48","Texas","113","Dallas","32.820061","-96.860117"
"09/28/2023","AQS","481130069","4","17.7","ug/m3 LC","67","Dallas Hinton","1","100.0000","88101","PM2.5 - Local Conditions","638","Teledyne T640X at 16.67 LPM w/Network Data Alignment enabled","19100","Dallas-Fort Worth-Arlington, TX","48","Texas","113","Dallas","32.820061","-96.860117"
"09/29/2023","AQS","481130069","4","16.1","ug/m3 LC","64","Dallas Hinton","1","100.0000","88101","PM2.5 - Local Conditions","638","Teledyne T640X at 16.67 LPM w/Network Data Alignment enabled","19100","Dallas-Fort Worth-Arlington, TX","48","Texas","113","Dallas","32.820061","-96.860117"
"09/30/2023","AQS","481130069","4","9.8","ug/m3 LC","52","Dallas Hinton","1","100.0000","88101","PM2.5 - Local Conditions","638","Teledyne T640X at 16.67 LPM w/Network Data Alignment enabled","19100","Dallas-Fort Worth-Arlington, TX","48","Texas","113","Dallas","32.820061","-96.860117"
"10/01/2023","AQS","481130069","4","12.9","ug/m3 LC","58","Dallas Hinton","1","100.0000","88101","PM2.5 - Local Conditions","638","Teledyne T640X at 16.67 LPM w/Network Data Alignment enabled","19100","Dallas-Fort Worth-Arlington, TX","48","Texas","113","Dallas","32.820061","-96.860117"
"10/02/2023","AQS","481130069","4","16.6","ug/m3 LC","65","Dallas Hinton","1","100.0000","88101","PM2.5 - Local Conditions","638","Teledyne T640X at 16.67 LPM w/Network Data Alignment enabled","19100","Dallas-Fort Worth-Arlington, TX","48","Texas","113","Dallas","32.820061","-96.860117"
"10/03/2023","AQS","481130069","4","11.1","ug/m3 LC","55","Dallas Hinton","1","100.0000","88101","PM2.5 - Local Conditions","638","Teledyne T640X at 16.67 LPM w/Network Data Alignment enabled","19100","Dallas-Fort Worth-Arlington, TX","48","Texas","113","Dallas","32.820061","-96.860117"
"10/04/2023","AQS","481130069","4","7","ug/m3 LC","39","Dallas Hinton","1","100.0000","88101","PM2.5 - Local Conditions","638","Teledyne T640X at 16.67 LPM w/Network Data Alignment enabled","19100","Dallas-Fort Worth-Arlington, TX","48","Texas","113","Dallas","32.820061","-96.860117"
"10/05/2023","AQS","481130069","4","4.7","ug/m3 LC","26","Dallas Hinton","1","100.0000","88101","PM2.5 - Local Conditions","638","Teledyne T640X at 16.67 LPM w/Network Data Alignment enabled","19100","Dallas-Fort Worth-Arlington, TX","48","Texas","113","Dallas","32.820061","-96.860117"
"10/06/2023","AQS","481130069","4","5.3","ug/m3 LC","29","Dallas Hinton","1","100.0000","88101","PM2.5 - Local Conditions","638","Teledyne T640X at 16.67 LPM w/Network Data Alignment enabled","19100","Dallas-Fort Worth-Arlington, TX","48","Texas","113","Dallas","32.820061","-96.860117"
"10/07/2023","AQS","481130069","4","4.1","ug/m3 LC","23","Dallas Hinton","1","100.0000","88101","PM2.5 - Local Conditions","638","Teledyne T640X at 16.67 LPM w/Network Data Alignment enabled","19100","Dallas-Fort Worth-Arlington, TX","48","Texas","113","Dallas","32.820061","-96.860117"
"10/08/2023","AQS","481130069","4","8.1","ug/m3 LC","45","Dallas Hinton","1","100.0000","88101","PM2.5 - Local Conditions","638","Teledyne T640X at 16.67 LPM w/Network Data Alignment enabled","19100","Dallas-Fort Worth-Arlington, TX","48","Texas","113","Dallas","32.820061","-96.860117"
"10/09/2023","AQS","481130069","4","5.7","ug/m3 LC","32","Dallas Hinton","1","100.0000","88101","PM2.5 - Local Conditions","638","Teledyne T640X at 16.67 LPM w/Network Data Alignment enabled","19100","Dallas-Fort Worth-Arlington, TX","48","Texas","113","Dallas","32.820061","-96.860117"
"10/10/2023","AQS","481130069","4","6.3","ug/m3 LC","35","Dallas Hinton","1","100.0000","88101","PM2.5 - Local Conditions","638","Teledyne T640X at 16.67 LPM w/Network Data Alignment enabled","19100","Dallas-Fort Worth-Arlington, TX","48","Texas","113","Dallas","32.820061","-96.860117"
"10/11/2023","AQS","481130069","4","5.7","ug/m3 LC","32","Dallas Hinton","1","100.0000","88101","PM2.5 - Local Conditions","638","Teledyne T640X at 16.67 LPM w/Network Data Alignment enabled","19100","Dallas-Fort Worth-Arlington, TX","48","Texas","113","Dallas","32.820061","-96.860117"
"10/12/2023","AQS","481130069","4","10.6","ug/m3 LC","54","Dallas Hinton","1","100.0000","88101","PM2.5 - Local Conditions","638","Teledyne T640X at 16.67 LPM w/Network Data Alignment enabled","19100","Dallas-Fort Worth-Arlington, TX","48","Texas","113","Dallas","32.820061","-96.860117"
"10/13/2023","AQS","481130069","4","5.8","ug/m3 LC","32","Dallas Hinton","1","100.0000","88101","PM2.5 - Local Conditions","638","Teledyne T640X at 16.67 LPM w/Network Data Alignment enabled","19100","Dallas-Fort Worth-Arlington, TX","48","Texas","113","Dallas","32.820061","-96.860117"
"10/14/2023","AQS","481130069","4","4.3","ug/m3 LC","24","Dallas Hinton","1","100.0000","88101","PM2.5 - Local Conditions","638","Teledyne T640X at 16.67 LPM w/Network Data Alignment enabled","19100","Dallas-Fort Worth-Arlington, TX","48","Texas","113","Dallas","32.820061","-96.860117"
"10/15/2023","AQS","481130069","4","3","ug/m3 LC","17","Dallas Hinton","1","100.0000","88101","PM2.5 - Local Conditions","638","Teledyne T640X at 16.67 LPM w/Network Data Alignment enabled","19100","Dallas-Fort Worth-Arlington, TX","48","Texas","113","Dallas","32.820061","-96.860117"
"10/16/2023","AQS","481130069","4","5.8","ug/m3 LC","32","Dallas Hinton","1","100.0000","88101","PM2.5 - Local Conditions","638","Teledyne T640X at 16.67 LPM w/Network Data Alignment enabled","19100","Dallas-Fort Worth-Arlington, TX","48","Texas","113","Dallas","32.820061","-96.860117"
"10/17/2023","AQS","481130069","4","11.1","ug/m3 LC","55","Dallas Hinton","1","100.0000","88101","PM2.5 - Local Conditions","638","Teledyne T640X at 16.67 LPM w/Network Data Alignment enabled","19100","Dallas-Fort Worth-Arlington, TX","48","Texas","113","Dallas","32.820061","-96.860117"
"10/18/2023","AQS","481130069","4","8.2","ug/m3 LC","46","Dallas Hinton","1","100.0000","88101","PM2.5 - Local Conditions","638","Teledyne T640X at 16.67 LPM w/Network Data Alignment enabled","19100","Dallas-Fort Worth-Arlington, TX","48","Texas","113","Dallas","32.820061","-96.860117"
"10/19/2023","AQS","481130069","4","10.2","ug/m3 LC","53","Dallas Hinton","1","100.0000","88101","PM2.5 - Local Conditions","638","Teledyne T640X at 16.67 LPM w/Network Data Alignment enabled","19100","Dallas-Fort Worth-Arlington, TX","48","Texas","113","Dallas","32.820061","-96.860117"
"10/20/2023","AQS","481130069","4","10","ug/m3 LC","53","Dallas Hinton","1","100.0000","88101","PM2.5 - Local Conditions","638","Teledyne T640X at 16.67 LPM w/Network Data Alignment enabled","19100","Dallas-Fort Worth-Arlington, TX","48","Texas","113","Dallas","32.820061","-96.860117"
"10/21/2023","AQS","481130069","4","10.5","ug/m3 LC","54","Dallas Hinton","1","100.0000","88101","PM2.5 - Local Conditions","638","Teledyne T640X at 16.67 LPM w/Network Data Alignment enabled","19100","Dallas-Fort Worth-Arlington, TX","48","Texas","113","Dallas","32.820061","-96.860117"
"10/22/2023","AQS","481130069","4","12.7","ug/m3 LC","58","Dallas Hinton","1","100.0000","88101","PM2.5 - Local Conditions","638","Teledyne T640X at 16.67 LPM w/Network Data Alignment enabled","19100","Dallas-Fort Worth-Arlington, TX","48","Texas","113","Dallas","32.820061","-96.860117"
"10/23/2023","AQS","481130069","4","10.1","ug/m3 LC","53","Dallas Hinton","1","100.0000","88101","PM2.5 - Local Conditions","638","Teledyne T640X at 16.67 LPM w/Network Data Alignment enabled","19100","Dallas-Fort Worth-Arlington, TX","48","Texas","113","Dallas","32.820061","-96.860117"
"10/24/2023","AQS","481130069","4","10","ug/m3 LC","53","Dallas Hinton","1","100.0000","88101","PM2.5 - Local Conditions","638","Teledyne T640X at 16.67 LPM w/Network Data Alignment enabled","19100","Dallas-Fort Worth-Arlington, TX","48","Texas","113","Dallas","32.820061","-96.860117"
"10/25/2023","AQS","481130069","4","10.7","ug/m3 LC","54","Dallas Hinton","1","100.0000","88101","PM2.5 - Local Conditions","638","Teledyne T640X at 16.67 LPM w/Network Data Alignment enabled","19100","Dallas-Fort Worth-Arlington, TX","48","Texas","113","Dallas","32.820061","-96.860117"
"10/26/2023","AQS","481130069","4","6.5","ug/m3 LC","36","Dallas Hinton","1","100.0000","88101","PM2.5 - Local Conditions","638","Teledyne T640X at 16.67 LPM w/Network Data Alignment enabled","19100","Dallas-Fort Worth-Arlington, TX","48","Texas","113","Dallas","32.820061","-96.860117"
"10/27/2023","AQS","481130069","4","11.3","ug/m3 LC","55","Dallas Hinton","1","100.0000","88101","PM2.5 - Local Conditions","638","Teledyne T640X at 16.67 LPM w/Network Data Alignment enabled","19100","Dallas-Fort Worth-Arlington, TX","48","Texas","113","Dallas","32.820061","-96.860117"
"10/28/2023","AQS","481130069","4","5.8","ug/m3 LC","32","Dallas Hinton","1","100.0000","88101","PM2.5 - Local Conditions","638","Teledyne T640X at 16.67 LPM w/Network Data Alignment enabled","19100","Dallas-Fort Worth-Arlington, TX","48","Texas","113","Dallas","32.820061","-96.860117"
"10/29/2023","AQS","481130069","4","1.9","ug/m3 LC","11","Dallas Hinton","1","100.0000","88101","PM2.5 - Local Conditions","638","Teledyne T640X at 16.67 LPM w/Network Data Alignment enabled","19100","Dallas-Fort Worth-Arlington, TX","48","Texas","113","Dallas","32.820061","-96.860117"
"10/30/2023","AQS","481130069","4","5.4","ug/m3 LC","30","Dallas Hinton","1","100.0000","88101","PM2.5 - Local Conditions","638","Teledyne T640X at 16.67 LPM w/Network Data Alignment enabled","19100","Dallas-Fort Worth-Arlington, TX","48","Texas","113","Dallas","32.820061","-96.860117"
"10/31/2023","AQS","481130069","4","7","ug/m3 LC","39","Dallas Hinton","1","100.0000","88101","PM2.5 - Local Conditions","638","Teledyne T640X at 16.67 LPM w/Network Data Alignment enabled","19100","Dallas-Fort Worth-Arlington, TX","48","Texas","113","Dallas","32.820061","-96.860117"
"11/01/2023","AQS","481130069","4","7.3","ug/m3 LC","41","Dallas Hinton","1","100.0000","88101","PM2.5 - Local Conditions","638","Teledyne T640X at 16.67 LPM w/Network Data Alignment enabled","19100","Dallas-Fort Worth-Arlington, TX","48","Texas","113","Dallas","32.820061","-96.860117"
"11/02/2023","AQS","481130069","4","12.8","ug/m3 LC","58","Dallas Hinton","1","100.0000","88101","PM2.5 - Local Conditions","638","Teledyne T640X at 16.67 LPM w/Network Data Alignment enabled","19100","Dallas-Fort Worth-Arlington, TX","48","Texas","113","Dallas","32.820061","-96.860117"
"11/03/2023","AQS","481130069","4","12.9","ug/m3 LC","58","Dallas Hinton","1","100.0000","88101","PM2.5 - Local Conditions","638","Teledyne T640X at 16.67 LPM w/Network Data Alignment enabled","19100","Dallas-Fort Worth-Arlington, TX","48","Texas","113","Dallas","32.820061","-96.860117"
"11/04/2023","AQS","481130069","4","15.1","ug/m3 LC","62","Dallas Hinton","1","100.0000","88101","PM2.5 - Local Conditions","638","Teledyne T640X at 16.67 LPM w/Network Data Alignment enabled","19100","Dallas-Fort Worth-Arlington, TX","48","Texas","113","Dallas","32.820061","-96.860117"
"11/05/2023","AQS","481130069","4","11","ug/m3 LC","55","Dallas Hinton","1","100.0000","88101","PM2.5 - Local Conditions","638","Teledyne T640X at 16.67 LPM w/Network Data Alignment enabled","19100","Dallas-Fort Worth-Arlington, TX","48","Texas","113","Dallas","32.820061","-96.860117"
"11/06/2023","AQS","481130069","4","7.6","ug/m3 LC","42","Dallas Hinton","1","100.0000","88101","PM2.5 - Local Conditions","638","Teledyne T640X at 16.67 LPM w/Network Data Alignment enabled","19100","Dallas-Fort Worth-Arlington, TX","48","Texas","113","Dallas","32.820061","-96.860117"
"11/07/2023","AQS","481130069","4","7","ug/m3 LC","39","Dallas Hinton","1","100.0000","88101","PM2.5 - Local Conditions","638","Teledyne T640X at 16.67 LPM w/Network Data Alignment enabled","19100","Dallas-Fort Worth-Arlington, TX","48","Texas","113","Dallas","32.820061","-96.860117"
"11/08/2023","AQS","481130069","4","9","ug/m3 LC","50","Dallas Hinton","1","100.0000","88101","PM2.5 - Local Conditions","638","Teledyne T640X at 16.67 LPM w/Network Data Alignment enabled","19100","Dallas-Fort Worth-Arlington, TX","48","Texas","113","Dallas","32.820061","-96.860117"
"11/09/2023","AQS","481130069","4","9.7","ug/m3 LC","52","Dallas Hinton","1","100.0000","88101","PM2.5 - Local Conditions","638","Teledyne T640X at 16.67 LPM w/Network Data Alignment enabled","19100","Dallas-Fort Worth-Arlington, TX","48","Texas","113","Dallas","32.820061","-96.860117"
"11/10/2023","AQS","481130069","4","6.5","ug/m3 LC","36","Dallas Hinton","1","100.0000","88101","PM2.5 - Local Conditions","638","Teledyne T640X at 16.67 LPM w/Network Data Alignment enabled","19100","Dallas-Fort Worth-Arlington, TX","48","Texas","113","Dallas","32.820061","-96.860117"
"11/11/2023","AQS","481130069","4","6.5","ug/m3 LC","36","Dallas Hinton","1","100.0000","88101","PM2.5 - Local Conditions","638","Teledyne T640X at 16.67 LPM w/Network Data Alignment enabled","19100","Dallas-Fort Worth-Arlington, TX","48","Texas","113","Dallas","32.820061","-96.860117"
"11/12/2023","AQS","481130069","4","11.9","ug/m3 LC","56","Dallas Hinton","1","100.0000","88101","PM2.5 - Local Conditions","638","Teledyne T640X at 16.67 LPM w/Network Data Alignment enabled","19100","Dallas-Fort Worth-Arlington, TX","48","Texas","113","Dallas","32.820061","-96.860117"
"11/13/2023","AQS","481130069","4","13.5","ug/m3 LC","59","Dallas Hinton","1","100.0000","88101","PM2.5 - Local Conditions","638","Teledyne T640X at 16.67 LPM w/Network Data Alignment enabled","19100","Dallas-Fort Worth-Arlington, TX","48","Texas","113","Dallas","32.820061","-96.860117"
"11/14/2023","AQS","481130069","4","15.9","ug/m3 LC","64","Dallas Hinton","1","100.0000","88101","PM2.5 - Local Conditions","638","Teledyne T640X at 16.67 LPM w/Network Data Alignment enabled","19100","Dallas-Fort Worth-Arlington, TX","48","Texas","113","Dallas","32.820061","-96.860117"
"11/15/2023","AQS","481130069","4","25.1","ug/m3 LC","81","Dallas Hinton","1","100.0000","88101","PM2.5 - Local Conditions","638","Teledyne T640X at 16.67 LPM w/Network Data Alignment enabled","19100","Dallas-Fort Worth-Arlington, TX","48","Texas","113","Dallas","32.820061","-96.860117"
"11/16/2023","AQS","481130069","4","13.4","ug/m3 LC","59","Dallas Hinton","1","100.0000","88101","PM2.5 - Local Conditions","638","Teledyne T640X at 16.67 LPM w/Network Data Alignment enabled","19100","Dallas-Fort Worth-Arlington, TX","48","Texas","113","Dallas","32.820061","-96.860117"
"11/17/2023","AQS","481130069","4","16.8","ug/m3 LC","65","Dallas Hinton","1","100.0000","88101","PM2.5 - Local Conditions","638","Teledyne T640X at 16.67 LPM w/Network Data Alignment enabled","19100","Dallas-Fort Worth-Arlington, TX","48","Texas","113","Dallas","32.820061","-96.860117"
"11/18/2023","AQS","481130069","4","17.8","ug/m3 LC","67","Dallas Hinton","1","100.0000","88101","PM2.5 - Local Conditions","638","Teledyne T640X at 16.67 LPM w/Network Data Alignment enabled","19100","Dallas-Fort Worth-Arlington, TX","48","Texas","113","Dallas","32.820061","-96.860117"
"11/19/2023","AQS","481130069","4","22.3","ug/m3 LC","76","Dallas Hinton","1","100.0000","88101","PM2.5 - Local Conditions","638","Teledyne T640X at 16.67 LPM w/Network Data Alignment enabled","19100","Dallas-Fort Worth-Arlington, TX","48","Texas","113","Dallas","32.820061","-96.860117"
"11/20/2023","AQS","481130069","4","12.1","ug/m3 LC","57","Dallas Hinton","1","100.0000","88101","PM2.5 - Local Conditions","638","Teledyne T640X at 16.67 LPM w/Network Data Alignment enabled","19100","Dallas-Fort Worth-Arlington, TX","48","Texas","113","Dallas","32.820061","-96.860117"
"11/21/2023","AQS","481130069","4","7.2","ug/m3 LC","40","Dallas Hinton","1","100.0000","88101","PM2.5 - Local Conditions","638","Teledyne T640X at 16.67 LPM w/Network Data Alignment enabled","19100","Dallas-Fort Worth-Arlington, TX","48","Texas","113","Dallas","32.820061","-96.860117"
"11/22/2023","AQS","481130069","4","8.8","ug/m3 LC","49","Dallas Hinton","1","100.0000","88101","PM2.5 - Local Conditions","638","Teledyne T640X at 16.67 LPM w/Network Data Alignment enabled","19100","Dallas-Fort Worth-Arlington, TX","48","Texas","113","Dallas","32.820061","-96.860117"
"11/23/2023","AQS","481130069","4","11.1","ug/m3 LC","55","Dallas Hinton","1","100.0000","88101","PM2.5 - Local Conditions","638","Teledyne T640X at 16.67 LPM w/Network Data Alignment enabled","19100","Dallas-Fort Worth-Arlington, TX","48","Texas","113","Dallas","32.820061","-96.860117"
"11/24/2023","AQS","481130069","4","18.9","ug/m3 LC","69","Dallas Hinton","1","100.0000","88101","PM2.5 - Local Conditions","638","Teledyne T640X at 16.67 LPM w/Network Data Alignment enabled","19100","Dallas-Fort Worth-Arlington, TX","48","Texas","113","Dallas","32.820061","-96.860117"
"11/25/2023","AQS","481130069","4","20.3","ug/m3 LC","72","Dallas Hinton","1","100.0000","88101","PM2.5 - Local Conditions","638","Teledyne T640X at 16.67 LPM w/Network Data Alignment enabled","19100","Dallas-Fort Worth-Arlington, TX","48","Texas","113","Dallas","32.820061","-96.860117"
"11/26/2023","AQS","481130069","4","8.2","ug/m3 LC","46","Dallas Hinton","1","100.0000","88101","PM2.5 - Local Conditions","638","Teledyne T640X at 16.67 LPM w/Network Data Alignment enabled","19100","Dallas-Fort Worth-Arlington, TX","48","Texas","113","Dallas","32.820061","-96.860117"
"11/27/2023","AQS","481130069","4","11.3","ug/m3 LC","55","Dallas Hinton","1","100.0000","88101","PM2.5 - Local Conditions","638","Teledyne T640X at 16.67 LPM w/Network Data Alignment enabled","19100","Dallas-Fort Worth-Arlington, TX","48","Texas","113","Dallas","32.820061","-96.860117"
"11/28/2023","AQS","481130069","4","14.6","ug/m3 LC","61","Dallas Hinton","1","100.0000","88101","PM2.5 - Local Conditions","638","Teledyne T640X at 16.67 LPM w/Network Data Alignment enabled","19100","Dallas-Fort Worth-Arlington, TX","48","Texas","113","Dallas","32.820061","-96.860117"
"11/29/2023","AQS","481130069","4","11.5","ug/m3 LC","55","Dallas Hinton","1","100.0000","88101","PM2.5 - Local Conditions","638","Teledyne T640X at 16.67 LPM w/Network Data Alignment enabled","19100","Dallas-Fort Worth-Arlington, TX","48","Texas","113","Dallas","32.820061","-96.860117"
"11/30/2023","AQS","481130069","4","13.8","ug/m3 LC","60","Dallas Hinton","1","100.0000","88101","PM2.5 - Local Conditions","638","Teledyne T640X at 16.67 LPM w/Network Data Alignment enabled","19100","Dallas-Fort Worth-Arlington, TX","48","Texas","113","Dallas","32.820061","-96.860117"
"12/01/2023","AQS","481130069","4","10.7","ug/m3 LC","54","Dallas Hinton","1","100.0000","88101","PM2.5 - Local Conditions","638","Teledyne T640X at 16.67 LPM w/Network Data Alignment enabled","19100","Dallas-Fort Worth-Arlington, TX","48","Texas","113","Dallas","32.820061","-96.860117"
"12/02/2023","AQS","481130069","4","16","ug/m3 LC","64","Dallas Hinton","1","100.0000","88101","PM2.5 - Local Conditions","638","Teledyne T640X at 16.67 LPM w/Network Data Alignment enabled","19100","Dallas-Fort Worth-Arlington, TX","48","Texas","113","Dallas","32.820061","-96.860117"
"12/03/2023","AQS","481130069","4","8.1","ug/m3 LC","45","Dallas Hinton","1","100.0000","88101","PM2.5 - Local Conditions","638","Teledyne T640X at 16.67 LPM w/Network Data Alignment enabled","19100","Dallas-Fort Worth-Arlington, TX","48","Texas","113","Dallas","32.820061","-96.860117"
"12/04/2023","AQS","481130069","4","6.7","ug/m3 LC","37","Dallas Hinton","1","100.0000","88101","PM2.5 - Local Conditions","638","Teledyne T640X at 16.67 LPM w/Network Data Alignment enabled","19100","Dallas-Fort Worth-Arlington, TX","48","Texas","113","Dallas","32.820061","-96.860117"
"12/05/2023","AQS","481130069","4","14.9","ug/m3 LC","62","Dallas Hinton","1","100.0000","88101","PM2.5 - Local Conditions","638","Teledyne T640X at 16.67 LPM w/Network Data Alignment enabled","19100","Dallas-Fort Worth-Arlington, TX","48","Texas","113","Dallas","32.820061","-96.860117"
"12/06/2023","AQS","481130069","4","5.2","ug/m3 LC","29","Dallas Hinton","1","100.0000","88101","PM2.5 - Local Conditions","638","Teledyne T640X at 16.67 LPM w/Network Data Alignment enabled","19100","Dallas-Fort Worth-Arlington, TX","48","Texas","113","Dallas","32.820061","-96.860117"
"12/07/2023","AQS","481130069","4","8.1","ug/m3 LC","45","Dallas Hinton","1","100.0000","88101","PM2.5 - Local Conditions","638","Teledyne T640X at 16.67 LPM w/Network Data Alignment enabled","19100","Dallas-Fort Worth-Arlington, TX","48","Texas","113","Dallas","32.820061","-96.860117"
"12/08/2023","AQS","481130069","4","6.5","ug/m3 LC","36","Dallas Hinton","1","100.0000","88101","PM2.5 - Local Conditions","638","Teledyne T640X at 16.67 LPM w/Network Data Alignment enabled","19100","Dallas-Fort Worth-Arlington, TX","48","Texas","113","Dallas","32.820061","-96.860117"
"12/09/2023","AQS","481130069","4","5.2","ug/m3 LC","29","Dallas Hinton","1","100.0000","88101","PM2.5 - Local Conditions","638","Teledyne T640X at 16.67 LPM w/Network Data Alignment enabled","19100","Dallas-Fort Worth-Arlington, TX","48","Texas","113","Dallas","32.820061","-96.860117"
"12/10/2023","AQS","481130069","4","5.3","ug/m3 LC","29","Dallas Hinton","1","100.0000","88101","PM2.5 - Local Conditions","638","Teledyne T640X at 16.67 LPM w/Network Data Alignment enabled","19100","Dallas-Fort Worth-Arlington, TX","48","Texas","113","Dallas","32.820061","-96.860117"
"12/11/2023","AQS","481130069","4","6.5","ug/m3 LC","36","Dallas Hinton","1","100.0000","88101","PM2.5 - Local Conditions","638","Teledyne T640X at 16.67 LPM w/Network Data Alignment enabled","19100","Dallas-Fort Worth-Arlington, TX","48","Texas","113","Dallas","32.820061","-96.860117"
"12/12/2023","AQS","481130069","4","10.5","ug/m3 LC","54","Dallas Hinton","1","100.0000","88101","PM2.5 - Local Conditions","638","Teledyne T640X at 16.67 LPM w/Network Data Alignment enabled","19100","Dallas-Fort Worth-Arlington, TX","48","Texas","113","Dallas","32.820061","-96.860117"
"12/13/2023","AQS","481130069","4","12.9","ug/m3 LC","58","Dallas Hinton","1","100.0000","88101","PM2.5 - Local Conditions","638","Teledyne T640X at 16.67 LPM w/Network Data Alignment enabled","19100","Dallas-Fort Worth-Arlington, TX","48","Texas","113","Dallas","32.820061","-96.860117"
"12/14/2023","AQS","481130069","4","8.5","ug/m3 LC","47","Dallas Hinton","1","100.0000","88101","PM2.5 - Local Conditions","638","Teledyne T640X at 16.67 LPM w/Network Data Alignment enabled","19100","Dallas-Fort Worth-Arlington, TX","48","Texas","113","Dallas","32.820061","-96.860117"
"12/15/2023","AQS","481130069","4","12.7","ug/m3 LC","58","Dallas Hinton","1","100.0000","88101","PM2.5 - Local Conditions","638","Teledyne T640X at 16.67 LPM w/Network Data Alignment enabled","19100","Dallas-Fort Worth-Arlington, TX","48","Texas","113","Dallas","32.820061","-96.860117"
"12/16/2023","AQS","481130069","4","8.3","ug/m3 LC","46","Dallas Hinton","1","100.0000","88101","PM2.5 - Local Conditions","638","Teledyne T640X at 16.67 LPM w/Network Data Alignment enabled","19100","Dallas-Fort Worth-Arlington, TX","48","Texas","113","Dallas","32.820061","-96.860117"
"12/17/2023","AQS","481130069","4","15.1","ug/m3 LC","62","Dallas Hinton","1","100.0000","88101","PM2.5 - Local Conditions","638","Teledyne T640X at 16.67 LPM w/Network Data Alignment enabled","19100","Dallas-Fort Worth-Arlington, TX","48","Texas","113","Dallas","32.820061","-96.860117"
"12/18/2023","AQS","481130069","4","6.6","ug/m3 LC","37","Dallas Hinton","1","100.0000","88101","PM2.5 - Local Conditions","638","Teledyne T640X at 16.67 LPM w/Network Data Alignment enabled","19100","Dallas-Fort Worth-Arlington, TX","48","Texas","113","Dallas","32.820061","-96.860117"
"12/19/2023","AQS","481130069","4","5.5","ug/m3 LC","31","Dallas Hinton","1","100.0000","88101","PM2.5 - Local Conditions","638","Teledyne T640X at 16.67 LPM w/Network Data Alignment enabled","19100","Dallas-Fort Worth-Arlington, TX","48","Texas","113","Dallas","32.820061","-96.860117"
"12/20/2023","AQS","481130069","4","7.8","ug/m3 LC","43","Dallas Hinton","1","100.0000","88101","PM2.5 - Local Conditions","638","Teledyne T640X at 16.67 LPM w/Network Data Alignment enabled","19100","Dallas-Fort Worth-Arlington, TX","48","Texas","113","Dallas","32.820061","-96.860117"
"12/21/2023","AQS","481130069","4","9.6","ug/m3 LC","52","Dallas Hinton","1","100.0000","88101","PM2.5 - Local Conditions","638","Teledyne T640X at 16.67 LPM w/Network Data Alignment enabled","19100","Dallas-Fort Worth-Arlington, TX","48","Texas","113","Dallas","32.820061","-96.860117"
"12/22/2023","AQS","481130069","4","13.6","ug/m3 LC","59","Dallas Hinton","1","100.0000","88101","PM2.5 - Local Conditions","638","Teledyne T640X at 16.67 LPM w/Network Data Alignment enabled","19100","Dallas-Fort Worth-Arlington, TX","48","Texas","113","Dallas","32.820061","-96.860117"
"12/23/2023","AQS","481130069","4","8.9","ug/m3 LC","49","Dallas Hinton","1","100.0000","88101","PM2.5 - Local Conditions","638","Teledyne T640X at 16.67 LPM w/Network Data Alignment enabled","19100","Dallas-Fort Worth-Arlington, TX","48","Texas","113","Dallas","32.820061","-96.860117"
"12/24/2023","AQS","481130069","4","2.5","ug/m3 LC","14","Dallas Hinton","1","100.0000","88101","PM2.5 - Local Conditions","638","Teledyne T640X at 16.67 LPM w/Network Data Alignment enabled","19100","Dallas-Fort Worth-Arlington, TX","48","Texas","113","Dallas","32.820061","-96.860117"
"12/25/2023","AQS","481130069","4","2.1","ug/m3 LC","12","Dallas Hinton","1","100.0000","88101","PM2.5 - Local Conditions","638","Teledyne T640X at 16.67 LPM w/Network Data Alignment enabled","19100","Dallas-Fort Worth-Arlington, TX","48","Texas","113","Dallas","32.820061","-96.860117"
"12/26/2023","AQS","481130069","4","4.9","ug/m3 LC","27","Dallas Hinton","1","100.0000","88101","PM2.5 - Local Conditions","638","Teledyne T640X at 16.67 LPM w/Network Data Alignment enabled","19100","Dallas-Fort Worth-Arlington, TX","48","Texas","113","Dallas","32.820061","-96.860117"
"12/27/2023","AQS","481130069","4","4.5","ug/m3 LC","25","Dallas Hinton","1","100.0000","88101","PM2.5 - Local Conditions","638","Teledyne T640X at 16.67 LPM w/Network Data Alignment enabled","19100","Dallas-Fort Worth-Arlington, TX","48","Texas","113","Dallas","32.820061","-96.860117"
"12/28/2023","AQS","481130069","4","4.6","ug/m3 LC","26","Dallas Hinton","1","100.0000","88101","PM2.5 - Local Conditions","638","Teledyne T640X at 16.67 LPM w/Network Data Alignment enabled","19100","Dallas-Fort Worth-Arlington, TX","48","Texas","113","Dallas","32.820061","-96.860117"
"12/29/2023","AQS","481130069","4","4","ug/m3 LC","22","Dallas Hinton","1","100.0000","88101","PM2.5 - Local Conditions","638","Teledyne T640X at 16.67 LPM w/Network Data Alignment enabled","19100","Dallas-Fort Worth-Arlington, TX","48","Texas","113","Dallas","32.820061","-96.860117"
"12/30/2023","AQS","481130069","4","7.7","ug/m3 LC","43","Dallas Hinton","1","100.0000","88101","PM2.5 - Local Conditions","638","Teledyne T640X at 16.67 LPM w/Network Data Alignment enabled","19100","Dallas-Fort Worth-Arlington, TX","48","Texas","113","Dallas","32.820061","-96.860117"
"12/31/2023","AQS","481130069","4","7.2","ug/m3 LC","40","Dallas Hinton","1","100.0000","88101","PM2.5 - Local Conditions","638","Teledyne T640X at 16.67 LPM w/Network Data Alignment enabled","19100","Dallas-Fort Worth-Arlington, TX","48","Texas","113","Dallas","32.820061","-96.860117"
"05/06/2023","AQS","481131096","1","15.2","ug/m3 LC","62","Dallas Bexar Street","1","100.0000","88502","Acceptable PM2.5 AQI & Speciation Mass","702","PM2.5 SCC w/Correction Factor","19100","Dallas-Fort Worth-Arlington, TX","48","Texas","113","Dallas","32.7429842","-96.753187"
"05/07/2023","AQS","481131096","1","10.1","ug/m3 LC","53","Dallas Bexar Street","1","100.0000","88502","Acceptable PM2.5 AQI & Speciation Mass","702","PM2.5 SCC w/Correction Factor","19100","Dallas-Fort Worth-Arlington, TX","48","Texas","113","Dallas","32.7429842","-96.753187"
"05/10/2023","AQS","481131096","1","8","ug/m3 LC","44","Dallas Bexar Street","1","100.0000","88502","Acceptable PM2.5 AQI & Speciation Mass","702","PM2.5 SCC w/Correction Factor","19100","Dallas-Fort Worth-Arlington, TX","48","Texas","113","Dallas","32.7429842","-96.753187"
"05/11/2023","AQS","481131096","1","17.6","ug/m3 LC","67","Dallas Bexar Street","1","100.0000","88502","Acceptable PM2.5 AQI & Speciation Mass","702","PM2.5 SCC w/Correction Factor","19100","Dallas-Fort Worth-Arlington, TX","48","Texas","113","Dallas","32.7429842","-96.753187"
"05/12/2023","AQS","481131096","1","20.9","ug/m3 LC","73","Dallas Bexar Street","1","100.0000","88502","Acceptable PM2.5 AQI & Speciation Mass","702","PM2.5 SCC w/Correction Factor","19100","Dallas-Fort Worth-Arlington, TX","48","Texas","113","Dallas","32.7429842","-96.753187"
"05/13/2023","AQS","481131096","1","6","ug/m3 LC","33","Dallas Bexar Street","1","100.0000","88502","Acceptable PM2.5 AQI & Speciation Mass","702","PM2.5 SCC w/Correction Factor","19100","Dallas-Fort Worth-Arlington, TX","48","Texas","113","Dallas","32.7429842","-96.753187"
"05/14/2023","AQS","481131096","1","6.6","ug/m3 LC","37","Dallas Bexar Street","1","100.0000","88502","Acceptable PM2.5 AQI & Speciation Mass","702","PM2.5 SCC w/Correction Factor","19100","Dallas-Fort Worth-Arlington, TX","48","Texas","113","Dallas","32.7429842","-96.753187"
"05/15/2023","AQS","481131096","1","6.2","ug/m3 LC","34","Dallas Bexar Street","1","100.0000","88502","Acceptable PM2.5 AQI & Speciation Mass","702","PM2.5 SCC w/Correction Factor","19100","Dallas-Fort Worth-Arlington, TX","48","Texas","113","Dallas","32.7429842","-96.753187"
"05/16/2023","AQS","481131096","1","5.1","ug/m3 LC","28","Dallas Bexar Street","1","100.0000","88502","Acceptable PM2.5 AQI & Speciation Mass","702","PM2.5 SCC w/Correction Factor","19100","Dallas-Fort Worth-Arlington, TX","48","Texas","113","Dallas","32.7429842","-96.753187"
"05/17/2023","AQS","481131096","1","6.5","ug/m3 LC","36","Dallas Bexar Street","1","100.0000","88502","Acceptable PM2.5 AQI & Speciation Mass","702","PM2.5 SCC w/Correction Factor","19100","Dallas-Fort Worth-Arlington, TX","48","Texas","113","Dallas","32.7429842","-96.753187"
"05/18/2023","AQS","481131096","1","7.9","ug/m3 LC","44","Dallas Bexar Street","1","100.0000","88502","Acceptable PM2.5 AQI & Speciation Mass","702","PM2.5 SCC w/Correction Factor","19100","Dallas-Fort Worth-Arlington, TX","48","Texas","113","Dallas","32.7429842","-96.753187"
"05/19/2023","AQS","481131096","1","9.2","ug/m3 LC","51","Dallas Bexar Street","1","100.0000","88502","Acceptable PM2.5 AQI & Speciation Mass","702","PM2.5 SCC w/Correction Factor","19100","Dallas-Fort Worth-Arlington, TX","48","Texas","113","Dallas","32.7429842","-96.753187"
"05/20/2023","AQS","481131096","1","23.6","ug/m3 LC","78","Dallas Bexar Street","1","100.0000","88502","Acceptable PM2.5 AQI & Speciation Mass","702","PM2.5 SCC w/Correction Factor","19100","Dallas-Fort Worth-Arlington, TX","48","Texas","113","Dallas","32.7429842","-96.753187"
"05/21/2023","AQS","481131096","1","13.7","ug/m3 LC","60","Dallas Bexar Street","1","100.0000","88502","Acceptable PM2.5 AQI & Speciation Mass","702","PM2.5 SCC w/Correction Factor","19100","Dallas-Fort Worth-Arlington, TX","48","Texas","113","Dallas","32.7429842","-96.753187"
"05/22/2023","AQS","481131096","1","16.7","ug/m3 LC","65","Dallas Bexar Street","1","100.0000","88502","Acceptable PM2.5 AQI & Speciation Mass","702","PM2.5 SCC w/Correction Factor","19100","Dallas-Fort Worth-Arlington, TX","48","Texas","113","Dallas","32.7429842","-96.753187"
"05/23/2023","AQS","481131096","1","18.2","ug/m3 LC","68","Dallas Bexar Street","1","100.0000","88502","Acceptable PM2.5 AQI & Speciation Mass","702","PM2.5 SCC w/Correction Factor","19100","Dallas-Fort Worth-Arlington, TX","48","Texas","113","Dallas","32.7429842","-96.753187"
"05/24/2023","AQS","481131096","1","15","ug/m3 LC","62","Dallas Bexar Street","1","100.0000","88502","Acceptable PM2.5 AQI & Speciation Mass","702","PM2.5 SCC w/Correction Factor","19100","Dallas-Fort Worth-Arlington, TX","48","Texas","113","Dallas","32.7429842","-96.753187"
"05/25/2023","AQS","481131096","1","10.7","ug/m3 LC","54","Dallas Bexar Street","1","100.0000","88502","Acceptable PM2.5 AQI & Speciation Mass","702","PM2.5 SCC w/Correction Factor","19100","Dallas-Fort Worth-Arlington, TX","48","Texas","113","Dallas","32.7429842","-96.753187"
"05/26/2023","AQS","481131096","1","17.7","ug/m3 LC","67","Dallas Bexar Street","1","100.0000","88502","Acceptable PM2.5 AQI & Speciation Mass","702","PM2.5 SCC w/Correction Factor","19100","Dallas-Fort Worth-Arlington, TX","48","Texas","113","Dallas","32.7429842","-96.753187"
"05/27/2023","AQS","481131096","1","19.3","ug/m3 LC","70","Dallas Bexar Street","1","100.0000","88502","Acceptable PM2.5 AQI & Speciation Mass","702","PM2.5 SCC w/Correction Factor","19100","Dallas-Fort Worth-Arlington, TX","48","Texas","113","Dallas","32.7429842","-96.753187"
"05/28/2023","AQS","481131096","1","17.9","ug/m3 LC","67","Dallas Bexar Street","1","100.0000","88502","Acceptable PM2.5 AQI & Speciation Mass","702","PM2.5 SCC w/Correction Factor","19100","Dallas-Fort Worth-Arlington, TX","48","Texas","113","Dallas","32.7429842","-96.753187"
"05/29/2023","AQS","481131096","1","12.1","ug/m3 LC","57","Dallas Bexar Street","1","100.0000","88502","Acceptable PM2.5 AQI & Speciation Mass","702","PM2.5 SCC w/Correction Factor","19100","Dallas-Fort Worth-Arlington, TX","48","Texas","113","Dallas","32.7429842","-96.753187"
"05/30/2023","AQS","481131096","1","8.6","ug/m3 LC","48","Dallas Bexar Street","1","100.0000","88502","Acceptable PM2.5 AQI & Speciation Mass","702","PM2.5 SCC w/Correction Factor","19100","Dallas-Fort Worth-Arlington, TX","48","Texas","113","Dallas","32.7429842","-96.753187"
"05/31/2023","AQS","481131096","1","10","ug/m3 LC","53","Dallas Bexar Street","1","100.0000","88502","Acceptable PM2.5 AQI & Speciation Mass","702","PM2.5 SCC w/Correction Factor","19100","Dallas-Fort Worth-Arlington, TX","48","Texas","113","Dallas","32.7429842","-96.753187"
"06/01/2023","AQS","481131096","1","12.3","ug/m3 LC","57","Dallas Bexar Street","1","100.0000","88502","Acceptable PM2.5 AQI & Speciation Mass","702","PM2.5 SCC w/Correction Factor","19100","Dallas-Fort Worth-Arlington, TX","48","Texas","113","Dallas","32.7429842","-96.753187"
"06/02/2023","AQS","481131096","1","14.1","ug/m3 LC","60","Dallas Bexar Street","1","100.0000","88502","Acceptable PM2.5 AQI & Speciation Mass","702","PM2.5 SCC w/Correction Factor","19100","Dallas-Fort Worth-Arlington, TX","48","Texas","113","Dallas","32.7429842","-96.753187"
"06/03/2023","AQS","481131096","1","6.5","ug/m3 LC","36","Dallas Bexar Street","1","100.0000","88502","Acceptable PM2.5 AQI & Speciation Mass","702","PM2.5 SCC w/Correction Factor","19100","Dallas-Fort Worth-Arlington, TX","48","Texas","113","Dallas","32.7429842","-96.753187"
"06/04/2023","AQS","481131096","1","5.8","ug/m3 LC","32","Dallas Bexar Street","1","100.0000","88502","Acceptable PM2.5 AQI & Speciation Mass","702","PM2.5 SCC w/Correction Factor","19100","Dallas-Fort Worth-Arlington, TX","48","Texas","113","Dallas","32.7429842","-96.753187"
"06/05/2023","AQS","481131096","1","7.7","ug/m3 LC","43","Dallas Bexar Street","1","100.0000","88502","Acceptable PM2.5 AQI & Speciation Mass","702","PM2.5 SCC w/Correction Factor","19100","Dallas-Fort Worth-Arlington, TX","48","Texas","113","Dallas","32.7429842","-96.753187"
"06/14/2023","AQS","481131096","1","15.7","ug/m3 LC","63","Dallas Bexar Street","1","100.0000","88502","Acceptable PM2.5 AQI & Speciation Mass","702","PM2.5 SCC w/Correction Factor","19100","Dallas-Fort Worth-Arlington, TX","48","Texas","113","Dallas","32.7429842","-96.753187"
"06/15/2023","AQS","481131096","1","12.5","ug/m3 LC","57","Dallas Bexar Street","1","100.0000","88502","Acceptable PM2.5 AQI & Speciation Mass","702","PM2.5 SCC w/Correction Factor","19100","Dallas-Fort Worth-Arlington, TX","48","Texas","113","Dallas","32.7429842","-96.753187"
"06/16/2023","AQS","481131096","1","8.9","ug/m3 LC","49","Dallas Bexar Street","1","100.0000","88502","Acceptable PM2.5 AQI & Speciation Mass","702","PM2.5 SCC w/Correction Factor","19100","Dallas-Fort Worth-Arlington, TX","48","Texas","113","Dallas","32.7429842","-96.753187"
"06/17/2023","AQS","481131096","1","10.5","ug/m3 LC","54","Dallas Bexar Street","1","100.0000","88502","Acceptable PM2.5 AQI & Speciation Mass","702","PM2.5 SCC w/Correction Factor","19100","Dallas-Fort Worth-Arlington, TX","48","Texas","113","Dallas","32.7429842","-96.753187"
"06/18/2023","AQS","481131096","1","11.2","ug/m3 LC","55","Dallas Bexar Street","1","100.0000","88502","Acceptable PM2.5 AQI & Speciation Mass","702","PM2.5 SCC w/Correction Factor","19100","Dallas-Fort Worth-Arlington, TX","48","Texas","113","Dallas","32.7429842","-96.753187"
"06/19/2023","AQS","481131096","1","10.2","ug/m3 LC","53","Dallas Bexar Street","1","100.0000","88502","Acceptable PM2.5 AQI & Speciation Mass","702","PM2.5 SCC w/Correction Factor","19100","Dallas-Fort Worth-Arlington, TX","48","Texas","113","Dallas","32.7429842","-96.753187"
"06/20/2023","AQS","481131096","1","12.1","ug/m3 LC","57","Dallas Bexar Street","1","100.0000","88502","Acceptable PM2.5 AQI & Speciation Mass","702","PM2.5 SCC w/Correction Factor","19100","Dallas-Fort Worth-Arlington, TX","48","Texas","113","Dallas","32.7429842","-96.753187"
"07/03/2023","AQS","481131096","1","10.3","ug/m3 LC","53","Dallas Bexar Street","1","100.0000","88502","Acceptable PM2.5 AQI & Speciation Mass","702","PM2.5 SCC w/Correction Factor","19100","Dallas-Fort Worth-Arlington, TX","48","Texas","113","Dallas","32.7429842","-96.753187"
"07/04/2023","AQS","481131096","1","10.9","ug/m3 LC","54","Dallas Bexar Street","1","100.0000","88502","Acceptable PM2.5 AQI & Speciation Mass","702","PM2.5 SCC w/Correction Factor","19100","Dallas-Fort Worth-Arlington, TX","48","Texas","113","Dallas","32.7429842","-96.753187"
"07/05/2023","AQS","481131096","1","8.7","ug/m3 LC","48","Dallas Bexar Street","1","100.0000","88502","Acceptable PM2.5 AQI & Speciation Mass","702","PM2.5 SCC w/Correction Factor","19100","Dallas-Fort Worth-Arlington, TX","48","Texas","113","Dallas","32.7429842","-96.753187"
"07/06/2023","AQS","481131096","1","8","ug/m3 LC","44","Dallas Bexar Street","1","100.0000","88502","Acceptable PM2.5 AQI & Speciation Mass","702","PM2.5 SCC w/Correction Factor","19100","Dallas-Fort Worth-Arlington, TX","48","Texas","113","Dallas","32.7429842","-96.753187"
"07/07/2023","AQS","481131096","1","8.6","ug/m3 LC","48","Dallas Bexar Street","1","100.0000","88502","Acceptable PM2.5 AQI & Speciation Mass","702","PM2.5 SCC w/Correction Factor","19100","Dallas-Fort Worth-Arlington, TX","48","Texas","113","Dallas","32.7429842","-96.753187"
"07/08/2023","AQS","481131096","1","7.9","ug/m3 LC","44","Dallas Bexar Street","1","100.0000","88502","Acceptable PM2.5 AQI & Speciation Mass","702","PM2.5 SCC w/Correction Factor","19100","Dallas-Fort Worth-Arlington, TX","48","Texas","113","Dallas","32.7429842","-96.753187"
"07/09/2023","AQS","481131096","1","8.8","ug/m3 LC","49","Dallas Bexar Street","1","100.0000","88502","Acceptable PM2.5 AQI & Speciation Mass","702","PM2.5 SCC w/Correction Factor","19100","Dallas-Fort Worth-Arlington, TX","48","Texas","113","Dallas","32.7429842","-96.753187"
"07/13/2023","AQS","481131096","1","10","ug/m3 LC","53","Dallas Bexar Street","1","100.0000","88502","Acceptable PM2.5 AQI & Speciation Mass","702","PM2.5 SCC w/Correction Factor","19100","Dallas-Fort Worth-Arlington, TX","48","Texas","113","Dallas","32.7429842","-96.753187"
"07/14/2023","AQS","481131096","1","18.4","ug/m3 LC","68","Dallas Bexar Street","1","100.0000","88502","Acceptable PM2.5 AQI & Speciation Mass","702","PM2.5 SCC w/Correction Factor","19100","Dallas-Fort Worth-Arlington, TX","48","Texas","113","Dallas","32.7429842","-96.753187"
"07/15/2023","AQS","481131096","1","16.6","ug/m3 LC","65","Dallas Bexar Street","1","100.0000","88502","Acceptable PM2.5 AQI & Speciation Mass","702","PM2.5 SCC w/Correction Factor","19100","Dallas-Fort Worth-Arlington, TX","48","Texas","113","Dallas","32.7429842","-96.753187"
"07/16/2023","AQS","481131096","1","9.6","ug/m3 LC","52","Dallas Bexar Street","1","100.0000","88502","Acceptable PM2.5 AQI & Speciation Mass","702","PM2.5 SCC w/Correction Factor","19100","Dallas-Fort Worth-Arlington, TX","48","Texas","113","Dallas","32.7429842","-96.753187"
"07/17/2023","AQS","481131096","1","18.6","ug/m3 LC","69","Dallas Bexar Street","1","100.0000","88502","Acceptable PM2.5 AQI & Speciation Mass","702","PM2.5 SCC w/Correction Factor","19100","Dallas-Fort Worth-Arlington, TX","48","Texas","113","Dallas","32.7429842","-96.753187"
"07/18/2023","AQS","481131096","1","16.3","ug/m3 LC","64","Dallas Bexar Street","1","100.0000","88502","Acceptable PM2.5 AQI & Speciation Mass","702","PM2.5 SCC w/Correction Factor","19100","Dallas-Fort Worth-Arlington, TX","48","Texas","113","Dallas","32.7429842","-96.753187"
"07/19/2023","AQS","481131096","1","18.1","ug/m3 LC","68","Dallas Bexar Street","1","100.0000","88502","Acceptable PM2.5 AQI & Speciation Mass","702","PM2.5 SCC w/Correction Factor","19100","Dallas-Fort Worth-Arlington, TX","48","Texas","113","Dallas","32.7429842","-96.753187"
"07/20/2023","AQS","481131096","1","17.8","ug/m3 LC","67","Dallas Bexar Street","1","100.0000","88502","Acceptable PM2.5 AQI & Speciation Mass","702","PM2.5 SCC w/Correction Factor","19100","Dallas-Fort Worth-Arlington, TX","48","Texas","113","Dallas","32.7429842","-96.753187"
"07/21/2023","AQS","481131096","1","17","ug/m3 LC","66","Dallas Bexar Street","1","100.0000","88502","Acceptable PM2.5 AQI & Speciation Mass","702","PM2.5 SCC w/Correction Factor","19100","Dallas-Fort Worth-Arlington, TX","48","Texas","113","Dallas","32.7429842","-96.753187"
"07/22/2023","AQS","481131096","1","5.2","ug/m3 LC","29","Dallas Bexar Street","1","100.0000","88502","Acceptable PM2.5 AQI & Speciation Mass","702","PM2.5 SCC w/Correction Factor","19100","Dallas-Fort Worth-Arlington, TX","48","Texas","113","Dallas","32.7429842","-96.753187"
"07/23/2023","AQS","481131096","1","10.3","ug/m3 LC","53","Dallas Bexar Street","1","100.0000","88502","Acceptable PM2.5 AQI & Speciation Mass","702","PM2.5 SCC w/Correction Factor","19100","Dallas-Fort Worth-Arlington, TX","48","Texas","113","Dallas","32.7429842","-96.753187"
"07/24/2023","AQS","481131096","1","10.6","ug/m3 LC","54","Dallas Bexar Street","1","100.0000","88502","Acceptable PM2.5 AQI & Speciation Mass","702","PM2.5 SCC w/Correction Factor","19100","Dallas-Fort Worth-Arlington, TX","48","Texas","113","Dallas","32.7429842","-96.753187"
"07/25/2023","AQS","481131096","1","11.1","ug/m3 LC","55","Dallas Bexar Street","1","100.0000","88502","Acceptable PM2.5 AQI & Speciation Mass","702","PM2.5 SCC w/Correction Factor","19100","Dallas-Fort Worth-Arlington, TX","48","Texas","113","Dallas","32.7429842","-96.753187"
"07/26/2023","AQS","481131096","1","17","ug/m3 LC","66","Dallas Bexar Street","1","100.0000","88502","Acceptable PM2.5 AQI & Speciation Mass","702","PM2.5 SCC w/Correction Factor","19100","Dallas-Fort Worth-Arlington, TX","48","Texas","113","Dallas","32.7429842","-96.753187"
"07/27/2023","AQS","481131096","1","18.6","ug/m3 LC","69","Dallas Bexar Street","1","100.0000","88502","Acceptable PM2.5 AQI & Speciation Mass","702","PM2.5 SCC w/Correction Factor","19100","Dallas-Fort Worth-Arlington, TX","48","Texas","113","Dallas","32.7429842","-96.753187"
"07/28/2023","AQS","481131096","1","17.6","ug/m3 LC","67","Dallas Bexar Street","1","100.0000","88502","Acceptable PM2.5 AQI & Speciation Mass","702","PM2.5 SCC w/Correction Factor","19100","Dallas-Fort Worth-Arlington, TX","48","Texas","113","Dallas","32.7429842","-96.753187"
"07/29/2023","AQS","481131096","1","16.2","ug/m3 LC","64","Dallas Bexar Street","1","100.0000","88502","Acceptable PM2.5 AQI & Speciation Mass","702","PM2.5 SCC w/Correction Factor","19100","Dallas-Fort Worth-Arlington, TX","48","Texas","113","Dallas","32.7429842","-96.753187"
"07/30/2023","AQS","481131096","1","13.6","ug/m3 LC","59","Dallas Bexar Street","1","100.0000","88502","Acceptable PM2.5 AQI & Speciation Mass","702","PM2.5 SCC w/Correction Factor","19100","Dallas-Fort Worth-Arlington, TX","48","Texas","113","Dallas","32.7429842","-96.753187"
"07/31/2023","AQS","481131096","1","15","ug/m3 LC","62","Dallas Bexar Street","1","100.0000","88502","Acceptable PM2.5 AQI & Speciation Mass","702","PM2.5 SCC w/Correction Factor","19100","Dallas-Fort Worth-Arlington, TX","48","Texas","113","Dallas","32.7429842","-96.753187"
"08/01/2023","AQS","481131096","1","13.8","ug/m3 LC","60","Dallas Bexar Street","1","100.0000","88502","Acceptable PM2.5 AQI & Speciation Mass","702","PM2.5 SCC w/Correction Factor","19100","Dallas-Fort Worth-Arlington, TX","48","Texas","113","Dallas","32.7429842","-96.753187"
"08/02/2023","AQS","481131096","1","9.3","ug/m3 LC","51","Dallas Bexar Street","1","100.0000","88502","Acceptable PM2.5 AQI & Speciation Mass","702","PM2.5 SCC w/Correction Factor","19100","Dallas-Fort Worth-Arlington, TX","48","Texas","113","Dallas","32.7429842","-96.753187"
"08/03/2023","AQS","481131096","1","7.7","ug/m3 LC","43","Dallas Bexar Street","1","100.0000","88502","Acceptable PM2.5 AQI & Speciation Mass","702","PM2.5 SCC w/Correction Factor","19100","Dallas-Fort Worth-Arlington, TX","48","Texas","113","Dallas","32.7429842","-96.753187"
"08/04/2023","AQS","481131096","1","7.6","ug/m3 LC","42","Dallas Bexar Street","1","100.0000","88502","Acceptable PM2.5 AQI & Speciation Mass","702","PM2.5 SCC w/Correction Factor","19100","Dallas-Fort Worth-Arlington, TX","48","Texas","113","Dallas","32.7429842","-96.753187"
"08/05/2023","AQS","481131096","1","12.1","ug/m3 LC","57","Dallas Bexar Street","1","100.0000","88502","Acceptable PM2.5 AQI & Speciation Mass","702","PM2.5 SCC w/Correction Factor","19100","Dallas-Fort Worth-Arlington, TX","48","Texas","113","Dallas","32.7429842","-96.753187"
"08/06/2023","AQS","481131096","1","8.6","ug/m3 LC","48","Dallas Bexar Street","1","100.0000","88502","Acceptable PM2.5 AQI & Speciation Mass","702","PM2.5 SCC w/Correction Factor","19100","Dallas-Fort Worth-Arlington, TX","48","Texas","113","Dallas","32.7429842","-96.753187"
"08/07/2023","AQS","481131096","1","9.9","ug/m3 LC","52","Dallas Bexar Street","1","100.0000","88502","Acceptable PM2.5 AQI & Speciation Mass","702","PM2.5 SCC w/Correction Factor","19100","Dallas-Fort Worth-Arlington, TX","48","Texas","113","Dallas","32.7429842","-96.753187"
"08/08/2023","AQS","481131096","1","9.9","ug/m3 LC","52","Dallas Bexar Street","1","100.0000","88502","Acceptable PM2.5 AQI & Speciation Mass","702","PM2.5 SCC w/Correction Factor","19100","Dallas-Fort Worth-Arlington, TX","48","Texas","113","Dallas","32.7429842","-96.753187"
"08/09/2023","AQS","481131096","1","7.9","ug/m3 LC","44","Dallas Bexar Street","1","100.0000","88502","Acceptable PM2.5 AQI & Speciation Mass","702","PM2.5 SCC w/Correction Factor","19100","Dallas-Fort Worth-Arlington, TX","48","Texas","113","Dallas","32.7429842","-96.753187"
"08/10/2023","AQS","481131096","1","10","ug/m3 LC","53","Dallas Bexar Street","1","100.0000","88502","Acceptable PM2.5 AQI & Speciation Mass","702","PM2.5 SCC w/Correction Factor","19100","Dallas-Fort Worth-Arlington, TX","48","Texas","113","Dallas","32.7429842","-96.753187"
"08/11/2023","AQS","481131096","1","9.5","ug/m3 LC","52","Dallas Bexar Street","1","100.0000","88502","Acceptable PM2.5 AQI & Speciation Mass","702","PM2.5 SCC w/Correction Factor","19100","Dallas-Fort Worth-Arlington, TX","48","Texas","113","Dallas","32.7429842","-96.753187"
"08/12/2023","AQS","481131096","1","9.5","ug/m3 LC","52","Dallas Bexar Street","1","100.0000","88502","Acceptable PM2.5 AQI & Speciation Mass","702","PM2.5 SCC w/Correction Factor","19100","Dallas-Fort Worth-Arlington, TX","48","Texas","113","Dallas","32.7429842","-96.753187"
"08/13/2023","AQS","481131096","1","8.6","ug/m3 LC","48","Dallas Bexar Street","1","100.0000","88502","Acceptable PM2.5 AQI & Speciation Mass","702","PM2.5 SCC w/Correction Factor","19100","Dallas-Fort Worth-Arlington, TX","48","Texas","113","Dallas","32.7429842","-96.753187"
"08/14/2023","AQS","481131096","1","9.4","ug/m3 LC","52","Dallas Bexar Street","1","100.0000","88502","Acceptable PM2.5 AQI & Speciation Mass","702","PM2.5 SCC w/Correction Factor","19100","Dallas-Fort Worth-Arlington, TX","48","Texas","113","Dallas","32.7429842","-96.753187"
"08/15/2023","AQS","481131096","1","4.7","ug/m3 LC","26","Dallas Bexar Street","1","100.0000","88502","Acceptable PM2.5 AQI & Speciation Mass","702","PM2.5 SCC w/Correction Factor","19100","Dallas-Fort Worth-Arlington, TX","48","Texas","113","Dallas","32.7429842","-96.753187"
"08/16/2023","AQS","481131096","1","5.4","ug/m3 LC","30","Dallas Bexar Street","1","100.0000","88502","Acceptable PM2.5 AQI & Speciation Mass","702","PM2.5 SCC w/Correction Factor","19100","Dallas-Fort Worth-Arlington, TX","48","Texas","113","Dallas","32.7429842","-96.753187"
"08/17/2023","AQS","481131096","1","9.5","ug/m3 LC","52","Dallas Bexar Street","1","100.0000","88502","Acceptable PM2.5 AQI & Speciation Mass","702","PM2.5 SCC w/Correction Factor","19100","Dallas-Fort Worth-Arlington, TX","48","Texas","113","Dallas","32.7429842","-96.753187"
"08/18/2023","AQS","481131096","1","10.5","ug/m3 LC","54","Dallas Bexar Street","1","100.0000","88502","Acceptable PM2.5 AQI & Speciation Mass","702","PM2.5 SCC w/Correction Factor","19100","Dallas-Fort Worth-Arlington, TX","48","Texas","113","Dallas","32.7429842","-96.753187"
"08/19/2023","AQS","481131096","1","10.2","ug/m3 LC","53","Dallas Bexar Street","1","100.0000","88502","Acceptable PM2.5 AQI & Speciation Mass","702","PM2.5 SCC w/Correction Factor","19100","Dallas-Fort Worth-Arlington, TX","48","Texas","113","Dallas","32.7429842","-96.753187"
"08/20/2023","AQS","481131096","1","13.7","ug/m3 LC","60","Dallas Bexar Street","1","100.0000","88502","Acceptable PM2.5 AQI & Speciation Mass","702","PM2.5 SCC w/Correction Factor","19100","Dallas-Fort Worth-Arlington, TX","48","Texas","113","Dallas","32.7429842","-96.753187"
"08/21/2023","AQS","481131096","1","16.6","ug/m3 LC","65","Dallas Bexar Street","1","100.0000","88502","Acceptable PM2.5 AQI & Speciation Mass","702","PM2.5 SCC w/Correction Factor","19100","Dallas-Fort Worth-Arlington, TX","48","Texas","113","Dallas","32.7429842","-96.753187"
"08/22/2023","AQS","481131096","1","14","ug/m3 LC","60","Dallas Bexar Street","1","100.0000","88502","Acceptable PM2.5 AQI & Speciation Mass","702","PM2.5 SCC w/Correction Factor","19100","Dallas-Fort Worth-Arlington, TX","48","Texas","113","Dallas","32.7429842","-96.753187"
"08/24/2023","AQS","481131096","1","17.4","ug/m3 LC","66","Dallas Bexar Street","1","100.0000","88502","Acceptable PM2.5 AQI & Speciation Mass","702","PM2.5 SCC w/Correction Factor","19100","Dallas-Fort Worth-Arlington, TX","48","Texas","113","Dallas","32.7429842","-96.753187"
"08/25/2023","AQS","481131096","1","18.7","ug/m3 LC","69","Dallas Bexar Street","1","100.0000","88502","Acceptable PM2.5 AQI & Speciation Mass","702","PM2.5 SCC w/Correction Factor","19100","Dallas-Fort Worth-Arlington, TX","48","Texas","113","Dallas","32.7429842","-96.753187"
"08/26/2023","AQS","481131096","1","15.8","ug/m3 LC","63","Dallas Bexar Street","1","100.0000","88502","Acceptable PM2.5 AQI & Speciation Mass","702","PM2.5 SCC w/Correction Factor","19100","Dallas-Fort Worth-Arlington, TX","48","Texas","113","Dallas","32.7429842","-96.753187"
"08/27/2023","AQS","481131096","1","10.6","ug/m3 LC","54","Dallas Bexar Street","1","100.0000","88502","Acceptable PM2.5 AQI & Speciation Mass","702","PM2.5 SCC w/Correction Factor","19100","Dallas-Fort Worth-Arlington, TX","48","Texas","113","Dallas","32.7429842","-96.753187"
"08/28/2023","AQS","481131096","1","6","ug/m3 LC","33","Dallas Bexar Street","1","100.0000","88502","Acceptable PM2.5 AQI & Speciation Mass","702","PM2.5 SCC w/Correction Factor","19100","Dallas-Fort Worth-Arlington, TX","48","Texas","113","Dallas","32.7429842","-96.753187"
"08/29/2023","AQS","481131096","1","9.9","ug/m3 LC","52","Dallas Bexar Street","1","100.0000","88502","Acceptable PM2.5 AQI & Speciation Mass","702","PM2.5 SCC w/Correction Factor","19100","Dallas-Fort Worth-Arlington, TX","48","Texas","113","Dallas","32.7429842","-96.753187"
"08/30/2023","AQS","481131096","1","13.3","ug/m3 LC","59","Dallas Bexar Street","1","100.0000","88502","Acceptable PM2.5 AQI & Speciation Mass","702","PM2.5 SCC w/Correction Factor","19100","Dallas-Fort Worth-Arlington, TX","48","Texas","113","Dallas","32.7429842","-96.753187"
"08/31/2023","AQS","481131096","1","17.4","ug/m3 LC","66","Dallas Bexar Street","1","100.0000","88502","Acceptable PM2.5 AQI & Speciation Mass","702","PM2.5 SCC w/Correction Factor","19100","Dallas-Fort Worth-Arlington, TX","48","Texas","113","Dallas","32.7429842","-96.753187"
"09/01/2023","AQS","481131096","1","10.8","ug/m3 LC","54","Dallas Bexar Street","1","100.0000","88502","Acceptable PM2.5 AQI & Speciation Mass","702","PM2.5 SCC w/Correction Factor","19100","Dallas-Fort Worth-Arlington, TX","48","Texas","113","Dallas","32.7429842","-96.753187"
"09/02/2023","AQS","481131096","1","11.1","ug/m3 LC","55","Dallas Bexar Street","1","100.0000","88502","Acceptable PM2.5 AQI & Speciation Mass","702","PM2.5 SCC w/Correction Factor","19100","Dallas-Fort Worth-Arlington, TX","48","Texas","113","Dallas","32.7429842","-96.753187"
"09/03/2023","AQS","481131096","1","13.5","ug/m3 LC","59","Dallas Bexar Street","1","100.0000","88502","Acceptable PM2.5 AQI & Speciation Mass","702","PM2.5 SCC w/Correction Factor","19100","Dallas-Fort Worth-Arlington, TX","48","Texas","113","Dallas","32.7429842","-96.753187"
"09/04/2023","AQS","481131096","1","8.1","ug/m3 LC","45","Dallas Bexar Street","1","100.0000","88502","Acceptable PM2.5 AQI & Speciation Mass","702","PM2.5 SCC w/Correction Factor","19100","Dallas-Fort Worth-Arlington, TX","48","Texas","113","Dallas","32.7429842","-96.753187"
"09/05/2023","AQS","481131096","1","6.3","ug/m3 LC","35","Dallas Bexar Street","1","100.0000","88502","Acceptable PM2.5 AQI & Speciation Mass","702","PM2.5 SCC w/Correction Factor","19100","Dallas-Fort Worth-Arlington, TX","48","Texas","113","Dallas","32.7429842","-96.753187"
"09/06/2023","AQS","481131096","1","7","ug/m3 LC","39","Dallas Bexar Street","1","100.0000","88502","Acceptable PM2.5 AQI & Speciation Mass","702","PM2.5 SCC w/Correction Factor","19100","Dallas-Fort Worth-Arlington, TX","48","Texas","113","Dallas","32.7429842","-96.753187"
"09/07/2023","AQS","481131096","1","7.6","ug/m3 LC","42","Dallas Bexar Street","1","100.0000","88502","Acceptable PM2.5 AQI & Speciation Mass","702","PM2.5 SCC w/Correction Factor","19100","Dallas-Fort Worth-Arlington, TX","48","Texas","113","Dallas","32.7429842","-96.753187"
"09/08/2023","AQS","481131096","1","9.1","ug/m3 LC","51","Dallas Bexar Street","1","100.0000","88502","Acceptable PM2.5 AQI & Speciation Mass","702","PM2.5 SCC w/Correction Factor","19100","Dallas-Fort Worth-Arlington, TX","48","Texas","113","Dallas","32.7429842","-96.753187"
"09/09/2023","AQS","481131096","1","8.7","ug/m3 LC","48","Dallas Bexar Street","1","100.0000","88502","Acceptable PM2.5 AQI & Speciation Mass","702","PM2.5 SCC w/Correction Factor","19100","Dallas-Fort Worth-Arlington, TX","48","Texas","113","Dallas","32.7429842","-96.753187"
"09/10/2023","AQS","481131096","1","10.8","ug/m3 LC","54","Dallas Bexar Street","1","100.0000","88502","Acceptable PM2.5 AQI & Speciation Mass","702","PM2.5 SCC w/Correction Factor","19100","Dallas-Fort Worth-Arlington, TX","48","Texas","113","Dallas","32.7429842","-96.753187"
"09/11/2023","AQS","481131096","1","11.6","ug/m3 LC","56","Dallas Bexar Street","1","100.0000","88502","Acceptable PM2.5 AQI & Speciation Mass","702","PM2.5 SCC w/Correction Factor","19100","Dallas-Fort Worth-Arlington, TX","48","Texas","113","Dallas","32.7429842","-96.753187"
"09/12/2023","AQS","481131096","1","11.9","ug/m3 LC","56","Dallas Bexar Street","1","100.0000","88502","Acceptable PM2.5 AQI & Speciation Mass","702","PM2.5 SCC w/Correction Factor","19100","Dallas-Fort Worth-Arlington, TX","48","Texas","113","Dallas","32.7429842","-96.753187"
"09/13/2023","AQS","481131096","1","8.8","ug/m3 LC","49","Dallas Bexar Street","1","100.0000","88502","Acceptable PM2.5 AQI & Speciation Mass","702","PM2.5 SCC w/Correction Factor","19100","Dallas-Fort Worth-Arlington, TX","48","Texas","113","Dallas","32.7429842","-96.753187"
"09/19/2023","AQS","481131096","1","11","ug/m3 LC","55","Dallas Bexar Street","1","100.0000","88502","Acceptable PM2.5 AQI & Speciation Mass","702","PM2.5 SCC w/Correction Factor","19100","Dallas-Fort Worth-Arlington, TX","48","Texas","113","Dallas","32.7429842","-96.753187"
"09/20/2023","AQS","481131096","1","8.9","ug/m3 LC","49","Dallas Bexar Street","1","100.0000","88502","Acceptable PM2.5 AQI & Speciation Mass","702","PM2.5 SCC w/Correction Factor","19100","Dallas-Fort Worth-Arlington, TX","48","Texas","113","Dallas","32.7429842","-96.753187"
"09/21/2023","AQS","481131096","1","7.8","ug/m3 LC","43","Dallas Bexar Street","1","100.0000","88502","Acceptable PM2.5 AQI & Speciation Mass","702","PM2.5 SCC w/Correction Factor","19100","Dallas-Fort Worth-Arlington, TX","48","Texas","113","Dallas","32.7429842","-96.753187"
"09/22/2023","AQS","481131096","1","6.1","ug/m3 LC","34","Dallas Bexar Street","1","100.0000","88502","Acceptable PM2.5 AQI & Speciation Mass","702","PM2.5 SCC w/Correction Factor","19100","Dallas-Fort Worth-Arlington, TX","48","Texas","113","Dallas","32.7429842","-96.753187"
"09/23/2023","AQS","481131096","1","6.4","ug/m3 LC","36","Dallas Bexar Street","1","100.0000","88502","Acceptable PM2.5 AQI & Speciation Mass","702","PM2.5 SCC w/Correction Factor","19100","Dallas-Fort Worth-Arlington, TX","48","Texas","113","Dallas","32.7429842","-96.753187"
"09/24/2023","AQS","481131096","1","6.4","ug/m3 LC","36","Dallas Bexar Street","1","100.0000","88502","Acceptable PM2.5 AQI & Speciation Mass","702","PM2.5 SCC w/Correction Factor","19100","Dallas-Fort Worth-Arlington, TX","48","Texas","113","Dallas","32.7429842","-96.753187"
"09/26/2023","AQS","481131096","1","9.1","ug/m3 LC","51","Dallas Bexar Street","1","100.0000","88502","Acceptable PM2.5 AQI & Speciation Mass","702","PM2.5 SCC w/Correction Factor","19100","Dallas-Fort Worth-Arlington, TX","48","Texas","113","Dallas","32.7429842","-96.753187"
"09/27/2023","AQS","481131096","1","16.3","ug/m3 LC","64","Dallas Bexar Street","1","100.0000","88502","Acceptable PM2.5 AQI & Speciation Mass","702","PM2.5 SCC w/Correction Factor","19100","Dallas-Fort Worth-Arlington, TX","48","Texas","113","Dallas","32.7429842","-96.753187"
"09/28/2023","AQS","481131096","1","22.8","ug/m3 LC","77","Dallas Bexar Street","1","100.0000","88502","Acceptable PM2.5 AQI & Speciation Mass","702","PM2.5 SCC w/Correction Factor","19100","Dallas-Fort Worth-Arlington, TX","48","Texas","113","Dallas","32.7429842","-96.753187"
"09/30/2023","AQS","481131096","1","9.5","ug/m3 LC","52","Dallas Bexar Street","1","100.0000","88502","Acceptable PM2.5 AQI & Speciation Mass","702","PM2.5 SCC w/Correction Factor","19100","Dallas-Fort Worth-Arlington, TX","48","Texas","113","Dallas","32.7429842","-96.753187"
"10/01/2023","AQS","481131096","1","10.4","ug/m3 LC","53","Dallas Bexar Street","1","100.0000","88502","Acceptable PM2.5 AQI & Speciation Mass","702","PM2.5 SCC w/Correction Factor","19100","Dallas-Fort Worth-Arlington, TX","48","Texas","113","Dallas","32.7429842","-96.753187"
"10/02/2023","AQS","481131096","1","12.9","ug/m3 LC","58","Dallas Bexar Street","1","100.0000","88502","Acceptable PM2.5 AQI & Speciation Mass","702","PM2.5 SCC w/Correction Factor","19100","Dallas-Fort Worth-Arlington, TX","48","Texas","113","Dallas","32.7429842","-96.753187"
"10/03/2023","AQS","481131096","1","7.7","ug/m3 LC","43","Dallas Bexar Street","1","100.0000","88502","Acceptable PM2.5 AQI & Speciation Mass","702","PM2.5 SCC w/Correction Factor","19100","Dallas-Fort Worth-Arlington, TX","48","Texas","113","Dallas","32.7429842","-96.753187"
"10/04/2023","AQS","481131096","1","5.3","ug/m3 LC","29","Dallas Bexar Street","1","100.0000","88502","Acceptable PM2.5 AQI & Speciation Mass","702","PM2.5 SCC w/Correction Factor","19100","Dallas-Fort Worth-Arlington, TX","48","Texas","113","Dallas","32.7429842","-96.753187"
"10/07/2023","AQS","481131096","1","4.8","ug/m3 LC","27","Dallas Bexar Street","1","100.0000","88502","Acceptable PM2.5 AQI & Speciation Mass","702","PM2.5 SCC w/Correction Factor","19100","Dallas-Fort Worth-Arlington, TX","48","Texas","113","Dallas","32.7429842","-96.753187"
"10/08/2023","AQS","481131096","1","6.8","ug/m3 LC","38","Dallas Bexar Street","1","100.0000","88502","Acceptable PM2.5 AQI & Speciation Mass","702","PM2.5 SCC w/Correction Factor","19100","Dallas-Fort Worth-Arlington, TX","48","Texas","113","Dallas","32.7429842","-96.753187"
"10/09/2023","AQS","481131096","1","6.2","ug/m3 LC","34","Dallas Bexar Street","1","100.0000","88502","Acceptable PM2.5 AQI & Speciation Mass","702","PM2.5 SCC w/Correction Factor","19100","Dallas-Fort Worth-Arlington, TX","48","Texas","113","Dallas","32.7429842","-96.753187"
"10/11/2023","AQS","481131096","1","6.5","ug/m3 LC","36","Dallas Bexar Street","1","100.0000","88502","Acceptable PM2.5 AQI & Speciation Mass","702","PM2.5 SCC w/Correction Factor","19100","Dallas-Fort Worth-Arlington, TX","48","Texas","113","Dallas","32.7429842","-96.753187"
"10/12/2023","AQS","481131096","1","8.1","ug/m3 LC","45","Dallas Bexar Street","1","100.0000","88502","Acceptable PM2.5 AQI & Speciation Mass","702","PM2.5 SCC w/Correction Factor","19100","Dallas-Fort Worth-Arlington, TX","48","Texas","113","Dallas","32.7429842","-96.753187"
"10/13/2023","AQS","481131096","1","5.6","ug/m3 LC","31","Dallas Bexar Street","1","100.0000","88502","Acceptable PM2.5 AQI & Speciation Mass","702","PM2.5 SCC w/Correction Factor","19100","Dallas-Fort Worth-Arlington, TX","48","Texas","113","Dallas","32.7429842","-96.753187"
"10/14/2023","AQS","481131096","1","3.9","ug/m3 LC","22","Dallas Bexar Street","1","100.0000","88502","Acceptable PM2.5 AQI & Speciation Mass","702","PM2.5 SCC w/Correction Factor","19100","Dallas-Fort Worth-Arlington, TX","48","Texas","113","Dallas","32.7429842","-96.753187"
"10/15/2023","AQS","481131096","1","2.8","ug/m3 LC","16","Dallas Bexar Street","1","100.0000","88502","Acceptable PM2.5 AQI & Speciation Mass","702","PM2.5 SCC w/Correction Factor","19100","Dallas-Fort Worth-Arlington, TX","48","Texas","113","Dallas","32.7429842","-96.753187"
"10/16/2023","AQS","481131096","1","5.2","ug/m3 LC","29","Dallas Bexar Street","1","100.0000","88502","Acceptable PM2.5 AQI & Speciation Mass","702","PM2.5 SCC w/Correction Factor","19100","Dallas-Fort Worth-Arlington, TX","48","Texas","113","Dallas","32.7429842","-96.753187"
"10/17/2023","AQS","481131096","1","8.7","ug/m3 LC","48","Dallas Bexar Street","1","100.0000","88502","Acceptable PM2.5 AQI & Speciation Mass","702","PM2.5 SCC w/Correction Factor","19100","Dallas-Fort Worth-Arlington, TX","48","Texas","113","Dallas","32.7429842","-96.753187"
"10/18/2023","AQS","481131096","1","7.4","ug/m3 LC","41","Dallas Bexar Street","1","100.0000","88502","Acceptable PM2.5 AQI & Speciation Mass","702","PM2.5 SCC w/Correction Factor","19100","Dallas-Fort Worth-Arlington, TX","48","Texas","113","Dallas","32.7429842","-96.753187"
"10/19/2023","AQS","481131096","1","10.4","ug/m3 LC","53","Dallas Bexar Street","1","100.0000","88502","Acceptable PM2.5 AQI & Speciation Mass","702","PM2.5 SCC w/Correction Factor","19100","Dallas-Fort Worth-Arlington, TX","48","Texas","113","Dallas","32.7429842","-96.753187"
"10/20/2023","AQS","481131096","1","11.7","ug/m3 LC","56","Dallas Bexar Street","1","100.0000","88502","Acceptable PM2.5 AQI & Speciation Mass","702","PM2.5 SCC w/Correction Factor","19100","Dallas-Fort Worth-Arlington, TX","48","Texas","113","Dallas","32.7429842","-96.753187"
"10/21/2023","AQS","481131096","1","10.2","ug/m3 LC","53","Dallas Bexar Street","1","100.0000","88502","Acceptable PM2.5 AQI & Speciation Mass","702","PM2.5 SCC w/Correction Factor","19100","Dallas-Fort Worth-Arlington, TX","48","Texas","113","Dallas","32.7429842","-96.753187"
"10/22/2023","AQS","481131096","1","8.5","ug/m3 LC","47","Dallas Bexar Street","1","100.0000","88502","Acceptable PM2.5 AQI & Speciation Mass","702","PM2.5 SCC w/Correction Factor","19100","Dallas-Fort Worth-Arlington, TX","48","Texas","113","Dallas","32.7429842","-96.753187"
"10/23/2023","AQS","481131096","1","6.3","ug/m3 LC","35","Dallas Bexar Street","1","100.0000","88502","Acceptable PM2.5 AQI & Speciation Mass","702","PM2.5 SCC w/Correction Factor","19100","Dallas-Fort Worth-Arlington, TX","48","Texas","113","Dallas","32.7429842","-96.753187"
"10/27/2023","AQS","481131096","1","7.5","ug/m3 LC","42","Dallas Bexar Street","1","100.0000","88502","Acceptable PM2.5 AQI & Speciation Mass","702","PM2.5 SCC w/Correction Factor","19100","Dallas-Fort Worth-Arlington, TX","48","Texas","113","Dallas","32.7429842","-96.753187"
"10/30/2023","AQS","481131096","1","3.2","ug/m3 LC","18","Dallas Bexar Street","1","100.0000","88502","Acceptable PM2.5 AQI & Speciation Mass","702","PM2.5 SCC w/Correction Factor","19100","Dallas-Fort Worth-Arlington, TX","48","Texas","113","Dallas","32.7429842","-96.753187"
"10/31/2023","AQS","481131096","1","5.2","ug/m3 LC","29","Dallas Bexar Street","1","100.0000","88502","Acceptable PM2.5 AQI & Speciation Mass","702","PM2.5 SCC w/Correction Factor","19100","Dallas-Fort Worth-Arlington, TX","48","Texas","113","Dallas","32.7429842","-96.753187"
"11/01/2023","AQS","481131096","1","5","ug/m3 LC","28","Dallas Bexar Street","1","100.0000","88502","Acceptable PM2.5 AQI & Speciation Mass","702","PM2.5 SCC w/Correction Factor","19100","Dallas-Fort Worth-Arlington, TX","48","Texas","113","Dallas","32.7429842","-96.753187"
"11/02/2023","AQS","481131096","1","8.1","ug/m3 LC","45","Dallas Bexar Street","1","100.0000","88502","Acceptable PM2.5 AQI & Speciation Mass","702","PM2.5 SCC w/Correction Factor","19100","Dallas-Fort Worth-Arlington, TX","48","Texas","113","Dallas","32.7429842","-96.753187"
"11/03/2023","AQS","481131096","1","9.2","ug/m3 LC","51","Dallas Bexar Street","1","100.0000","88502","Acceptable PM2.5 AQI & Speciation Mass","702","PM2.5 SCC w/Correction Factor","19100","Dallas-Fort Worth-Arlington, TX","48","Texas","113","Dallas","32.7429842","-96.753187"
"11/04/2023","AQS","481131096","1","10","ug/m3 LC","53","Dallas Bexar Street","1","100.0000","88502","Acceptable PM2.5 AQI & Speciation Mass","702","PM2.5 SCC w/Correction Factor","19100","Dallas-Fort Worth-Arlington, TX","48","Texas","113","Dallas","32.7429842","-96.753187"
"11/05/2023","AQS","481131096","1","7.3","ug/m3 LC","41","Dallas Bexar Street","1","100.0000","88502","Acceptable PM2.5 AQI & Speciation Mass","702","PM2.5 SCC w/Correction Factor","19100","Dallas-Fort Worth-Arlington, TX","48","Texas","113","Dallas","32.7429842","-96.753187"
"11/06/2023","AQS","481131096","1","5.8","ug/m3 LC","32","Dallas Bexar Street","1","100.0000","88502","Acceptable PM2.5 AQI & Speciation Mass","702","PM2.5 SCC w/Correction Factor","19100","Dallas-Fort Worth-Arlington, TX","48","Texas","113","Dallas","32.7429842","-96.753187"
"11/09/2023","AQS","481131096","1","7.4","ug/m3 LC","41","Dallas Bexar Street","1","100.0000","88502","Acceptable PM2.5 AQI & Speciation Mass","702","PM2.5 SCC w/Correction Factor","19100","Dallas-Fort Worth-Arlington, TX","48","Texas","113","Dallas","32.7429842","-96.753187"
"11/10/2023","AQS","481131096","1","3.8","ug/m3 LC","21","Dallas Bexar Street","1","100.0000","88502","Acceptable PM2.5 AQI & Speciation Mass","702","PM2.5 SCC w/Correction Factor","19100","Dallas-Fort Worth-Arlington, TX","48","Texas","113","Dallas","32.7429842","-96.753187"
"11/11/2023","AQS","481131096","1","5.6","ug/m3 LC","31","Dallas Bexar Street","1","100.0000","88502","Acceptable PM2.5 AQI & Speciation Mass","702","PM2.5 SCC w/Correction Factor","19100","Dallas-Fort Worth-Arlington, TX","48","Texas","113","Dallas","32.7429842","-96.753187"
"11/12/2023","AQS","481131096","1","12.4","ug/m3 LC","57","Dallas Bexar Street","1","100.0000","88502","Acceptable PM2.5 AQI & Speciation Mass","702","PM2.5 SCC w/Correction Factor","19100","Dallas-Fort Worth-Arlington, TX","48","Texas","113","Dallas","32.7429842","-96.753187"
"11/13/2023","AQS","481131096","1","10.8","ug/m3 LC","54","Dallas Bexar Street","1","100.0000","88502","Acceptable PM2.5 AQI & Speciation Mass","702","PM2.5 SCC w/Correction Factor","19100","Dallas-Fort Worth-Arlington, TX","48","Texas","113","Dallas","32.7429842","-96.753187"
"11/14/2023","AQS","481131096","1","11.6","ug/m3 LC","56","Dallas Bexar Street","1","100.0000","88502","Acceptable PM2.5 AQI & Speciation Mass","702","PM2.5 SCC w/Correction Factor","19100","Dallas-Fort Worth-Arlington, TX","48","Texas","113","Dallas","32.7429842","-96.753187"
"11/15/2023","AQS","481131096","1","14.9","ug/m3 LC","62","Dallas Bexar Street","1","100.0000","88502","Acceptable PM2.5 AQI & Speciation Mass","702","PM2.5 SCC w/Correction Factor","19100","Dallas-Fort Worth-Arlington, TX","48","Texas","113","Dallas","32.7429842","-96.753187"
"11/16/2023","AQS","481131096","1","5.6","ug/m3 LC","31","Dallas Bexar Street","1","100.0000","88502","Acceptable PM2.5 AQI & Speciation Mass","702","PM2.5 SCC w/Correction Factor","19100","Dallas-Fort Worth-Arlington, TX","48","Texas","113","Dallas","32.7429842","-96.753187"
"11/17/2023","AQS","481131096","1","8.6","ug/m3 LC","48","Dallas Bexar Street","1","100.0000","88502","Acceptable PM2.5 AQI & Speciation Mass","702","PM2.5 SCC w/Correction Factor","19100","Dallas-Fort Worth-Arlington, TX","48","Texas","113","Dallas","32.7429842","-96.753187"
"11/18/2023","AQS","481131096","1","11","ug/m3 LC","55","Dallas Bexar Street","1","100.0000","88502","Acceptable PM2.5 AQI & Speciation Mass","702","PM2.5 SCC w/Correction Factor","19100","Dallas-Fort Worth-Arlington, TX","48","Texas","113","Dallas","32.7429842","-96.753187"
"11/19/2023","AQS","481131096","1","12.4","ug/m3 LC","57","Dallas Bexar Street","1","100.0000","88502","Acceptable PM2.5 AQI & Speciation Mass","702","PM2.5 SCC w/Correction Factor","19100","Dallas-Fort Worth-Arlington, TX","48","Texas","113","Dallas","32.7429842","-96.753187"
"11/20/2023","AQS","481131096","1","7.7","ug/m3 LC","43","Dallas Bexar Street","1","100.0000","88502","Acceptable PM2.5 AQI & Speciation Mass","702","PM2.5 SCC w/Correction Factor","19100","Dallas-Fort Worth-Arlington, TX","48","Texas","113","Dallas","32.7429842","-96.753187"
"11/21/2023","AQS","481131096","1","3.5","ug/m3 LC","19","Dallas Bexar Street","1","100.0000","88502","Acceptable PM2.5 AQI & Speciation Mass","702","PM2.5 SCC w/Correction Factor","19100","Dallas-Fort Worth-Arlington, TX","48","Texas","113","Dallas","32.7429842","-96.753187"
"11/22/2023","AQS","481131096","1","5.9","ug/m3 LC","33","Dallas Bexar Street","1","100.0000","88502","Acceptable PM2.5 AQI & Speciation Mass","702","PM2.5 SCC w/Correction Factor","19100","Dallas-Fort Worth-Arlington, TX","48","Texas","113","Dallas","32.7429842","-96.753187"
"11/23/2023","AQS","481131096","1","6.9","ug/m3 LC","38","Dallas Bexar Street","1","100.0000","88502","Acceptable PM2.5 AQI & Speciation Mass","702","PM2.5 SCC w/Correction Factor","19100","Dallas-Fort Worth-Arlington, TX","48","Texas","113","Dallas","32.7429842","-96.753187"
"11/24/2023","AQS","481131096","1","12.4","ug/m3 LC","57","Dallas Bexar Street","1","100.0000","88502","Acceptable PM2.5 AQI & Speciation Mass","702","PM2.5 SCC w/Correction Factor","19100","Dallas-Fort Worth-Arlington, TX","48","Texas","113","Dallas","32.7429842","-96.753187"
"11/25/2023","AQS","481131096","1","13.5","ug/m3 LC","59","Dallas Bexar Street","1","100.0000","88502","Acceptable PM2.5 AQI & Speciation Mass","702","PM2.5 SCC w/Correction Factor","19100","Dallas-Fort Worth-Arlington, TX","48","Texas","113","Dallas","32.7429842","-96.753187"
"11/26/2023","AQS","481131096","1","3.7","ug/m3 LC","21","Dallas Bexar Street","1","100.0000","88502","Acceptable PM2.5 AQI & Speciation Mass","702","PM2.5 SCC w/Correction Factor","19100","Dallas-Fort Worth-Arlington, TX","48","Texas","113","Dallas","32.7429842","-96.753187"
"11/27/2023","AQS","481131096","1","5.9","ug/m3 LC","33","Dallas Bexar Street","1","100.0000","88502","Acceptable PM2.5 AQI & Speciation Mass","702","PM2.5 SCC w/Correction Factor","19100","Dallas-Fort Worth-Arlington, TX","48","Texas","113","Dallas","32.7429842","-96.753187"
"11/28/2023","AQS","481131096","1","8.4","ug/m3 LC","47","Dallas Bexar Street","1","100.0000","88502","Acceptable PM2.5 AQI & Speciation Mass","702","PM2.5 SCC w/Correction Factor","19100","Dallas-Fort Worth-Arlington, TX","48","Texas","113","Dallas","32.7429842","-96.753187"
"11/29/2023","AQS","481131096","1","7.6","ug/m3 LC","42","Dallas Bexar Street","1","100.0000","88502","Acceptable PM2.5 AQI & Speciation Mass","702","PM2.5 SCC w/Correction Factor","19100","Dallas-Fort Worth-Arlington, TX","48","Texas","113","Dallas","32.7429842","-96.753187"
"11/30/2023","AQS","481131096","1","7.6","ug/m3 LC","42","Dallas Bexar Street","1","100.0000","88502","Acceptable PM2.5 AQI & Speciation Mass","702","PM2.5 SCC w/Correction Factor","19100","Dallas-Fort Worth-Arlington, TX","48","Texas","113","Dallas","32.7429842","-96.753187"
"12/05/2023","AQS","481131096","1","14.1","ug/m3 LC","60","Dallas Bexar Street","1","100.0000","88502","Acceptable PM2.5 AQI & Speciation Mass","702","PM2.5 SCC w/Correction Factor","19100","Dallas-Fort Worth-Arlington, TX","48","Texas","113","Dallas","32.7429842","-96.753187"
"12/06/2023","AQS","481131096","1","6","ug/m3 LC","33","Dallas Bexar Street","1","100.0000","88502","Acceptable PM2.5 AQI & Speciation Mass","702","PM2.5 SCC w/Correction Factor","19100","Dallas-Fort Worth-Arlington, TX","48","Texas","113","Dallas","32.7429842","-96.753187"
"12/13/2023","AQS","481131096","1","9.7","ug/m3 LC","52","Dallas Bexar Street","1","100.0000","88502","Acceptable PM2.5 AQI & Speciation Mass","702","PM2.5 SCC w/Correction Factor","19100","Dallas-Fort Worth-Arlington, TX","48","Texas","113","Dallas","32.7429842","-96.753187"
"12/14/2023","AQS","481131096","1","7.1","ug/m3 LC","39","Dallas Bexar Street","1","100.0000","88502","Acceptable PM2.5 AQI & Speciation Mass","702","PM2.5 SCC w/Correction Factor","19100","Dallas-Fort Worth-Arlington, TX","48","Texas","113","Dallas","32.7429842","-96.753187"
"12/15/2023","AQS","481131096","1","8.9","ug/m3 LC","49","Dallas Bexar Street","1","100.0000","88502","Acceptable PM2.5 AQI & Speciation Mass","702","PM2.5 SCC w/Correction Factor","19100","Dallas-Fort Worth-Arlington, TX","48","Texas","113","Dallas","32.7429842","-96.753187"
"12/16/2023","AQS","481131096","1","7.3","ug/m3 LC","41","Dallas Bexar Street","1","100.0000","88502","Acceptable PM2.5 AQI & Speciation Mass","702","PM2.5 SCC w/Correction Factor","19100","Dallas-Fort Worth-Arlington, TX","48","Texas","113","Dallas","32.7429842","-96.753187"
"12/17/2023","AQS","481131096","1","11.2","ug/m3 LC","55","Dallas Bexar Street","1","100.0000","88502","Acceptable PM2.5 AQI & Speciation Mass","702","PM2.5 SCC w/Correction Factor","19100","Dallas-Fort Worth-Arlington, TX","48","Texas","113","Dallas","32.7429842","-96.753187"
"12/18/2023","AQS","481131096","1","9.2","ug/m3 LC","51","Dallas Bexar Street","1","100.0000","88502","Acceptable PM2.5 AQI & Speciation Mass","702","PM2.5 SCC w/Correction Factor","19100","Dallas-Fort Worth-Arlington, TX","48","Texas","113","Dallas","32.7429842","-96.753187"
"12/19/2023","AQS","481131096","1","7.4","ug/m3 LC","41","Dallas Bexar Street","1","100.0000","88502","Acceptable PM2.5 AQI & Speciation Mass","702","PM2.5 SCC w/Correction Factor","19100","Dallas-Fort Worth-Arlington, TX","48","Texas","113","Dallas","32.7429842","-96.753187"
"12/20/2023","AQS","481131096","1","6.7","ug/m3 LC","37","Dallas Bexar Street","1","100.0000","88502","Acceptable PM2.5 AQI & Speciation Mass","702","PM2.5 SCC w/Correction Factor","19100","Dallas-Fort Worth-Arlington, TX","48","Texas","113","Dallas","32.7429842","-96.753187"
"12/21/2023","AQS","481131096","1","7.4","ug/m3 LC","41","Dallas Bexar Street","1","100.0000","88502","Acceptable PM2.5 AQI & Speciation Mass","702","PM2.5 SCC w/Correction Factor","19100","Dallas-Fort Worth-Arlington, TX","48","Texas","113","Dallas","32.7429842","-96.753187"
"12/22/2023","AQS","481131096","1","9.8","ug/m3 LC","52","Dallas Bexar Street","1","100.0000","88502","Acceptable PM2.5 AQI & Speciation Mass","702","PM2.5 SCC w/Correction Factor","19100","Dallas-Fort Worth-Arlington, TX","48","Texas","113","Dallas","32.7429842","-96.753187"
"12/23/2023","AQS","481131096","1","5.5","ug/m3 LC","31","Dallas Bexar Street","1","100.0000","88502","Acceptable PM2.5 AQI & Speciation Mass","702","PM2.5 SCC w/Correction Factor","19100","Dallas-Fort Worth-Arlington, TX","48","Texas","113","Dallas","32.7429842","-96.753187"
"12/24/2023","AQS","481131096","1","2.3","ug/m3 LC","13","Dallas Bexar Street","1","100.0000","88502","Acceptable PM2.5 AQI & Speciation Mass","702","PM2.5 SCC w/Correction Factor","19100","Dallas-Fort Worth-Arlington, TX","48","Texas","113","Dallas","32.7429842","-96.753187"
"12/25/2023","AQS","481131096","1","2.7","ug/m3 LC","15","Dallas Bexar Street","1","100.0000","88502","Acceptable PM2.5 AQI & Speciation Mass","702","PM2.5 SCC w/Correction Factor","19100","Dallas-Fort Worth-Arlington, TX","48","Texas","113","Dallas","32.7429842","-96.753187"
"12/26/2023","AQS","481131096","1","5.2","ug/m3 LC","29","Dallas Bexar Street","1","100.0000","88502","Acceptable PM2.5 AQI & Speciation Mass","702","PM2.5 SCC w/Correction Factor","19100","Dallas-Fort Worth-Arlington, TX","48","Texas","113","Dallas","32.7429842","-96.753187"
"12/27/2023","AQS","481131096","1","5","ug/m3 LC","28","Dallas Bexar Street","1","100.0000","88502","Acceptable PM2.5 AQI & Speciation Mass","702","PM2.5 SCC w/Correction Factor","19100","Dallas-Fort Worth-Arlington, TX","48","Texas","113","Dallas","32.7429842","-96.753187"
"12/28/2023","AQS","481131096","1","3.7","ug/m3 LC","21","Dallas Bexar Street","1","100.0000","88502","Acceptable PM2.5 AQI & Speciation Mass","702","PM2.5 SCC w/Correction Factor","19100","Dallas-Fort Worth-Arlington, TX","48","Texas","113","Dallas","32.7429842","-96.753187"
"12/29/2023","AQS","481131096","1","5.3","ug/m3 LC","29","Dallas Bexar Street","1","100.0000","88502","Acceptable PM2.5 AQI & Speciation Mass","702","PM2.5 SCC w/Correction Factor","19100","Dallas-Fort Worth-Arlington, TX","48","Texas","113","Dallas","32.7429842","-96.753187"
"12/30/2023","AQS","481131096","1","7.7","ug/m3 LC","43","Dallas Bexar Street","1","100.0000","88502","Acceptable PM2.5 AQI & Speciation Mass","702","PM2.5 SCC w/Correction Factor","19100","Dallas-Fort Worth-Arlington, TX","48","Texas","113","Dallas","32.7429842","-96.753187"
"12/31/2023","AQS","481131096","1","8.5","ug/m3 LC","47","Dallas Bexar Street","1","100.0000","88502","Acceptable PM2.5 AQI & Speciation Mass","702","PM2.5 SCC w/Correction Factor","19100","Dallas-Fort Worth-Arlington, TX","48","Texas","113","Dallas","32.7429842","-96.753187"
"01/01/2023","AQS","481210034","1","7.9","ug/m3 LC","44","Denton Airport South","1","100.0000","88101","PM2.5 - Local Conditions","209","Met One BAM-1022 Mass Monitor w/ VSCC or TE-PM2.5C","19100","Dallas-Fort Worth-Arlington, TX","48","Texas","121","Denton","33.2190736","-97.1962956"
"01/02/2023","AQS","481210034","1","16.5","ug/m3 LC","65","Denton Airport South","1","100.0000","88101","PM2.5 - Local Conditions","209","Met One BAM-1022 Mass Monitor w/ VSCC or TE-PM2.5C","19100","Dallas-Fort Worth-Arlington, TX","48","Texas","121","Denton","33.2190736","-97.1962956"
"01/03/2023","AQS","481210034","1","5.9","ug/m3 LC","33","Denton Airport South","1","100.0000","88101","PM2.5 - Local Conditions","209","Met One BAM-1022 Mass Monitor w/ VSCC or TE-PM2.5C","19100","Dallas-Fort Worth-Arlington, TX","48","Texas","121","Denton","33.2190736","-97.1962956"
"01/04/2023","AQS","481210034","1","2.1","ug/m3 LC","12","Denton Airport South","1","100.0000","88101","PM2.5 - Local Conditions","209","Met One BAM-1022 Mass Monitor w/ VSCC or TE-PM2.5C","19100","Dallas-Fort Worth-Arlington, TX","48","Texas","121","Denton","33.2190736","-97.1962956"
"01/05/2023","AQS","481210034","1","4.3","ug/m3 LC","24","Denton Airport South","1","100.0000","88101","PM2.5 - Local Conditions","209","Met One BAM-1022 Mass Monitor w/ VSCC or TE-PM2.5C","19100","Dallas-Fort Worth-Arlington, TX","48","Texas","121","Denton","33.2190736","-97.1962956"
"01/06/2023","AQS","481210034","1","8.7","ug/m3 LC","48","Denton Airport South","1","100.0000","88101","PM2.5 - Local Conditions","209","Met One BAM-1022 Mass Monitor w/ VSCC or TE-PM2.5C","19100","Dallas-Fort Worth-Arlington, TX","48","Texas","121","Denton","33.2190736","-97.1962956"
"01/07/2023","AQS","481210034","1","4.5","ug/m3 LC","25","Denton Airport South","1","100.0000","88101","PM2.5 - Local Conditions","209","Met One BAM-1022 Mass Monitor w/ VSCC or TE-PM2.5C","19100","Dallas-Fort Worth-Arlington, TX","48","Texas","121","Denton","33.2190736","-97.1962956"
"01/08/2023","AQS","481210034","1","6","ug/m3 LC","33","Denton Airport South","1","100.0000","88101","PM2.5 - Local Conditions","209","Met One BAM-1022 Mass Monitor w/ VSCC or TE-PM2.5C","19100","Dallas-Fort Worth-Arlington, TX","48","Texas","121","Denton","33.2190736","-97.1962956"
"01/09/2023","AQS","481210034","1","11.6","ug/m3 LC","56","Denton Airport South","1","100.0000","88101","PM2.5 - Local Conditions","209","Met One BAM-1022 Mass Monitor w/ VSCC or TE-PM2.5C","19100","Dallas-Fort Worth-Arlington, TX","48","Texas","121","Denton","33.2190736","-97.1962956"
"01/10/2023","AQS","481210034","1","7","ug/m3 LC","39","Denton Airport South","1","100.0000","88101","PM2.5 - Local Conditions","209","Met One BAM-1022 Mass Monitor w/ VSCC or TE-PM2.5C","19100","Dallas-Fort Worth-Arlington, TX","48","Texas","121","Denton","33.2190736","-97.1962956"
"01/11/2023","AQS","481210034","1","5.6","ug/m3 LC","31","Denton Airport South","1","100.0000","88101","PM2.5 - Local Conditions","209","Met One BAM-1022 Mass Monitor w/ VSCC or TE-PM2.5C","19100","Dallas-Fort Worth-Arlington, TX","48","Texas","121","Denton","33.2190736","-97.1962956"
"01/12/2023","AQS","481210034","1","3.8","ug/m3 LC","21","Denton Airport South","1","100.0000","88101","PM2.5 - Local Conditions","209","Met One BAM-1022 Mass Monitor w/ VSCC or TE-PM2.5C","19100","Dallas-Fort Worth-Arlington, TX","48","Texas","121","Denton","33.2190736","-97.1962956"
"01/13/2023","AQS","481210034","1","5.9","ug/m3 LC","33","Denton Airport South","1","100.0000","88101","PM2.5 - Local Conditions","209","Met One BAM-1022 Mass Monitor w/ VSCC or TE-PM2.5C","19100","Dallas-Fort Worth-Arlington, TX","48","Texas","121","Denton","33.2190736","-97.1962956"
"01/14/2023","AQS","481210034","1","7.3","ug/m3 LC","41","Denton Airport South","1","100.0000","88101","PM2.5 - Local Conditions","209","Met One BAM-1022 Mass Monitor w/ VSCC or TE-PM2.5C","19100","Dallas-Fort Worth-Arlington, TX","48","Texas","121","Denton","33.2190736","-97.1962956"
"01/15/2023","AQS","481210034","1","5.3","ug/m3 LC","29","Denton Airport South","1","100.0000","88101","PM2.5 - Local Conditions","209","Met One BAM-1022 Mass Monitor w/ VSCC or TE-PM2.5C","19100","Dallas-Fort Worth-Arlington, TX","48","Texas","121","Denton","33.2190736","-97.1962956"
"01/16/2023","AQS","481210034","1","2.7","ug/m3 LC","15","Denton Airport South","1","100.0000","88101","PM2.5 - Local Conditions","209","Met One BAM-1022 Mass Monitor w/ VSCC or TE-PM2.5C","19100","Dallas-Fort Worth-Arlington, TX","48","Texas","121","Denton","33.2190736","-97.1962956"
"01/17/2023","AQS","481210034","1","8.7","ug/m3 LC","48","Denton Airport South","1","100.0000","88101","PM2.5 - Local Conditions","209","Met One BAM-1022 Mass Monitor w/ VSCC or TE-PM2.5C","19100","Dallas-Fort Worth-Arlington, TX","48","Texas","121","Denton","33.2190736","-97.1962956"
"01/18/2023","AQS","481210034","1","5.1","ug/m3 LC","28","Denton Airport South","1","100.0000","88101","PM2.5 - Local Conditions","209","Met One BAM-1022 Mass Monitor w/ VSCC or TE-PM2.5C","19100","Dallas-Fort Worth-Arlington, TX","48","Texas","121","Denton","33.2190736","-97.1962956"
"01/19/2023","AQS","481210034","1","1.9","ug/m3 LC","11","Denton Airport South","1","100.0000","88101","PM2.5 - Local Conditions","209","Met One BAM-1022 Mass Monitor w/ VSCC or TE-PM2.5C","19100","Dallas-Fort Worth-Arlington, TX","48","Texas","121","Denton","33.2190736","-97.1962956"
"01/20/2023","AQS","481210034","1","4.8","ug/m3 LC","27","Denton Airport South","1","100.0000","88101","PM2.5 - Local Conditions","209","Met One BAM-1022 Mass Monitor w/ VSCC or TE-PM2.5C","19100","Dallas-Fort Worth-Arlington, TX","48","Texas","121","Denton","33.2190736","-97.1962956"
"01/21/2023","AQS","481210034","1","4.8","ug/m3 LC","27","Denton Airport South","1","100.0000","88101","PM2.5 - Local Conditions","209","Met One BAM-1022 Mass Monitor w/ VSCC or TE-PM2.5C","19100","Dallas-Fort Worth-Arlington, TX","48","Texas","121","Denton","33.2190736","-97.1962956"
"01/22/2023","AQS","481210034","1","3.4","ug/m3 LC","19","Denton Airport South","1","100.0000","88101","PM2.5 - Local Conditions","209","Met One BAM-1022 Mass Monitor w/ VSCC or TE-PM2.5C","19100","Dallas-Fort Worth-Arlington, TX","48","Texas","121","Denton","33.2190736","-97.1962956"
"01/23/2023","AQS","481210034","1","7.2","ug/m3 LC","40","Denton Airport South","1","100.0000","88101","PM2.5 - Local Conditions","209","Met One BAM-1022 Mass Monitor w/ VSCC or TE-PM2.5C","19100","Dallas-Fort Worth-Arlington, TX","48","Texas","121","Denton","33.2190736","-97.1962956"
"01/24/2023","AQS","481210034","1","3.7","ug/m3 LC","21","Denton Airport South","1","100.0000","88101","PM2.5 - Local Conditions","209","Met One BAM-1022 Mass Monitor w/ VSCC or TE-PM2.5C","19100","Dallas-Fort Worth-Arlington, TX","48","Texas","121","Denton","33.2190736","-97.1962956"
"01/25/2023","AQS","481210034","1","4.7","ug/m3 LC","26","Denton Airport South","1","100.0000","88101","PM2.5 - Local Conditions","209","Met One BAM-1022 Mass Monitor w/ VSCC or TE-PM2.5C","19100","Dallas-Fort Worth-Arlington, TX","48","Texas","121","Denton","33.2190736","-97.1962956"
"01/26/2023","AQS","481210034","1","3.1","ug/m3 LC","17","Denton Airport South","1","100.0000","88101","PM2.5 - Local Conditions","209","Met One BAM-1022 Mass Monitor w/ VSCC or TE-PM2.5C","19100","Dallas-Fort Worth-Arlington, TX","48","Texas","121","Denton","33.2190736","-97.1962956"
"01/27/2023","AQS","481210034","1","3.5","ug/m3 LC","19","Denton Airport South","1","100.0000","88101","PM2.5 - Local Conditions","209","Met One BAM-1022 Mass Monitor w/ VSCC or TE-PM2.5C","19100","Dallas-Fort Worth-Arlington, TX","48","Texas","121","Denton","33.2190736","-97.1962956"
"01/28/2023","AQS","481210034","1","6.2","ug/m3 LC","34","Denton Airport South","1","100.0000","88101","PM2.5 - Local Conditions","209","Met One BAM-1022 Mass Monitor w/ VSCC or TE-PM2.5C","19100","Dallas-Fort Worth-Arlington, TX","48","Texas","121","Denton","33.2190736","-97.1962956"
"01/29/2023","AQS","481210034","1","6.7","ug/m3 LC","37","Denton Airport South","1","100.0000","88101","PM2.5 - Local Conditions","209","Met One BAM-1022 Mass Monitor w/ VSCC or TE-PM2.5C","19100","Dallas-Fort Worth-Arlington, TX","48","Texas","121","Denton","33.2190736","-97.1962956"
"01/30/2023","AQS","481210034","1","3.6","ug/m3 LC","20","Denton Airport South","1","100.0000","88101","PM2.5 - Local Conditions","209","Met One BAM-1022 Mass Monitor w/ VSCC or TE-PM2.5C","19100","Dallas-Fort Worth-Arlington, TX","48","Texas","121","Denton","33.2190736","-97.1962956"
"01/31/2023","AQS","481210034","1","3.8","ug/m3 LC","21","Denton Airport South","1","100.0000","88101","PM2.5 - Local Conditions","209","Met One BAM-1022 Mass Monitor w/ VSCC or TE-PM2.5C","19100","Dallas-Fort Worth-Arlington, TX","48","Texas","121","Denton","33.2190736","-97.1962956"
"02/01/2023","AQS","481210034","1","4.7","ug/m3 LC","26","Denton Airport South","1","100.0000","88101","PM2.5 - Local Conditions","209","Met One BAM-1022 Mass Monitor w/ VSCC or TE-PM2.5C","19100","Dallas-Fort Worth-Arlington, TX","48","Texas","121","Denton","33.2190736","-97.1962956"
"02/02/2023","AQS","481210034","1","9.4","ug/m3 LC","52","Denton Airport South","1","100.0000","88101","PM2.5 - Local Conditions","209","Met One BAM-1022 Mass Monitor w/ VSCC or TE-PM2.5C","19100","Dallas-Fort Worth-Arlington, TX","48","Texas","121","Denton","33.2190736","-97.1962956"
"02/03/2023","AQS","481210034","1","9.2","ug/m3 LC","51","Denton Airport South","1","100.0000","88101","PM2.5 - Local Conditions","209","Met One BAM-1022 Mass Monitor w/ VSCC or TE-PM2.5C","19100","Dallas-Fort Worth-Arlington, TX","48","Texas","121","Denton","33.2190736","-97.1962956"
"02/04/2023","AQS","481210034","1","12.6","ug/m3 LC","58","Denton Airport South","1","100.0000","88101","PM2.5 - Local Conditions","209","Met One BAM-1022 Mass Monitor w/ VSCC or TE-PM2.5C","19100","Dallas-Fort Worth-Arlington, TX","48","Texas","121","Denton","33.2190736","-97.1962956"
"02/05/2023","AQS","481210034","1","7.5","ug/m3 LC","42","Denton Airport South","1","100.0000","88101","PM2.5 - Local Conditions","209","Met One BAM-1022 Mass Monitor w/ VSCC or TE-PM2.5C","19100","Dallas-Fort Worth-Arlington, TX","48","Texas","121","Denton","33.2190736","-97.1962956"
"02/06/2023","AQS","481210034","1","5.2","ug/m3 LC","29","Denton Airport South","1","100.0000","88101","PM2.5 - Local Conditions","209","Met One BAM-1022 Mass Monitor w/ VSCC or TE-PM2.5C","19100","Dallas-Fort Worth-Arlington, TX","48","Texas","121","Denton","33.2190736","-97.1962956"
"02/07/2023","AQS","481210034","1","2.5","ug/m3 LC","14","Denton Airport South","1","100.0000","88101","PM2.5 - Local Conditions","209","Met One BAM-1022 Mass Monitor w/ VSCC or TE-PM2.5C","19100","Dallas-Fort Worth-Arlington, TX","48","Texas","121","Denton","33.2190736","-97.1962956"
"02/08/2023","AQS","481210034","1","1.5","ug/m3 LC","8","Denton Airport South","1","100.0000","88101","PM2.5 - Local Conditions","209","Met One BAM-1022 Mass Monitor w/ VSCC or TE-PM2.5C","19100","Dallas-Fort Worth-Arlington, TX","48","Texas","121","Denton","33.2190736","-97.1962956"
"02/09/2023","AQS","481210034","1","4.9","ug/m3 LC","27","Denton Airport South","1","100.0000","88101","PM2.5 - Local Conditions","209","Met One BAM-1022 Mass Monitor w/ VSCC or TE-PM2.5C","19100","Dallas-Fort Worth-Arlington, TX","48","Texas","121","Denton","33.2190736","-97.1962956"
"02/10/2023","AQS","481210034","1","2.7","ug/m3 LC","15","Denton Airport South","1","100.0000","88101","PM2.5 - Local Conditions","209","Met One BAM-1022 Mass Monitor w/ VSCC or TE-PM2.5C","19100","Dallas-Fort Worth-Arlington, TX","48","Texas","121","Denton","33.2190736","-97.1962956"
"02/11/2023","AQS","481210034","1","4.8","ug/m3 LC","27","Denton Airport South","1","100.0000","88101","PM2.5 - Local Conditions","209","Met One BAM-1022 Mass Monitor w/ VSCC or TE-PM2.5C","19100","Dallas-Fort Worth-Arlington, TX","48","Texas","121","Denton","33.2190736","-97.1962956"
"02/12/2023","AQS","481210034","1","4.7","ug/m3 LC","26","Denton Airport South","1","100.0000","88101","PM2.5 - Local Conditions","209","Met One BAM-1022 Mass Monitor w/ VSCC or TE-PM2.5C","19100","Dallas-Fort Worth-Arlington, TX","48","Texas","121","Denton","33.2190736","-97.1962956"
"02/13/2023","AQS","481210034","1","4.6","ug/m3 LC","26","Denton Airport South","1","100.0000","88101","PM2.5 - Local Conditions","209","Met One BAM-1022 Mass Monitor w/ VSCC or TE-PM2.5C","19100","Dallas-Fort Worth-Arlington, TX","48","Texas","121","Denton","33.2190736","-97.1962956"
"02/14/2023","AQS","481210034","1","2.9","ug/m3 LC","16","Denton Airport South","1","100.0000","88101","PM2.5 - Local Conditions","209","Met One BAM-1022 Mass Monitor w/ VSCC or TE-PM2.5C","19100","Dallas-Fort Worth-Arlington, TX","48","Texas","121","Denton","33.2190736","-97.1962956"
"02/15/2023","AQS","481210034","1","8.6","ug/m3 LC","48","Denton Airport South","1","100.0000","88101","PM2.5 - Local Conditions","209","Met One BAM-1022 Mass Monitor w/ VSCC or TE-PM2.5C","19100","Dallas-Fort Worth-Arlington, TX","48","Texas","121","Denton","33.2190736","-97.1962956"
"02/16/2023","AQS","481210034","1","2.1","ug/m3 LC","12","Denton Airport South","1","100.0000","88101","PM2.5 - Local Conditions","209","Met One BAM-1022 Mass Monitor w/ VSCC or TE-PM2.5C","19100","Dallas-Fort Worth-Arlington, TX","48","Texas","121","Denton","33.2190736","-97.1962956"
"02/17/2023","AQS","481210034","1","2.4","ug/m3 LC","13","Denton Airport South","1","100.0000","88101","PM2.5 - Local Conditions","209","Met One BAM-1022 Mass Monitor w/ VSCC or TE-PM2.5C","19100","Dallas-Fort Worth-Arlington, TX","48","Texas","121","Denton","33.2190736","-97.1962956"
"02/18/2023","AQS","481210034","1","7.5","ug/m3 LC","42","Denton Airport South","1","100.0000","88101","PM2.5 - Local Conditions","209","Met One BAM-1022 Mass Monitor w/ VSCC or TE-PM2.5C","19100","Dallas-Fort Worth-Arlington, TX","48","Texas","121","Denton","33.2190736","-97.1962956"
"02/19/2023","AQS","481210034","1","3.8","ug/m3 LC","21","Denton Airport South","1","100.0000","88101","PM2.5 - Local Conditions","209","Met One BAM-1022 Mass Monitor w/ VSCC or TE-PM2.5C","19100","Dallas-Fort Worth-Arlington, TX","48","Texas","121","Denton","33.2190736","-97.1962956"
"02/20/2023","AQS","481210034","1","3.6","ug/m3 LC","20","Denton Airport South","1","100.0000","88101","PM2.5 - Local Conditions","209","Met One BAM-1022 Mass Monitor w/ VSCC or TE-PM2.5C","19100","Dallas-Fort Worth-Arlington, TX","48","Texas","121","Denton","33.2190736","-97.1962956"
"02/21/2023","AQS","481210034","1","5.9","ug/m3 LC","33","Denton Airport South","1","100.0000","88101","PM2.5 - Local Conditions","209","Met One BAM-1022 Mass Monitor w/ VSCC or TE-PM2.5C","19100","Dallas-Fort Worth-Arlington, TX","48","Texas","121","Denton","33.2190736","-97.1962956"
"02/22/2023","AQS","481210034","1","3.9","ug/m3 LC","22","Denton Airport South","1","100.0000","88101","PM2.5 - Local Conditions","209","Met One BAM-1022 Mass Monitor w/ VSCC or TE-PM2.5C","19100","Dallas-Fort Worth-Arlington, TX","48","Texas","121","Denton","33.2190736","-97.1962956"
"02/23/2023","AQS","481210034","1","3.7","ug/m3 LC","21","Denton Airport South","1","100.0000","88101","PM2.5 - Local Conditions","209","Met One BAM-1022 Mass Monitor w/ VSCC or TE-PM2.5C","19100","Dallas-Fort Worth-Arlington, TX","48","Texas","121","Denton","33.2190736","-97.1962956"
"02/24/2023","AQS","481210034","1","5.5","ug/m3 LC","31","Denton Airport South","1","100.0000","88101","PM2.5 - Local Conditions","209","Met One BAM-1022 Mass Monitor w/ VSCC or TE-PM2.5C","19100","Dallas-Fort Worth-Arlington, TX","48","Texas","121","Denton","33.2190736","-97.1962956"
"02/25/2023","AQS","481210034","1","12","ug/m3 LC","56","Denton Airport South","1","100.0000","88101","PM2.5 - Local Conditions","209","Met One BAM-1022 Mass Monitor w/ VSCC or TE-PM2.5C","19100","Dallas-Fort Worth-Arlington, TX","48","Texas","121","Denton","33.2190736","-97.1962956"
"02/26/2023","AQS","481210034","1","22.8","ug/m3 LC","77","Denton Airport South","1","100.0000","88101","PM2.5 - Local Conditions","209","Met One BAM-1022 Mass Monitor w/ VSCC or TE-PM2.5C","19100","Dallas-Fort Worth-Arlington, TX","48","Texas","121","Denton","33.2190736","-97.1962956"
"02/27/2023","AQS","481210034","1","31.1","ug/m3 LC","92","Denton Airport South","1","100.0000","88101","PM2.5 - Local Conditions","209","Met One BAM-1022 Mass Monitor w/ VSCC or TE-PM2.5C","19100","Dallas-Fort Worth-Arlington, TX","48","Texas","121","Denton","33.2190736","-97.1962956"
"02/28/2023","AQS","481210034","1","5.3","ug/m3 LC","29","Denton Airport South","1","100.0000","88101","PM2.5 - Local Conditions","209","Met One BAM-1022 Mass Monitor w/ VSCC or TE-PM2.5C","19100","Dallas-Fort Worth-Arlington, TX","48","Texas","121","Denton","33.2190736","-97.1962956"
"03/01/2023","AQS","481210034","1","11.2","ug/m3 LC","55","Denton Airport South","1","100.0000","88101","PM2.5 - Local Conditions","209","Met One BAM-1022 Mass Monitor w/ VSCC or TE-PM2.5C","19100","Dallas-Fort Worth-Arlington, TX","48","Texas","121","Denton","33.2190736","-97.1962956"
"03/02/2023","AQS","481210034","1","11.7","ug/m3 LC","56","Denton Airport South","1","100.0000","88101","PM2.5 - Local Conditions","209","Met One BAM-1022 Mass Monitor w/ VSCC or TE-PM2.5C","19100","Dallas-Fort Worth-Arlington, TX","48","Texas","121","Denton","33.2190736","-97.1962956"
"03/03/2023","AQS","481210034","1","3.7","ug/m3 LC","21","Denton Airport South","1","100.0000","88101","PM2.5 - Local Conditions","209","Met One BAM-1022 Mass Monitor w/ VSCC or TE-PM2.5C","19100","Dallas-Fort Worth-Arlington, TX","48","Texas","121","Denton","33.2190736","-97.1962956"
"03/04/2023","AQS","481210034","1","7.8","ug/m3 LC","43","Denton Airport South","1","100.0000","88101","PM2.5 - Local Conditions","209","Met One BAM-1022 Mass Monitor w/ VSCC or TE-PM2.5C","19100","Dallas-Fort Worth-Arlington, TX","48","Texas","121","Denton","33.2190736","-97.1962956"
"03/05/2023","AQS","481210034","1","7.5","ug/m3 LC","42","Denton Airport South","1","100.0000","88101","PM2.5 - Local Conditions","209","Met One BAM-1022 Mass Monitor w/ VSCC or TE-PM2.5C","19100","Dallas-Fort Worth-Arlington, TX","48","Texas","121","Denton","33.2190736","-97.1962956"
"03/06/2023","AQS","481210034","1","7.4","ug/m3 LC","41","Denton Airport South","1","100.0000","88101","PM2.5 - Local Conditions","209","Met One BAM-1022 Mass Monitor w/ VSCC or TE-PM2.5C","19100","Dallas-Fort Worth-Arlington, TX","48","Texas","121","Denton","33.2190736","-97.1962956"
"03/07/2023","AQS","481210034","1","20.7","ug/m3 LC","73","Denton Airport South","1","100.0000","88101","PM2.5 - Local Conditions","209","Met One BAM-1022 Mass Monitor w/ VSCC or TE-PM2.5C","19100","Dallas-Fort Worth-Arlington, TX","48","Texas","121","Denton","33.2190736","-97.1962956"
"03/08/2023","AQS","481210034","1","8.3","ug/m3 LC","46","Denton Airport South","1","100.0000","88101","PM2.5 - Local Conditions","209","Met One BAM-1022 Mass Monitor w/ VSCC or TE-PM2.5C","19100","Dallas-Fort Worth-Arlington, TX","48","Texas","121","Denton","33.2190736","-97.1962956"
"03/09/2023","AQS","481210034","1","10.6","ug/m3 LC","54","Denton Airport South","1","100.0000","88101","PM2.5 - Local Conditions","209","Met One BAM-1022 Mass Monitor w/ VSCC or TE-PM2.5C","19100","Dallas-Fort Worth-Arlington, TX","48","Texas","121","Denton","33.2190736","-97.1962956"
"03/10/2023","AQS","481210034","1","4.9","ug/m3 LC","27","Denton Airport South","1","100.0000","88101","PM2.5 - Local Conditions","209","Met One BAM-1022 Mass Monitor w/ VSCC or TE-PM2.5C","19100","Dallas-Fort Worth-Arlington, TX","48","Texas","121","Denton","33.2190736","-97.1962956"
"03/11/2023","AQS","481210034","1","11.6","ug/m3 LC","56","Denton Airport South","1","100.0000","88101","PM2.5 - Local Conditions","209","Met One BAM-1022 Mass Monitor w/ VSCC or TE-PM2.5C","19100","Dallas-Fort Worth-Arlington, TX","48","Texas","121","Denton","33.2190736","-97.1962956"
"03/12/2023","AQS","481210034","1","1.2","ug/m3 LC","7","Denton Airport South","1","100.0000","88101","PM2.5 - Local Conditions","209","Met One BAM-1022 Mass Monitor w/ VSCC or TE-PM2.5C","19100","Dallas-Fort Worth-Arlington, TX","48","Texas","121","Denton","33.2190736","-97.1962956"
"03/13/2023","AQS","481210034","1","2.7","ug/m3 LC","15","Denton Airport South","1","100.0000","88101","PM2.5 - Local Conditions","209","Met One BAM-1022 Mass Monitor w/ VSCC or TE-PM2.5C","19100","Dallas-Fort Worth-Arlington, TX","48","Texas","121","Denton","33.2190736","-97.1962956"
"03/14/2023","AQS","481210034","1","7","ug/m3 LC","39","Denton Airport South","1","100.0000","88101","PM2.5 - Local Conditions","209","Met One BAM-1022 Mass Monitor w/ VSCC or TE-PM2.5C","19100","Dallas-Fort Worth-Arlington, TX","48","Texas","121","Denton","33.2190736","-97.1962956"
"03/15/2023","AQS","481210034","1","13.5","ug/m3 LC","59","Denton Airport South","1","100.0000","88101","PM2.5 - Local Conditions","209","Met One BAM-1022 Mass Monitor w/ VSCC or TE-PM2.5C","19100","Dallas-Fort Worth-Arlington, TX","48","Texas","121","Denton","33.2190736","-97.1962956"
"03/16/2023","AQS","481210034","1","4.5","ug/m3 LC","25","Denton Airport South","1","100.0000","88101","PM2.5 - Local Conditions","209","Met One BAM-1022 Mass Monitor w/ VSCC or TE-PM2.5C","19100","Dallas-Fort Worth-Arlington, TX","48","Texas","121","Denton","33.2190736","-97.1962956"
"03/17/2023","AQS","481210034","1","2","ug/m3 LC","11","Denton Airport South","1","100.0000","88101","PM2.5 - Local Conditions","209","Met One BAM-1022 Mass Monitor w/ VSCC or TE-PM2.5C","19100","Dallas-Fort Worth-Arlington, TX","48","Texas","121","Denton","33.2190736","-97.1962956"
"03/18/2023","AQS","481210034","1","3.7","ug/m3 LC","21","Denton Airport South","1","100.0000","88101","PM2.5 - Local Conditions","209","Met One BAM-1022 Mass Monitor w/ VSCC or TE-PM2.5C","19100","Dallas-Fort Worth-Arlington, TX","48","Texas","121","Denton","33.2190736","-97.1962956"
"03/19/2023","AQS","481210034","1","5.2","ug/m3 LC","29","Denton Airport South","1","100.0000","88101","PM2.5 - Local Conditions","209","Met One BAM-1022 Mass Monitor w/ VSCC or TE-PM2.5C","19100","Dallas-Fort Worth-Arlington, TX","48","Texas","121","Denton","33.2190736","-97.1962956"
"03/20/2023","AQS","481210034","1","6.7","ug/m3 LC","37","Denton Airport South","1","100.0000","88101","PM2.5 - Local Conditions","209","Met One BAM-1022 Mass Monitor w/ VSCC or TE-PM2.5C","19100","Dallas-Fort Worth-Arlington, TX","48","Texas","121","Denton","33.2190736","-97.1962956"
"03/21/2023","AQS","481210034","1","4.2","ug/m3 LC","23","Denton Airport South","1","100.0000","88101","PM2.5 - Local Conditions","209","Met One BAM-1022 Mass Monitor w/ VSCC or TE-PM2.5C","19100","Dallas-Fort Worth-Arlington, TX","48","Texas","121","Denton","33.2190736","-97.1962956"
"03/22/2023","AQS","481210034","1","7.5","ug/m3 LC","42","Denton Airport South","1","100.0000","88101","PM2.5 - Local Conditions","209","Met One BAM-1022 Mass Monitor w/ VSCC or TE-PM2.5C","19100","Dallas-Fort Worth-Arlington, TX","48","Texas","121","Denton","33.2190736","-97.1962956"
"03/23/2023","AQS","481210034","1","8.6","ug/m3 LC","48","Denton Airport South","1","100.0000","88101","PM2.5 - Local Conditions","209","Met One BAM-1022 Mass Monitor w/ VSCC or TE-PM2.5C","19100","Dallas-Fort Worth-Arlington, TX","48","Texas","121","Denton","33.2190736","-97.1962956"
"03/24/2023","AQS","481210034","1","4.9","ug/m3 LC","27","Denton Airport South","1","100.0000","88101","PM2.5 - Local Conditions","209","Met One BAM-1022 Mass Monitor w/ VSCC or TE-PM2.5C","19100","Dallas-Fort Worth-Arlington, TX","48","Texas","121","Denton","33.2190736","-97.1962956"
"03/25/2023","AQS","481210034","1","9","ug/m3 LC","50","Denton Airport South","1","100.0000","88101","PM2.5 - Local Conditions","209","Met One BAM-1022 Mass Monitor w/ VSCC or TE-PM2.5C","19100","Dallas-Fort Worth-Arlington, TX","48","Texas","121","Denton","33.2190736","-97.1962956"
"03/26/2023","AQS","481210034","1","5.7","ug/m3 LC","32","Denton Airport South","1","100.0000","88101","PM2.5 - Local Conditions","209","Met One BAM-1022 Mass Monitor w/ VSCC or TE-PM2.5C","19100","Dallas-Fort Worth-Arlington, TX","48","Texas","121","Denton","33.2190736","-97.1962956"
"03/27/2023","AQS","481210034","1","6","ug/m3 LC","33","Denton Airport South","1","100.0000","88101","PM2.5 - Local Conditions","209","Met One BAM-1022 Mass Monitor w/ VSCC or TE-PM2.5C","19100","Dallas-Fort Worth-Arlington, TX","48","Texas","121","Denton","33.2190736","-97.1962956"
"03/28/2023","AQS","481210034","1","8.5","ug/m3 LC","47","Denton Airport South","1","100.0000","88101","PM2.5 - Local Conditions","209","Met One BAM-1022 Mass Monitor w/ VSCC or TE-PM2.5C","19100","Dallas-Fort Worth-Arlington, TX","48","Texas","121","Denton","33.2190736","-97.1962956"
"03/29/2023","AQS","481210034","1","10.8","ug/m3 LC","54","Denton Airport South","1","100.0000","88101","PM2.5 - Local Conditions","209","Met One BAM-1022 Mass Monitor w/ VSCC or TE-PM2.5C","19100","Dallas-Fort Worth-Arlington, TX","48","Texas","121","Denton","33.2190736","-97.1962956"
"03/30/2023","AQS","481210034","1","11.3","ug/m3 LC","55","Denton Airport South","1","100.0000","88101","PM2.5 - Local Conditions","209","Met One BAM-1022 Mass Monitor w/ VSCC or TE-PM2.5C","19100","Dallas-Fort Worth-Arlington, TX","48","Texas","121","Denton","33.2190736","-97.1962956"
"03/31/2023","AQS","481210034","1","11.3","ug/m3 LC","55","Denton Airport South","1","100.0000","88101","PM2.5 - Local Conditions","209","Met One BAM-1022 Mass Monitor w/ VSCC or TE-PM2.5C","19100","Dallas-Fort Worth-Arlington, TX","48","Texas","121","Denton","33.2190736","-97.1962956"
"04/01/2023","AQS","481210034","1","5.5","ug/m3 LC","31","Denton Airport South","1","100.0000","88101","PM2.5 - Local Conditions","209","Met One BAM-1022 Mass Monitor w/ VSCC or TE-PM2.5C","19100","Dallas-Fort Worth-Arlington, TX","48","Texas","121","Denton","33.2190736","-97.1962956"
"04/02/2023","AQS","481210034","1","8.7","ug/m3 LC","48","Denton Airport South","1","100.0000","88101","PM2.5 - Local Conditions","209","Met One BAM-1022 Mass Monitor w/ VSCC or TE-PM2.5C","19100","Dallas-Fort Worth-Arlington, TX","48","Texas","121","Denton","33.2190736","-97.1962956"
"04/03/2023","AQS","481210034","1","12.7","ug/m3 LC","58","Denton Airport South","1","100.0000","88101","PM2.5 - Local Conditions","209","Met One BAM-1022 Mass Monitor w/ VSCC or TE-PM2.5C","19100","Dallas-Fort Worth-Arlington, TX","48","Texas","121","Denton","33.2190736","-97.1962956"
"04/04/2023","AQS","481210034","1","17.7","ug/m3 LC","67","Denton Airport South","1","100.0000","88101","PM2.5 - Local Conditions","209","Met One BAM-1022 Mass Monitor w/ VSCC or TE-PM2.5C","19100","Dallas-Fort Worth-Arlington, TX","48","Texas","121","Denton","33.2190736","-97.1962956"
"04/05/2023","AQS","481210034","1","5.8","ug/m3 LC","32","Denton Airport South","1","100.0000","88101","PM2.5 - Local Conditions","209","Met One BAM-1022 Mass Monitor w/ VSCC or TE-PM2.5C","19100","Dallas-Fort Worth-Arlington, TX","48","Texas","121","Denton","33.2190736","-97.1962956"
"04/06/2023","AQS","481210034","1","3.3","ug/m3 LC","18","Denton Airport South","1","100.0000","88101","PM2.5 - Local Conditions","209","Met One BAM-1022 Mass Monitor w/ VSCC or TE-PM2.5C","19100","Dallas-Fort Worth-Arlington, TX","48","Texas","121","Denton","33.2190736","-97.1962956"
"04/07/2023","AQS","481210034","1","4.6","ug/m3 LC","26","Denton Airport South","1","100.0000","88101","PM2.5 - Local Conditions","209","Met One BAM-1022 Mass Monitor w/ VSCC or TE-PM2.5C","19100","Dallas-Fort Worth-Arlington, TX","48","Texas","121","Denton","33.2190736","-97.1962956"
"04/08/2023","AQS","481210034","1","4.1","ug/m3 LC","23","Denton Airport South","1","100.0000","88101","PM2.5 - Local Conditions","209","Met One BAM-1022 Mass Monitor w/ VSCC or TE-PM2.5C","19100","Dallas-Fort Worth-Arlington, TX","48","Texas","121","Denton","33.2190736","-97.1962956"
"04/09/2023","AQS","481210034","1","9.2","ug/m3 LC","51","Denton Airport South","1","100.0000","88101","PM2.5 - Local Conditions","209","Met One BAM-1022 Mass Monitor w/ VSCC or TE-PM2.5C","19100","Dallas-Fort Worth-Arlington, TX","48","Texas","121","Denton","33.2190736","-97.1962956"
"04/10/2023","AQS","481210034","1","6.4","ug/m3 LC","36","Denton Airport South","1","100.0000","88101","PM2.5 - Local Conditions","209","Met One BAM-1022 Mass Monitor w/ VSCC or TE-PM2.5C","19100","Dallas-Fort Worth-Arlington, TX","48","Texas","121","Denton","33.2190736","-97.1962956"
"04/11/2023","AQS","481210034","1","8.6","ug/m3 LC","48","Denton Airport South","1","100.0000","88101","PM2.5 - Local Conditions","209","Met One BAM-1022 Mass Monitor w/ VSCC or TE-PM2.5C","19100","Dallas-Fort Worth-Arlington, TX","48","Texas","121","Denton","33.2190736","-97.1962956"
"04/12/2023","AQS","481210034","1","7.3","ug/m3 LC","41","Denton Airport South","1","100.0000","88101","PM2.5 - Local Conditions","209","Met One BAM-1022 Mass Monitor w/ VSCC or TE-PM2.5C","19100","Dallas-Fort Worth-Arlington, TX","48","Texas","121","Denton","33.2190736","-97.1962956"
"04/13/2023","AQS","481210034","1","6.7","ug/m3 LC","37","Denton Airport South","1","100.0000","88101","PM2.5 - Local Conditions","209","Met One BAM-1022 Mass Monitor w/ VSCC or TE-PM2.5C","19100","Dallas-Fort Worth-Arlington, TX","48","Texas","121","Denton","33.2190736","-97.1962956"
"04/14/2023","AQS","481210034","1","6.6","ug/m3 LC","37","Denton Airport South","1","100.0000","88101","PM2.5 - Local Conditions","209","Met One BAM-1022 Mass Monitor w/ VSCC or TE-PM2.5C","19100","Dallas-Fort Worth-Arlington, TX","48","Texas","121","Denton","33.2190736","-97.1962956"
"04/15/2023","AQS","481210034","1","4.3","ug/m3 LC","24","Denton Airport South","1","100.0000","88101","PM2.5 - Local Conditions","209","Met One BAM-1022 Mass Monitor w/ VSCC or TE-PM2.5C","19100","Dallas-Fort Worth-Arlington, TX","48","Texas","121","Denton","33.2190736","-97.1962956"
"04/16/2023","AQS","481210034","1","3.5","ug/m3 LC","19","Denton Airport South","1","100.0000","88101","PM2.5 - Local Conditions","209","Met One BAM-1022 Mass Monitor w/ VSCC or TE-PM2.5C","19100","Dallas-Fort Worth-Arlington, TX","48","Texas","121","Denton","33.2190736","-97.1962956"
"04/17/2023","AQS","481210034","1","8.3","ug/m3 LC","46","Denton Airport South","1","100.0000","88101","PM2.5 - Local Conditions","209","Met One BAM-1022 Mass Monitor w/ VSCC or TE-PM2.5C","19100","Dallas-Fort Worth-Arlington, TX","48","Texas","121","Denton","33.2190736","-97.1962956"
"04/18/2023","AQS","481210034","1","9.4","ug/m3 LC","52","Denton Airport South","1","100.0000","88101","PM2.5 - Local Conditions","209","Met One BAM-1022 Mass Monitor w/ VSCC or TE-PM2.5C","19100","Dallas-Fort Worth-Arlington, TX","48","Texas","121","Denton","33.2190736","-97.1962956"
"04/19/2023","AQS","481210034","1","8.2","ug/m3 LC","46","Denton Airport South","1","100.0000","88101","PM2.5 - Local Conditions","209","Met One BAM-1022 Mass Monitor w/ VSCC or TE-PM2.5C","19100","Dallas-Fort Worth-Arlington, TX","48","Texas","121","Denton","33.2190736","-97.1962956"
"04/20/2023","AQS","481210034","1","14.7","ug/m3 LC","61","Denton Airport South","1","100.0000","88101","PM2.5 - Local Conditions","209","Met One BAM-1022 Mass Monitor w/ VSCC or TE-PM2.5C","19100","Dallas-Fort Worth-Arlington, TX","48","Texas","121","Denton","33.2190736","-97.1962956"
"04/21/2023","AQS","481210034","1","5.2","ug/m3 LC","29","Denton Airport South","1","100.0000","88101","PM2.5 - Local Conditions","209","Met One BAM-1022 Mass Monitor w/ VSCC or TE-PM2.5C","19100","Dallas-Fort Worth-Arlington, TX","48","Texas","121","Denton","33.2190736","-97.1962956"
"04/22/2023","AQS","481210034","1","6.9","ug/m3 LC","38","Denton Airport South","1","100.0000","88101","PM2.5 - Local Conditions","209","Met One BAM-1022 Mass Monitor w/ VSCC or TE-PM2.5C","19100","Dallas-Fort Worth-Arlington, TX","48","Texas","121","Denton","33.2190736","-97.1962956"
"04/23/2023","AQS","481210034","1","4","ug/m3 LC","22","Denton Airport South","1","100.0000","88101","PM2.5 - Local Conditions","209","Met One BAM-1022 Mass Monitor w/ VSCC or TE-PM2.5C","19100","Dallas-Fort Worth-Arlington, TX","48","Texas","121","Denton","33.2190736","-97.1962956"
"04/24/2023","AQS","481210034","1","5.6","ug/m3 LC","31","Denton Airport South","1","100.0000","88101","PM2.5 - Local Conditions","209","Met One BAM-1022 Mass Monitor w/ VSCC or TE-PM2.5C","19100","Dallas-Fort Worth-Arlington, TX","48","Texas","121","Denton","33.2190736","-97.1962956"
"04/25/2023","AQS","481210034","1","10.4","ug/m3 LC","53","Denton Airport South","1","100.0000","88101","PM2.5 - Local Conditions","209","Met One BAM-1022 Mass Monitor w/ VSCC or TE-PM2.5C","19100","Dallas-Fort Worth-Arlington, TX","48","Texas","121","Denton","33.2190736","-97.1962956"
"04/26/2023","AQS","481210034","1","7.1","ug/m3 LC","39","Denton Airport South","1","100.0000","88101","PM2.5 - Local Conditions","209","Met One BAM-1022 Mass Monitor w/ VSCC or TE-PM2.5C","19100","Dallas-Fort Worth-Arlington, TX","48","Texas","121","Denton","33.2190736","-97.1962956"
"04/27/2023","AQS","481210034","1","2.4","ug/m3 LC","13","Denton Airport South","1","100.0000","88101","PM2.5 - Local Conditions","209","Met One BAM-1022 Mass Monitor w/ VSCC or TE-PM2.5C","19100","Dallas-Fort Worth-Arlington, TX","48","Texas","121","Denton","33.2190736","-97.1962956"
"04/28/2023","AQS","481210034","1","3","ug/m3 LC","17","Denton Airport South","1","100.0000","88101","PM2.5 - Local Conditions","209","Met One BAM-1022 Mass Monitor w/ VSCC or TE-PM2.5C","19100","Dallas-Fort Worth-Arlington, TX","48","Texas","121","Denton","33.2190736","-97.1962956"
"04/29/2023","AQS","481210034","1","2.1","ug/m3 LC","12","Denton Airport South","1","100.0000","88101","PM2.5 - Local Conditions","209","Met One BAM-1022 Mass Monitor w/ VSCC or TE-PM2.5C","19100","Dallas-Fort Worth-Arlington, TX","48","Texas","121","Denton","33.2190736","-97.1962956"
"04/30/2023","AQS","481210034","1","4.2","ug/m3 LC","23","Denton Airport South","1","100.0000","88101","PM2.5 - Local Conditions","209","Met One BAM-1022 Mass Monitor w/ VSCC or TE-PM2.5C","19100","Dallas-Fort Worth-Arlington, TX","48","Texas","121","Denton","33.2190736","-97.1962956"
"05/01/2023","AQS","481210034","1","3.5","ug/m3 LC","19","Denton Airport South","1","100.0000","88101","PM2.5 - Local Conditions","209","Met One BAM-1022 Mass Monitor w/ VSCC or TE-PM2.5C","19100","Dallas-Fort Worth-Arlington, TX","48","Texas","121","Denton","33.2190736","-97.1962956"
"05/02/2023","AQS","481210034","1","10.5","ug/m3 LC","54","Denton Airport South","1","100.0000","88101","PM2.5 - Local Conditions","209","Met One BAM-1022 Mass Monitor w/ VSCC or TE-PM2.5C","19100","Dallas-Fort Worth-Arlington, TX","48","Texas","121","Denton","33.2190736","-97.1962956"
"05/03/2023","AQS","481210034","1","9.7","ug/m3 LC","52","Denton Airport South","1","100.0000","88101","PM2.5 - Local Conditions","209","Met One BAM-1022 Mass Monitor w/ VSCC or TE-PM2.5C","19100","Dallas-Fort Worth-Arlington, TX","48","Texas","121","Denton","33.2190736","-97.1962956"
"05/04/2023","AQS","481210034","1","11","ug/m3 LC","55","Denton Airport South","1","100.0000","88101","PM2.5 - Local Conditions","209","Met One BAM-1022 Mass Monitor w/ VSCC or TE-PM2.5C","19100","Dallas-Fort Worth-Arlington, TX","48","Texas","121","Denton","33.2190736","-97.1962956"
"05/05/2023","AQS","481210034","1","13.3","ug/m3 LC","59","Denton Airport South","1","100.0000","88101","PM2.5 - Local Conditions","209","Met One BAM-1022 Mass Monitor w/ VSCC or TE-PM2.5C","19100","Dallas-Fort Worth-Arlington, TX","48","Texas","121","Denton","33.2190736","-97.1962956"
"05/06/2023","AQS","481210034","1","12","ug/m3 LC","56","Denton Airport South","1","100.0000","88101","PM2.5 - Local Conditions","209","Met One BAM-1022 Mass Monitor w/ VSCC or TE-PM2.5C","19100","Dallas-Fort Worth-Arlington, TX","48","Texas","121","Denton","33.2190736","-97.1962956"
"05/07/2023","AQS","481210034","1","11","ug/m3 LC","55","Denton Airport South","1","100.0000","88101","PM2.5 - Local Conditions","209","Met One BAM-1022 Mass Monitor w/ VSCC or TE-PM2.5C","19100","Dallas-Fort Worth-Arlington, TX","48","Texas","121","Denton","33.2190736","-97.1962956"
"05/08/2023","AQS","481210034","1","12.1","ug/m3 LC","57","Denton Airport South","1","100.0000","88101","PM2.5 - Local Conditions","209","Met One BAM-1022 Mass Monitor w/ VSCC or TE-PM2.5C","19100","Dallas-Fort Worth-Arlington, TX","48","Texas","121","Denton","33.2190736","-97.1962956"
"05/09/2023","AQS","481210034","1","13.9","ug/m3 LC","60","Denton Airport South","1","100.0000","88101","PM2.5 - Local Conditions","209","Met One BAM-1022 Mass Monitor w/ VSCC or TE-PM2.5C","19100","Dallas-Fort Worth-Arlington, TX","48","Texas","121","Denton","33.2190736","-97.1962956"
"05/10/2023","AQS","481210034","1","7.2","ug/m3 LC","40","Denton Airport South","1","100.0000","88101","PM2.5 - Local Conditions","209","Met One BAM-1022 Mass Monitor w/ VSCC or TE-PM2.5C","19100","Dallas-Fort Worth-Arlington, TX","48","Texas","121","Denton","33.2190736","-97.1962956"
"05/11/2023","AQS","481210034","1","16.4","ug/m3 LC","65","Denton Airport South","1","100.0000","88101","PM2.5 - Local Conditions","209","Met One BAM-1022 Mass Monitor w/ VSCC or TE-PM2.5C","19100","Dallas-Fort Worth-Arlington, TX","48","Texas","121","Denton","33.2190736","-97.1962956"
"05/12/2023","AQS","481210034","1","22.8","ug/m3 LC","77","Denton Airport South","1","100.0000","88101","PM2.5 - Local Conditions","209","Met One BAM-1022 Mass Monitor w/ VSCC or TE-PM2.5C","19100","Dallas-Fort Worth-Arlington, TX","48","Texas","121","Denton","33.2190736","-97.1962956"
"05/13/2023","AQS","481210034","1","5.5","ug/m3 LC","31","Denton Airport South","1","100.0000","88101","PM2.5 - Local Conditions","209","Met One BAM-1022 Mass Monitor w/ VSCC or TE-PM2.5C","19100","Dallas-Fort Worth-Arlington, TX","48","Texas","121","Denton","33.2190736","-97.1962956"
"05/14/2023","AQS","481210034","1","6.2","ug/m3 LC","34","Denton Airport South","1","100.0000","88101","PM2.5 - Local Conditions","209","Met One BAM-1022 Mass Monitor w/ VSCC or TE-PM2.5C","19100","Dallas-Fort Worth-Arlington, TX","48","Texas","121","Denton","33.2190736","-97.1962956"
"05/15/2023","AQS","481210034","1","5.5","ug/m3 LC","31","Denton Airport South","1","100.0000","88101","PM2.5 - Local Conditions","209","Met One BAM-1022 Mass Monitor w/ VSCC or TE-PM2.5C","19100","Dallas-Fort Worth-Arlington, TX","48","Texas","121","Denton","33.2190736","-97.1962956"
"05/16/2023","AQS","481210034","1","3.2","ug/m3 LC","18","Denton Airport South","1","100.0000","88101","PM2.5 - Local Conditions","209","Met One BAM-1022 Mass Monitor w/ VSCC or TE-PM2.5C","19100","Dallas-Fort Worth-Arlington, TX","48","Texas","121","Denton","33.2190736","-97.1962956"
"05/17/2023","AQS","481210034","1","4.7","ug/m3 LC","26","Denton Airport South","1","100.0000","88101","PM2.5 - Local Conditions","209","Met One BAM-1022 Mass Monitor w/ VSCC or TE-PM2.5C","19100","Dallas-Fort Worth-Arlington, TX","48","Texas","121","Denton","33.2190736","-97.1962956"
"05/18/2023","AQS","481210034","1","7.4","ug/m3 LC","41","Denton Airport South","1","100.0000","88101","PM2.5 - Local Conditions","209","Met One BAM-1022 Mass Monitor w/ VSCC or TE-PM2.5C","19100","Dallas-Fort Worth-Arlington, TX","48","Texas","121","Denton","33.2190736","-97.1962956"
"05/19/2023","AQS","481210034","1","8.1","ug/m3 LC","45","Denton Airport South","1","100.0000","88101","PM2.5 - Local Conditions","209","Met One BAM-1022 Mass Monitor w/ VSCC or TE-PM2.5C","19100","Dallas-Fort Worth-Arlington, TX","48","Texas","121","Denton","33.2190736","-97.1962956"
"05/20/2023","AQS","481210034","1","16.6","ug/m3 LC","65","Denton Airport South","1","100.0000","88101","PM2.5 - Local Conditions","209","Met One BAM-1022 Mass Monitor w/ VSCC or TE-PM2.5C","19100","Dallas-Fort Worth-Arlington, TX","48","Texas","121","Denton","33.2190736","-97.1962956"
"05/21/2023","AQS","481210034","1","10.7","ug/m3 LC","54","Denton Airport South","1","100.0000","88101","PM2.5 - Local Conditions","209","Met One BAM-1022 Mass Monitor w/ VSCC or TE-PM2.5C","19100","Dallas-Fort Worth-Arlington, TX","48","Texas","121","Denton","33.2190736","-97.1962956"
"05/22/2023","AQS","481210034","1","18.4","ug/m3 LC","68","Denton Airport South","1","100.0000","88101","PM2.5 - Local Conditions","209","Met One BAM-1022 Mass Monitor w/ VSCC or TE-PM2.5C","19100","Dallas-Fort Worth-Arlington, TX","48","Texas","121","Denton","33.2190736","-97.1962956"
"05/23/2023","AQS","481210034","1","19.5","ug/m3 LC","70","Denton Airport South","1","100.0000","88101","PM2.5 - Local Conditions","209","Met One BAM-1022 Mass Monitor w/ VSCC or TE-PM2.5C","19100","Dallas-Fort Worth-Arlington, TX","48","Texas","121","Denton","33.2190736","-97.1962956"
"05/24/2023","AQS","481210034","1","12.5","ug/m3 LC","57","Denton Airport South","1","100.0000","88101","PM2.5 - Local Conditions","209","Met One BAM-1022 Mass Monitor w/ VSCC or TE-PM2.5C","19100","Dallas-Fort Worth-Arlington, TX","48","Texas","121","Denton","33.2190736","-97.1962956"
"05/25/2023","AQS","481210034","1","10.9","ug/m3 LC","54","Denton Airport South","1","100.0000","88101","PM2.5 - Local Conditions","209","Met One BAM-1022 Mass Monitor w/ VSCC or TE-PM2.5C","19100","Dallas-Fort Worth-Arlington, TX","48","Texas","121","Denton","33.2190736","-97.1962956"
"05/26/2023","AQS","481210034","1","17.3","ug/m3 LC","66","Denton Airport South","1","100.0000","88101","PM2.5 - Local Conditions","209","Met One BAM-1022 Mass Monitor w/ VSCC or TE-PM2.5C","19100","Dallas-Fort Worth-Arlington, TX","48","Texas","121","Denton","33.2190736","-97.1962956"
"05/27/2023","AQS","481210034","1","19.7","ug/m3 LC","71","Denton Airport South","1","100.0000","88101","PM2.5 - Local Conditions","209","Met One BAM-1022 Mass Monitor w/ VSCC or TE-PM2.5C","19100","Dallas-Fort Worth-Arlington, TX","48","Texas","121","Denton","33.2190736","-97.1962956"
"05/28/2023","AQS","481210034","1","16","ug/m3 LC","64","Denton Airport South","1","100.0000","88101","PM2.5 - Local Conditions","209","Met One BAM-1022 Mass Monitor w/ VSCC or TE-PM2.5C","19100","Dallas-Fort Worth-Arlington, TX","48","Texas","121","Denton","33.2190736","-97.1962956"
"05/29/2023","AQS","481210034","1","11.2","ug/m3 LC","55","Denton Airport South","1","100.0000","88101","PM2.5 - Local Conditions","209","Met One BAM-1022 Mass Monitor w/ VSCC or TE-PM2.5C","19100","Dallas-Fort Worth-Arlington, TX","48","Texas","121","Denton","33.2190736","-97.1962956"
"05/30/2023","AQS","481210034","1","8.5","ug/m3 LC","47","Denton Airport South","1","100.0000","88101","PM2.5 - Local Conditions","209","Met One BAM-1022 Mass Monitor w/ VSCC or TE-PM2.5C","19100","Dallas-Fort Worth-Arlington, TX","48","Texas","121","Denton","33.2190736","-97.1962956"
"05/31/2023","AQS","481210034","1","12.4","ug/m3 LC","57","Denton Airport South","1","100.0000","88101","PM2.5 - Local Conditions","209","Met One BAM-1022 Mass Monitor w/ VSCC or TE-PM2.5C","19100","Dallas-Fort Worth-Arlington, TX","48","Texas","121","Denton","33.2190736","-97.1962956"
"06/01/2023","AQS","481210034","1","14.6","ug/m3 LC","61","Denton Airport South","1","100.0000","88101","PM2.5 - Local Conditions","209","Met One BAM-1022 Mass Monitor w/ VSCC or TE-PM2.5C","19100","Dallas-Fort Worth-Arlington, TX","48","Texas","121","Denton","33.2190736","-97.1962956"
"06/02/2023","AQS","481210034","1","15","ug/m3 LC","62","Denton Airport South","1","100.0000","88101","PM2.5 - Local Conditions","209","Met One BAM-1022 Mass Monitor w/ VSCC or TE-PM2.5C","19100","Dallas-Fort Worth-Arlington, TX","48","Texas","121","Denton","33.2190736","-97.1962956"
"06/03/2023","AQS","481210034","1","5.8","ug/m3 LC","32","Denton Airport South","1","100.0000","88101","PM2.5 - Local Conditions","209","Met One BAM-1022 Mass Monitor w/ VSCC or TE-PM2.5C","19100","Dallas-Fort Worth-Arlington, TX","48","Texas","121","Denton","33.2190736","-97.1962956"
"06/04/2023","AQS","481210034","1","6.2","ug/m3 LC","34","Denton Airport South","1","100.0000","88101","PM2.5 - Local Conditions","209","Met One BAM-1022 Mass Monitor w/ VSCC or TE-PM2.5C","19100","Dallas-Fort Worth-Arlington, TX","48","Texas","121","Denton","33.2190736","-97.1962956"
"06/05/2023","AQS","481210034","1","8.7","ug/m3 LC","48","Denton Airport South","1","100.0000","88101","PM2.5 - Local Conditions","209","Met One BAM-1022 Mass Monitor w/ VSCC or TE-PM2.5C","19100","Dallas-Fort Worth-Arlington, TX","48","Texas","121","Denton","33.2190736","-97.1962956"
"06/06/2023","AQS","481210034","1","11.4","ug/m3 LC","55","Denton Airport South","1","100.0000","88101","PM2.5 - Local Conditions","209","Met One BAM-1022 Mass Monitor w/ VSCC or TE-PM2.5C","19100","Dallas-Fort Worth-Arlington, TX","48","Texas","121","Denton","33.2190736","-97.1962956"
"06/07/2023","AQS","481210034","1","10.9","ug/m3 LC","54","Denton Airport South","1","100.0000","88101","PM2.5 - Local Conditions","209","Met One BAM-1022 Mass Monitor w/ VSCC or TE-PM2.5C","19100","Dallas-Fort Worth-Arlington, TX","48","Texas","121","Denton","33.2190736","-97.1962956"
"06/08/2023","AQS","481210034","1","9.5","ug/m3 LC","52","Denton Airport South","1","100.0000","88101","PM2.5 - Local Conditions","209","Met One BAM-1022 Mass Monitor w/ VSCC or TE-PM2.5C","19100","Dallas-Fort Worth-Arlington, TX","48","Texas","121","Denton","33.2190736","-97.1962956"
"06/09/2023","AQS","481210034","1","8.7","ug/m3 LC","48","Denton Airport South","1","100.0000","88101","PM2.5 - Local Conditions","209","Met One BAM-1022 Mass Monitor w/ VSCC or TE-PM2.5C","19100","Dallas-Fort Worth-Arlington, TX","48","Texas","121","Denton","33.2190736","-97.1962956"
"06/10/2023","AQS","481210034","1","8.5","ug/m3 LC","47","Denton Airport South","1","100.0000","88101","PM2.5 - Local Conditions","209","Met One BAM-1022 Mass Monitor w/ VSCC or TE-PM2.5C","19100","Dallas-Fort Worth-Arlington, TX","48","Texas","121","Denton","33.2190736","-97.1962956"
"06/11/2023","AQS","481210034","1","7.2","ug/m3 LC","40","Denton Airport South","1","100.0000","88101","PM2.5 - Local Conditions","209","Met One BAM-1022 Mass Monitor w/ VSCC or TE-PM2.5C","19100","Dallas-Fort Worth-Arlington, TX","48","Texas","121","Denton","33.2190736","-97.1962956"
"06/12/2023","AQS","481210034","1","4.9","ug/m3 LC","27","Denton Airport South","1","100.0000","88101","PM2.5 - Local Conditions","209","Met One BAM-1022 Mass Monitor w/ VSCC or TE-PM2.5C","19100","Dallas-Fort Worth-Arlington, TX","48","Texas","121","Denton","33.2190736","-97.1962956"
"06/13/2023","AQS","481210034","1","10.9","ug/m3 LC","54","Denton Airport South","1","100.0000","88101","PM2.5 - Local Conditions","209","Met One BAM-1022 Mass Monitor w/ VSCC or TE-PM2.5C","19100","Dallas-Fort Worth-Arlington, TX","48","Texas","121","Denton","33.2190736","-97.1962956"
"06/14/2023","AQS","481210034","1","16.3","ug/m3 LC","64","Denton Airport South","1","100.0000","88101","PM2.5 - Local Conditions","209","Met One BAM-1022 Mass Monitor w/ VSCC or TE-PM2.5C","19100","Dallas-Fort Worth-Arlington, TX","48","Texas","121","Denton","33.2190736","-97.1962956"
"06/15/2023","AQS","481210034","1","19.6","ug/m3 LC","71","Denton Airport South","1","100.0000","88101","PM2.5 - Local Conditions","209","Met One BAM-1022 Mass Monitor w/ VSCC or TE-PM2.5C","19100","Dallas-Fort Worth-Arlington, TX","48","Texas","121","Denton","33.2190736","-97.1962956"
"06/16/2023","AQS","481210034","1","10.5","ug/m3 LC","54","Denton Airport South","1","100.0000","88101","PM2.5 - Local Conditions","209","Met One BAM-1022 Mass Monitor w/ VSCC or TE-PM2.5C","19100","Dallas-Fort Worth-Arlington, TX","48","Texas","121","Denton","33.2190736","-97.1962956"
"06/17/2023","AQS","481210034","1","17.5","ug/m3 LC","67","Denton Airport South","1","100.0000","88101","PM2.5 - Local Conditions","209","Met One BAM-1022 Mass Monitor w/ VSCC or TE-PM2.5C","19100","Dallas-Fort Worth-Arlington, TX","48","Texas","121","Denton","33.2190736","-97.1962956"
"06/18/2023","AQS","481210034","1","6.9","ug/m3 LC","38","Denton Airport South","1","100.0000","88101","PM2.5 - Local Conditions","209","Met One BAM-1022 Mass Monitor w/ VSCC or TE-PM2.5C","19100","Dallas-Fort Worth-Arlington, TX","48","Texas","121","Denton","33.2190736","-97.1962956"
"06/19/2023","AQS","481210034","1","15.2","ug/m3 LC","62","Denton Airport South","1","100.0000","88101","PM2.5 - Local Conditions","209","Met One BAM-1022 Mass Monitor w/ VSCC or TE-PM2.5C","19100","Dallas-Fort Worth-Arlington, TX","48","Texas","121","Denton","33.2190736","-97.1962956"
"06/20/2023","AQS","481210034","1","19.2","ug/m3 LC","70","Denton Airport South","1","100.0000","88101","PM2.5 - Local Conditions","209","Met One BAM-1022 Mass Monitor w/ VSCC or TE-PM2.5C","19100","Dallas-Fort Worth-Arlington, TX","48","Texas","121","Denton","33.2190736","-97.1962956"
"06/21/2023","AQS","481210034","1","19.6","ug/m3 LC","71","Denton Airport South","1","100.0000","88101","PM2.5 - Local Conditions","209","Met One BAM-1022 Mass Monitor w/ VSCC or TE-PM2.5C","19100","Dallas-Fort Worth-Arlington, TX","48","Texas","121","Denton","33.2190736","-97.1962956"
"06/22/2023","AQS","481210034","1","12","ug/m3 LC","56","Denton Airport South","1","100.0000","88101","PM2.5 - Local Conditions","209","Met One BAM-1022 Mass Monitor w/ VSCC or TE-PM2.5C","19100","Dallas-Fort Worth-Arlington, TX","48","Texas","121","Denton","33.2190736","-97.1962956"
"06/23/2023","AQS","481210034","1","11.6","ug/m3 LC","56","Denton Airport South","1","100.0000","88101","PM2.5 - Local Conditions","209","Met One BAM-1022 Mass Monitor w/ VSCC or TE-PM2.5C","19100","Dallas-Fort Worth-Arlington, TX","48","Texas","121","Denton","33.2190736","-97.1962956"
"06/24/2023","AQS","481210034","1","11.6","ug/m3 LC","56","Denton Airport South","1","100.0000","88101","PM2.5 - Local Conditions","209","Met One BAM-1022 Mass Monitor w/ VSCC or TE-PM2.5C","19100","Dallas-Fort Worth-Arlington, TX","48","Texas","121","Denton","33.2190736","-97.1962956"
"06/25/2023","AQS","481210034","1","8.4","ug/m3 LC","47","Denton Airport South","1","100.0000","88101","PM2.5 - Local Conditions","209","Met One BAM-1022 Mass Monitor w/ VSCC or TE-PM2.5C","19100","Dallas-Fort Worth-Arlington, TX","48","Texas","121","Denton","33.2190736","-97.1962956"
"06/26/2023","AQS","481210034","1","10.1","ug/m3 LC","53","Denton Airport South","1","100.0000","88101","PM2.5 - Local Conditions","209","Met One BAM-1022 Mass Monitor w/ VSCC or TE-PM2.5C","19100","Dallas-Fort Worth-Arlington, TX","48","Texas","121","Denton","33.2190736","-97.1962956"
"06/27/2023","AQS","481210034","1","9.6","ug/m3 LC","52","Denton Airport South","1","100.0000","88101","PM2.5 - Local Conditions","209","Met One BAM-1022 Mass Monitor w/ VSCC or TE-PM2.5C","19100","Dallas-Fort Worth-Arlington, TX","48","Texas","121","Denton","33.2190736","-97.1962956"
"06/28/2023","AQS","481210034","1","11.2","ug/m3 LC","55","Denton Airport South","1","100.0000","88101","PM2.5 - Local Conditions","209","Met One BAM-1022 Mass Monitor w/ VSCC or TE-PM2.5C","19100","Dallas-Fort Worth-Arlington, TX","48","Texas","121","Denton","33.2190736","-97.1962956"
"06/29/2023","AQS","481210034","1","8.5","ug/m3 LC","47","Denton Airport South","1","100.0000","88101","PM2.5 - Local Conditions","209","Met One BAM-1022 Mass Monitor w/ VSCC or TE-PM2.5C","19100","Dallas-Fort Worth-Arlington, TX","48","Texas","121","Denton","33.2190736","-97.1962956"
"06/30/2023","AQS","481210034","1","7.8","ug/m3 LC","43","Denton Airport South","1","100.0000","88101","PM2.5 - Local Conditions","209","Met One BAM-1022 Mass Monitor w/ VSCC or TE-PM2.5C","19100","Dallas-Fort Worth-Arlington, TX","48","Texas","121","Denton","33.2190736","-97.1962956"
"07/01/2023","AQS","481210034","1","4.6","ug/m3 LC","26","Denton Airport South","1","100.0000","88101","PM2.5 - Local Conditions","209","Met One BAM-1022 Mass Monitor w/ VSCC or TE-PM2.5C","19100","Dallas-Fort Worth-Arlington, TX","48","Texas","121","Denton","33.2190736","-97.1962956"
"07/02/2023","AQS","481210034","1","6.9","ug/m3 LC","38","Denton Airport South","1","100.0000","88101","PM2.5 - Local Conditions","209","Met One BAM-1022 Mass Monitor w/ VSCC or TE-PM2.5C","19100","Dallas-Fort Worth-Arlington, TX","48","Texas","121","Denton","33.2190736","-97.1962956"
"07/03/2023","AQS","481210034","1","7.9","ug/m3 LC","44","Denton Airport South","1","100.0000","88101","PM2.5 - Local Conditions","209","Met One BAM-1022 Mass Monitor w/ VSCC or TE-PM2.5C","19100","Dallas-Fort Worth-Arlington, TX","48","Texas","121","Denton","33.2190736","-97.1962956"
"07/04/2023","AQS","481210034","1","7.4","ug/m3 LC","41","Denton Airport South","1","100.0000","88101","PM2.5 - Local Conditions","209","Met One BAM-1022 Mass Monitor w/ VSCC or TE-PM2.5C","19100","Dallas-Fort Worth-Arlington, TX","48","Texas","121","Denton","33.2190736","-97.1962956"
"07/05/2023","AQS","481210034","1","9","ug/m3 LC","50","Denton Airport South","1","100.0000","88101","PM2.5 - Local Conditions","209","Met One BAM-1022 Mass Monitor w/ VSCC or TE-PM2.5C","19100","Dallas-Fort Worth-Arlington, TX","48","Texas","121","Denton","33.2190736","-97.1962956"
"07/06/2023","AQS","481210034","1","4.5","ug/m3 LC","25","Denton Airport South","1","100.0000","88101","PM2.5 - Local Conditions","209","Met One BAM-1022 Mass Monitor w/ VSCC or TE-PM2.5C","19100","Dallas-Fort Worth-Arlington, TX","48","Texas","121","Denton","33.2190736","-97.1962956"
"07/07/2023","AQS","481210034","1","6.1","ug/m3 LC","34","Denton Airport South","1","100.0000","88101","PM2.5 - Local Conditions","209","Met One BAM-1022 Mass Monitor w/ VSCC or TE-PM2.5C","19100","Dallas-Fort Worth-Arlington, TX","48","Texas","121","Denton","33.2190736","-97.1962956"
"07/08/2023","AQS","481210034","1","6.8","ug/m3 LC","38","Denton Airport South","1","100.0000","88101","PM2.5 - Local Conditions","209","Met One BAM-1022 Mass Monitor w/ VSCC or TE-PM2.5C","19100","Dallas-Fort Worth-Arlington, TX","48","Texas","121","Denton","33.2190736","-97.1962956"
"07/09/2023","AQS","481210034","1","3.2","ug/m3 LC","18","Denton Airport South","1","100.0000","88101","PM2.5 - Local Conditions","209","Met One BAM-1022 Mass Monitor w/ VSCC or TE-PM2.5C","19100","Dallas-Fort Worth-Arlington, TX","48","Texas","121","Denton","33.2190736","-97.1962956"
"07/10/2023","AQS","481210034","1","9.5","ug/m3 LC","52","Denton Airport South","1","100.0000","88101","PM2.5 - Local Conditions","209","Met One BAM-1022 Mass Monitor w/ VSCC or TE-PM2.5C","19100","Dallas-Fort Worth-Arlington, TX","48","Texas","121","Denton","33.2190736","-97.1962956"
"07/11/2023","AQS","481210034","1","9.2","ug/m3 LC","51","Denton Airport South","1","100.0000","88101","PM2.5 - Local Conditions","209","Met One BAM-1022 Mass Monitor w/ VSCC or TE-PM2.5C","19100","Dallas-Fort Worth-Arlington, TX","48","Texas","121","Denton","33.2190736","-97.1962956"
"07/12/2023","AQS","481210034","1","10.8","ug/m3 LC","54","Denton Airport South","1","100.0000","88101","PM2.5 - Local Conditions","209","Met One BAM-1022 Mass Monitor w/ VSCC or TE-PM2.5C","19100","Dallas-Fort Worth-Arlington, TX","48","Texas","121","Denton","33.2190736","-97.1962956"
"07/13/2023","AQS","481210034","1","8.4","ug/m3 LC","47","Denton Airport South","1","100.0000","88101","PM2.5 - Local Conditions","209","Met One BAM-1022 Mass Monitor w/ VSCC or TE-PM2.5C","19100","Dallas-Fort Worth-Arlington, TX","48","Texas","121","Denton","33.2190736","-97.1962956"
"07/14/2023","AQS","481210034","1","16.9","ug/m3 LC","66","Denton Airport South","1","100.0000","88101","PM2.5 - Local Conditions","209","Met One BAM-1022 Mass Monitor w/ VSCC or TE-PM2.5C","19100","Dallas-Fort Worth-Arlington, TX","48","Texas","121","Denton","33.2190736","-97.1962956"
"07/15/2023","AQS","481210034","1","13.7","ug/m3 LC","60","Denton Airport South","1","100.0000","88101","PM2.5 - Local Conditions","209","Met One BAM-1022 Mass Monitor w/ VSCC or TE-PM2.5C","19100","Dallas-Fort Worth-Arlington, TX","48","Texas","121","Denton","33.2190736","-97.1962956"
"07/16/2023","AQS","481210034","1","7.7","ug/m3 LC","43","Denton Airport South","1","100.0000","88101","PM2.5 - Local Conditions","209","Met One BAM-1022 Mass Monitor w/ VSCC or TE-PM2.5C","19100","Dallas-Fort Worth-Arlington, TX","48","Texas","121","Denton","33.2190736","-97.1962956"
"07/17/2023","AQS","481210034","1","17.6","ug/m3 LC","67","Denton Airport South","1","100.0000","88101","PM2.5 - Local Conditions","209","Met One BAM-1022 Mass Monitor w/ VSCC or TE-PM2.5C","19100","Dallas-Fort Worth-Arlington, TX","48","Texas","121","Denton","33.2190736","-97.1962956"
"07/26/2023","AQS","481210034","1","14.7","ug/m3 LC","61","Denton Airport South","1","100.0000","88101","PM2.5 - Local Conditions","209","Met One BAM-1022 Mass Monitor w/ VSCC or TE-PM2.5C","19100","Dallas-Fort Worth-Arlington, TX","48","Texas","121","Denton","33.2190736","-97.1962956"
"07/27/2023","AQS","481210034","1","19","ug/m3 LC","69","Denton Airport South","1","100.0000","88101","PM2.5 - Local Conditions","209","Met One BAM-1022 Mass Monitor w/ VSCC or TE-PM2.5C","19100","Dallas-Fort Worth-Arlington, TX","48","Texas","121","Denton","33.2190736","-97.1962956"
"07/28/2023","AQS","481210034","1","17.3","ug/m3 LC","66","Denton Airport South","1","100.0000","88101","PM2.5 - Local Conditions","209","Met One BAM-1022 Mass Monitor w/ VSCC or TE-PM2.5C","19100","Dallas-Fort Worth-Arlington, TX","48","Texas","121","Denton","33.2190736","-97.1962956"
"07/29/2023","AQS","481210034","1","17.3","ug/m3 LC","66","Denton Airport South","1","100.0000","88101","PM2.5 - Local Conditions","209","Met One BAM-1022 Mass Monitor w/ VSCC or TE-PM2.5C","19100","Dallas-Fort Worth-Arlington, TX","48","Texas","121","Denton","33.2190736","-97.1962956"
"07/30/2023","AQS","481210034","1","14.2","ug/m3 LC","61","Denton Airport South","1","100.0000","88101","PM2.5 - Local Conditions","209","Met One BAM-1022 Mass Monitor w/ VSCC or TE-PM2.5C","19100","Dallas-Fort Worth-Arlington, TX","48","Texas","121","Denton","33.2190736","-97.1962956"
"07/31/2023","AQS","481210034","1","13.9","ug/m3 LC","60","Denton Airport South","1","100.0000","88101","PM2.5 - Local Conditions","209","Met One BAM-1022 Mass Monitor w/ VSCC or TE-PM2.5C","19100","Dallas-Fort Worth-Arlington, TX","48","Texas","121","Denton","33.2190736","-97.1962956"
"08/01/2023","AQS","481210034","1","16.2","ug/m3 LC","64","Denton Airport South","1","100.0000","88101","PM2.5 - Local Conditions","209","Met One BAM-1022 Mass Monitor w/ VSCC or TE-PM2.5C","19100","Dallas-Fort Worth-Arlington, TX","48","Texas","121","Denton","33.2190736","-97.1962956"
"08/02/2023","AQS","481210034","1","9.3","ug/m3 LC","51","Denton Airport South","1","100.0000","88101","PM2.5 - Local Conditions","209","Met One BAM-1022 Mass Monitor w/ VSCC or TE-PM2.5C","19100","Dallas-Fort Worth-Arlington, TX","48","Texas","121","Denton","33.2190736","-97.1962956"
"08/03/2023","AQS","481210034","1","8.3","ug/m3 LC","46","Denton Airport South","1","100.0000","88101","PM2.5 - Local Conditions","209","Met One BAM-1022 Mass Monitor w/ VSCC or TE-PM2.5C","19100","Dallas-Fort Worth-Arlington, TX","48","Texas","121","Denton","33.2190736","-97.1962956"
"08/04/2023","AQS","481210034","1","6.8","ug/m3 LC","38","Denton Airport South","1","100.0000","88101","PM2.5 - Local Conditions","209","Met One BAM-1022 Mass Monitor w/ VSCC or TE-PM2.5C","19100","Dallas-Fort Worth-Arlington, TX","48","Texas","121","Denton","33.2190736","-97.1962956"
"08/05/2023","AQS","481210034","1","9.7","ug/m3 LC","52","Denton Airport South","1","100.0000","88101","PM2.5 - Local Conditions","209","Met One BAM-1022 Mass Monitor w/ VSCC or TE-PM2.5C","19100","Dallas-Fort Worth-Arlington, TX","48","Texas","121","Denton","33.2190736","-97.1962956"
"08/06/2023","AQS","481210034","1","7.9","ug/m3 LC","44","Denton Airport South","1","100.0000","88101","PM2.5 - Local Conditions","209","Met One BAM-1022 Mass Monitor w/ VSCC or TE-PM2.5C","19100","Dallas-Fort Worth-Arlington, TX","48","Texas","121","Denton","33.2190736","-97.1962956"
"08/07/2023","AQS","481210034","1","9.9","ug/m3 LC","52","Denton Airport South","1","100.0000","88101","PM2.5 - Local Conditions","209","Met One BAM-1022 Mass Monitor w/ VSCC or TE-PM2.5C","19100","Dallas-Fort Worth-Arlington, TX","48","Texas","121","Denton","33.2190736","-97.1962956"
"08/08/2023","AQS","481210034","1","10.5","ug/m3 LC","54","Denton Airport South","1","100.0000","88101","PM2.5 - Local Conditions","209","Met One BAM-1022 Mass Monitor w/ VSCC or TE-PM2.5C","19100","Dallas-Fort Worth-Arlington, TX","48","Texas","121","Denton","33.2190736","-97.1962956"
"08/09/2023","AQS","481210034","1","6.3","ug/m3 LC","35","Denton Airport South","1","100.0000","88101","PM2.5 - Local Conditions","209","Met One BAM-1022 Mass Monitor w/ VSCC or TE-PM2.5C","19100","Dallas-Fort Worth-Arlington, TX","48","Texas","121","Denton","33.2190736","-97.1962956"
"08/10/2023","AQS","481210034","1","11.2","ug/m3 LC","55","Denton Airport South","1","100.0000","88101","PM2.5 - Local Conditions","209","Met One BAM-1022 Mass Monitor w/ VSCC or TE-PM2.5C","19100","Dallas-Fort Worth-Arlington, TX","48","Texas","121","Denton","33.2190736","-97.1962956"
"08/11/2023","AQS","481210034","1","9","ug/m3 LC","50","Denton Airport South","1","100.0000","88101","PM2.5 - Local Conditions","209","Met One BAM-1022 Mass Monitor w/ VSCC or TE-PM2.5C","19100","Dallas-Fort Worth-Arlington, TX","48","Texas","121","Denton","33.2190736","-97.1962956"
"08/12/2023","AQS","481210034","1","8.2","ug/m3 LC","46","Denton Airport South","1","100.0000","88101","PM2.5 - Local Conditions","209","Met One BAM-1022 Mass Monitor w/ VSCC or TE-PM2.5C","19100","Dallas-Fort Worth-Arlington, TX","48","Texas","121","Denton","33.2190736","-97.1962956"
"08/13/2023","AQS","481210034","1","8.7","ug/m3 LC","48","Denton Airport South","1","100.0000","88101","PM2.5 - Local Conditions","209","Met One BAM-1022 Mass Monitor w/ VSCC or TE-PM2.5C","19100","Dallas-Fort Worth-Arlington, TX","48","Texas","121","Denton","33.2190736","-97.1962956"
"08/14/2023","AQS","481210034","1","5.5","ug/m3 LC","31","Denton Airport South","1","100.0000","88101","PM2.5 - Local Conditions","209","Met One BAM-1022 Mass Monitor w/ VSCC or TE-PM2.5C","19100","Dallas-Fort Worth-Arlington, TX","48","Texas","121","Denton","33.2190736","-97.1962956"
"08/15/2023","AQS","481210034","1","4","ug/m3 LC","22","Denton Airport South","1","100.0000","88101","PM2.5 - Local Conditions","209","Met One BAM-1022 Mass Monitor w/ VSCC or TE-PM2.5C","19100","Dallas-Fort Worth-Arlington, TX","48","Texas","121","Denton","33.2190736","-97.1962956"
"08/16/2023","AQS","481210034","1","5.2","ug/m3 LC","29","Denton Airport South","1","100.0000","88101","PM2.5 - Local Conditions","209","Met One BAM-1022 Mass Monitor w/ VSCC or TE-PM2.5C","19100","Dallas-Fort Worth-Arlington, TX","48","Texas","121","Denton","33.2190736","-97.1962956"
"08/17/2023","AQS","481210034","1","9.4","ug/m3 LC","52","Denton Airport South","1","100.0000","88101","PM2.5 - Local Conditions","209","Met One BAM-1022 Mass Monitor w/ VSCC or TE-PM2.5C","19100","Dallas-Fort Worth-Arlington, TX","48","Texas","121","Denton","33.2190736","-97.1962956"
"08/18/2023","AQS","481210034","1","9.1","ug/m3 LC","51","Denton Airport South","1","100.0000","88101","PM2.5 - Local Conditions","209","Met One BAM-1022 Mass Monitor w/ VSCC or TE-PM2.5C","19100","Dallas-Fort Worth-Arlington, TX","48","Texas","121","Denton","33.2190736","-97.1962956"
"08/19/2023","AQS","481210034","1","8.7","ug/m3 LC","48","Denton Airport South","1","100.0000","88101","PM2.5 - Local Conditions","209","Met One BAM-1022 Mass Monitor w/ VSCC or TE-PM2.5C","19100","Dallas-Fort Worth-Arlington, TX","48","Texas","121","Denton","33.2190736","-97.1962956"
"08/20/2023","AQS","481210034","1","12.4","ug/m3 LC","57","Denton Airport South","1","100.0000","88101","PM2.5 - Local Conditions","209","Met One BAM-1022 Mass Monitor w/ VSCC or TE-PM2.5C","19100","Dallas-Fort Worth-Arlington, TX","48","Texas","121","Denton","33.2190736","-97.1962956"
"08/21/2023","AQS","481210034","1","20.2","ug/m3 LC","72","Denton Airport South","1","100.0000","88101","PM2.5 - Local Conditions","209","Met One BAM-1022 Mass Monitor w/ VSCC or TE-PM2.5C","19100","Dallas-Fort Worth-Arlington, TX","48","Texas","121","Denton","33.2190736","-97.1962956"
"08/22/2023","AQS","481210034","1","17.6","ug/m3 LC","67","Denton Airport South","1","100.0000","88101","PM2.5 - Local Conditions","209","Met One BAM-1022 Mass Monitor w/ VSCC or TE-PM2.5C","19100","Dallas-Fort Worth-Arlington, TX","48","Texas","121","Denton","33.2190736","-97.1962956"
"08/23/2023","AQS","481210034","1","14.1","ug/m3 LC","60","Denton Airport South","1","100.0000","88101","PM2.5 - Local Conditions","209","Met One BAM-1022 Mass Monitor w/ VSCC or TE-PM2.5C","19100","Dallas-Fort Worth-Arlington, TX","48","Texas","121","Denton","33.2190736","-97.1962956"
"08/24/2023","AQS","481210034","1","18.2","ug/m3 LC","68","Denton Airport South","1","100.0000","88101","PM2.5 - Local Conditions","209","Met One BAM-1022 Mass Monitor w/ VSCC or TE-PM2.5C","19100","Dallas-Fort Worth-Arlington, TX","48","Texas","121","Denton","33.2190736","-97.1962956"
"08/25/2023","AQS","481210034","1","18","ug/m3 LC","68","Denton Airport South","1","100.0000","88101","PM2.5 - Local Conditions","209","Met One BAM-1022 Mass Monitor w/ VSCC or TE-PM2.5C","19100","Dallas-Fort Worth-Arlington, TX","48","Texas","121","Denton","33.2190736","-97.1962956"
"08/26/2023","AQS","481210034","1","17","ug/m3 LC","66","Denton Airport South","1","100.0000","88101","PM2.5 - Local Conditions","209","Met One BAM-1022 Mass Monitor w/ VSCC or TE-PM2.5C","19100","Dallas-Fort Worth-Arlington, TX","48","Texas","121","Denton","33.2190736","-97.1962956"
"08/27/2023","AQS","481210034","1","8.2","ug/m3 LC","46","Denton Airport South","1","100.0000","88101","PM2.5 - Local Conditions","209","Met One BAM-1022 Mass Monitor w/ VSCC or TE-PM2.5C","19100","Dallas-Fort Worth-Arlington, TX","48","Texas","121","Denton","33.2190736","-97.1962956"
"08/29/2023","AQS","481210034","1","14.3","ug/m3 LC","61","Denton Airport South","1","100.0000","88101","PM2.5 - Local Conditions","209","Met One BAM-1022 Mass Monitor w/ VSCC or TE-PM2.5C","19100","Dallas-Fort Worth-Arlington, TX","48","Texas","121","Denton","33.2190736","-97.1962956"
"08/30/2023","AQS","481210034","1","17.1","ug/m3 LC","66","Denton Airport South","1","100.0000","88101","PM2.5 - Local Conditions","209","Met One BAM-1022 Mass Monitor w/ VSCC or TE-PM2.5C","19100","Dallas-Fort Worth-Arlington, TX","48","Texas","121","Denton","33.2190736","-97.1962956"
"09/01/2023","AQS","481210034","1","13.6","ug/m3 LC","59","Denton Airport South","1","100.0000","88101","PM2.5 - Local Conditions","209","Met One BAM-1022 Mass Monitor w/ VSCC or TE-PM2.5C","19100","Dallas-Fort Worth-Arlington, TX","48","Texas","121","Denton","33.2190736","-97.1962956"
"09/02/2023","AQS","481210034","1","11.5","ug/m3 LC","55","Denton Airport South","1","100.0000","88101","PM2.5 - Local Conditions","209","Met One BAM-1022 Mass Monitor w/ VSCC or TE-PM2.5C","19100","Dallas-Fort Worth-Arlington, TX","48","Texas","121","Denton","33.2190736","-97.1962956"
"09/03/2023","AQS","481210034","1","11.9","ug/m3 LC","56","Denton Airport South","1","100.0000","88101","PM2.5 - Local Conditions","209","Met One BAM-1022 Mass Monitor w/ VSCC or TE-PM2.5C","19100","Dallas-Fort Worth-Arlington, TX","48","Texas","121","Denton","33.2190736","-97.1962956"
"09/04/2023","AQS","481210034","1","9.9","ug/m3 LC","52","Denton Airport South","1","100.0000","88101","PM2.5 - Local Conditions","209","Met One BAM-1022 Mass Monitor w/ VSCC or TE-PM2.5C","19100","Dallas-Fort Worth-Arlington, TX","48","Texas","121","Denton","33.2190736","-97.1962956"
"09/05/2023","AQS","481210034","1","7.7","ug/m3 LC","43","Denton Airport South","1","100.0000","88101","PM2.5 - Local Conditions","209","Met One BAM-1022 Mass Monitor w/ VSCC or TE-PM2.5C","19100","Dallas-Fort Worth-Arlington, TX","48","Texas","121","Denton","33.2190736","-97.1962956"
"09/06/2023","AQS","481210034","1","9.7","ug/m3 LC","52","Denton Airport South","1","100.0000","88101","PM2.5 - Local Conditions","209","Met One BAM-1022 Mass Monitor w/ VSCC or TE-PM2.5C","19100","Dallas-Fort Worth-Arlington, TX","48","Texas","121","Denton","33.2190736","-97.1962956"
"09/07/2023","AQS","481210034","1","13.4","ug/m3 LC","59","Denton Airport South","1","100.0000","88101","PM2.5 - Local Conditions","209","Met One BAM-1022 Mass Monitor w/ VSCC or TE-PM2.5C","19100","Dallas-Fort Worth-Arlington, TX","48","Texas","121","Denton","33.2190736","-97.1962956"
"09/08/2023","AQS","481210034","1","7.3","ug/m3 LC","41","Denton Airport South","1","100.0000","88101","PM2.5 - Local Conditions","209","Met One BAM-1022 Mass Monitor w/ VSCC or TE-PM2.5C","19100","Dallas-Fort Worth-Arlington, TX","48","Texas","121","Denton","33.2190736","-97.1962956"
"09/09/2023","AQS","481210034","1","9.5","ug/m3 LC","52","Denton Airport South","1","100.0000","88101","PM2.5 - Local Conditions","209","Met One BAM-1022 Mass Monitor w/ VSCC or TE-PM2.5C","19100","Dallas-Fort Worth-Arlington, TX","48","Texas","121","Denton","33.2190736","-97.1962956"
"09/10/2023","AQS","481210034","1","12","ug/m3 LC","56","Denton Airport South","1","100.0000","88101","PM2.5 - Local Conditions","209","Met One BAM-1022 Mass Monitor w/ VSCC or TE-PM2.5C","19100","Dallas-Fort Worth-Arlington, TX","48","Texas","121","Denton","33.2190736","-97.1962956"
"09/11/2023","AQS","481210034","1","10.2","ug/m3 LC","53","Denton Airport South","1","100.0000","88101","PM2.5 - Local Conditions","209","Met One BAM-1022 Mass Monitor w/ VSCC or TE-PM2.5C","19100","Dallas-Fort Worth-Arlington, TX","48","Texas","121","Denton","33.2190736","-97.1962956"
"09/12/2023","AQS","481210034","1","9.4","ug/m3 LC","52","Denton Airport South","1","100.0000","88101","PM2.5 - Local Conditions","209","Met One BAM-1022 Mass Monitor w/ VSCC or TE-PM2.5C","19100","Dallas-Fort Worth-Arlington, TX","48","Texas","121","Denton","33.2190736","-97.1962956"
"09/13/2023","AQS","481210034","1","10.3","ug/m3 LC","53","Denton Airport South","1","100.0000","88101","PM2.5 - Local Conditions","209","Met One BAM-1022 Mass Monitor w/ VSCC or TE-PM2.5C","19100","Dallas-Fort Worth-Arlington, TX","48","Texas","121","Denton","33.2190736","-97.1962956"
"09/14/2023","AQS","481210034","1","12.2","ug/m3 LC","57","Denton Airport South","1","100.0000","88101","PM2.5 - Local Conditions","209","Met One BAM-1022 Mass Monitor w/ VSCC or TE-PM2.5C","19100","Dallas-Fort Worth-Arlington, TX","48","Texas","121","Denton","33.2190736","-97.1962956"
"09/15/2023","AQS","481210034","1","9.2","ug/m3 LC","51","Denton Airport South","1","100.0000","88101","PM2.5 - Local Conditions","209","Met One BAM-1022 Mass Monitor w/ VSCC or TE-PM2.5C","19100","Dallas-Fort Worth-Arlington, TX","48","Texas","121","Denton","33.2190736","-97.1962956"
"09/16/2023","AQS","481210034","1","7.5","ug/m3 LC","42","Denton Airport South","1","100.0000","88101","PM2.5 - Local Conditions","209","Met One BAM-1022 Mass Monitor w/ VSCC or TE-PM2.5C","19100","Dallas-Fort Worth-Arlington, TX","48","Texas","121","Denton","33.2190736","-97.1962956"
"09/17/2023","AQS","481210034","1","6.6","ug/m3 LC","37","Denton Airport South","1","100.0000","88101","PM2.5 - Local Conditions","209","Met One BAM-1022 Mass Monitor w/ VSCC or TE-PM2.5C","19100","Dallas-Fort Worth-Arlington, TX","48","Texas","121","Denton","33.2190736","-97.1962956"
"09/18/2023","AQS","481210034","1","6.3","ug/m3 LC","35","Denton Airport South","1","100.0000","88101","PM2.5 - Local Conditions","209","Met One BAM-1022 Mass Monitor w/ VSCC or TE-PM2.5C","19100","Dallas-Fort Worth-Arlington, TX","48","Texas","121","Denton","33.2190736","-97.1962956"
"09/19/2023","AQS","481210034","1","10.1","ug/m3 LC","53","Denton Airport South","1","100.0000","88101","PM2.5 - Local Conditions","209","Met One BAM-1022 Mass Monitor w/ VSCC or TE-PM2.5C","19100","Dallas-Fort Worth-Arlington, TX","48","Texas","121","Denton","33.2190736","-97.1962956"
"09/20/2023","AQS","481210034","1","9.7","ug/m3 LC","52","Denton Airport South","1","100.0000","88101","PM2.5 - Local Conditions","209","Met One BAM-1022 Mass Monitor w/ VSCC or TE-PM2.5C","19100","Dallas-Fort Worth-Arlington, TX","48","Texas","121","Denton","33.2190736","-97.1962956"
"09/21/2023","AQS","481210034","1","5.6","ug/m3 LC","31","Denton Airport South","1","100.0000","88101","PM2.5 - Local Conditions","209","Met One BAM-1022 Mass Monitor w/ VSCC or TE-PM2.5C","19100","Dallas-Fort Worth-Arlington, TX","48","Texas","121","Denton","33.2190736","-97.1962956"
"09/22/2023","AQS","481210034","1","5.5","ug/m3 LC","31","Denton Airport South","1","100.0000","88101","PM2.5 - Local Conditions","209","Met One BAM-1022 Mass Monitor w/ VSCC or TE-PM2.5C","19100","Dallas-Fort Worth-Arlington, TX","48","Texas","121","Denton","33.2190736","-97.1962956"
"09/23/2023","AQS","481210034","1","7.5","ug/m3 LC","42","Denton Airport South","1","100.0000","88101","PM2.5 - Local Conditions","209","Met One BAM-1022 Mass Monitor w/ VSCC or TE-PM2.5C","19100","Dallas-Fort Worth-Arlington, TX","48","Texas","121","Denton","33.2190736","-97.1962956"
"09/24/2023","AQS","481210034","1","5.7","ug/m3 LC","32","Denton Airport South","1","100.0000","88101","PM2.5 - Local Conditions","209","Met One BAM-1022 Mass Monitor w/ VSCC or TE-PM2.5C","19100","Dallas-Fort Worth-Arlington, TX","48","Texas","121","Denton","33.2190736","-97.1962956"
"09/25/2023","AQS","481210034","1","4.3","ug/m3 LC","24","Denton Airport South","1","100.0000","88101","PM2.5 - Local Conditions","209","Met One BAM-1022 Mass Monitor w/ VSCC or TE-PM2.5C","19100","Dallas-Fort Worth-Arlington, TX","48","Texas","121","Denton","33.2190736","-97.1962956"
"09/26/2023","AQS","481210034","1","6","ug/m3 LC","33","Denton Airport South","1","100.0000","88101","PM2.5 - Local Conditions","209","Met One BAM-1022 Mass Monitor w/ VSCC or TE-PM2.5C","19100","Dallas-Fort Worth-Arlington, TX","48","Texas","121","Denton","33.2190736","-97.1962956"
"09/27/2023","AQS","481210034","1","9.9","ug/m3 LC","52","Denton Airport South","1","100.0000","88101","PM2.5 - Local Conditions","209","Met One BAM-1022 Mass Monitor w/ VSCC or TE-PM2.5C","19100","Dallas-Fort Worth-Arlington, TX","48","Texas","121","Denton","33.2190736","-97.1962956"
"09/28/2023","AQS","481210034","1","11","ug/m3 LC","55","Denton Airport South","1","100.0000","88101","PM2.5 - Local Conditions","209","Met One BAM-1022 Mass Monitor w/ VSCC or TE-PM2.5C","19100","Dallas-Fort Worth-Arlington, TX","48","Texas","121","Denton","33.2190736","-97.1962956"
"09/29/2023","AQS","481210034","1","12","ug/m3 LC","56","Denton Airport South","1","100.0000","88101","PM2.5 - Local Conditions","209","Met One BAM-1022 Mass Monitor w/ VSCC or TE-PM2.5C","19100","Dallas-Fort Worth-Arlington, TX","48","Texas","121","Denton","33.2190736","-97.1962956"
"09/30/2023","AQS","481210034","1","7.9","ug/m3 LC","44","Denton Airport South","1","100.0000","88101","PM2.5 - Local Conditions","209","Met One BAM-1022 Mass Monitor w/ VSCC or TE-PM2.5C","19100","Dallas-Fort Worth-Arlington, TX","48","Texas","121","Denton","33.2190736","-97.1962956"
"10/01/2023","AQS","481210034","1","8.5","ug/m3 LC","47","Denton Airport South","1","100.0000","88101","PM2.5 - Local Conditions","209","Met One BAM-1022 Mass Monitor w/ VSCC or TE-PM2.5C","19100","Dallas-Fort Worth-Arlington, TX","48","Texas","121","Denton","33.2190736","-97.1962956"
"10/02/2023","AQS","481210034","1","12.3","ug/m3 LC","57","Denton Airport South","1","100.0000","88101","PM2.5 - Local Conditions","209","Met One BAM-1022 Mass Monitor w/ VSCC or TE-PM2.5C","19100","Dallas-Fort Worth-Arlington, TX","48","Texas","121","Denton","33.2190736","-97.1962956"
"10/03/2023","AQS","481210034","1","8.2","ug/m3 LC","46","Denton Airport South","1","100.0000","88101","PM2.5 - Local Conditions","209","Met One BAM-1022 Mass Monitor w/ VSCC or TE-PM2.5C","19100","Dallas-Fort Worth-Arlington, TX","48","Texas","121","Denton","33.2190736","-97.1962956"
"10/04/2023","AQS","481210034","1","5.3","ug/m3 LC","29","Denton Airport South","1","100.0000","88101","PM2.5 - Local Conditions","209","Met One BAM-1022 Mass Monitor w/ VSCC or TE-PM2.5C","19100","Dallas-Fort Worth-Arlington, TX","48","Texas","121","Denton","33.2190736","-97.1962956"
"10/05/2023","AQS","481210034","1","3.2","ug/m3 LC","18","Denton Airport South","1","100.0000","88101","PM2.5 - Local Conditions","209","Met One BAM-1022 Mass Monitor w/ VSCC or TE-PM2.5C","19100","Dallas-Fort Worth-Arlington, TX","48","Texas","121","Denton","33.2190736","-97.1962956"
"10/06/2023","AQS","481210034","1","2.4","ug/m3 LC","13","Denton Airport South","1","100.0000","88101","PM2.5 - Local Conditions","209","Met One BAM-1022 Mass Monitor w/ VSCC or TE-PM2.5C","19100","Dallas-Fort Worth-Arlington, TX","48","Texas","121","Denton","33.2190736","-97.1962956"
"10/07/2023","AQS","481210034","1","2.3","ug/m3 LC","13","Denton Airport South","1","100.0000","88101","PM2.5 - Local Conditions","209","Met One BAM-1022 Mass Monitor w/ VSCC or TE-PM2.5C","19100","Dallas-Fort Worth-Arlington, TX","48","Texas","121","Denton","33.2190736","-97.1962956"
"10/08/2023","AQS","481210034","1","3.8","ug/m3 LC","21","Denton Airport South","1","100.0000","88101","PM2.5 - Local Conditions","209","Met One BAM-1022 Mass Monitor w/ VSCC or TE-PM2.5C","19100","Dallas-Fort Worth-Arlington, TX","48","Texas","121","Denton","33.2190736","-97.1962956"
"10/09/2023","AQS","481210034","1","4","ug/m3 LC","22","Denton Airport South","1","100.0000","88101","PM2.5 - Local Conditions","209","Met One BAM-1022 Mass Monitor w/ VSCC or TE-PM2.5C","19100","Dallas-Fort Worth-Arlington, TX","48","Texas","121","Denton","33.2190736","-97.1962956"
"10/10/2023","AQS","481210034","1","4.5","ug/m3 LC","25","Denton Airport South","1","100.0000","88101","PM2.5 - Local Conditions","209","Met One BAM-1022 Mass Monitor w/ VSCC or TE-PM2.5C","19100","Dallas-Fort Worth-Arlington, TX","48","Texas","121","Denton","33.2190736","-97.1962956"
"10/11/2023","AQS","481210034","1","4.2","ug/m3 LC","23","Denton Airport South","1","100.0000","88101","PM2.5 - Local Conditions","209","Met One BAM-1022 Mass Monitor w/ VSCC or TE-PM2.5C","19100","Dallas-Fort Worth-Arlington, TX","48","Texas","121","Denton","33.2190736","-97.1962956"
"10/12/2023","AQS","481210034","1","7.2","ug/m3 LC","40","Denton Airport South","1","100.0000","88101","PM2.5 - Local Conditions","209","Met One BAM-1022 Mass Monitor w/ VSCC or TE-PM2.5C","19100","Dallas-Fort Worth-Arlington, TX","48","Texas","121","Denton","33.2190736","-97.1962956"
"10/13/2023","AQS","481210034","1","2.5","ug/m3 LC","14","Denton Airport South","1","100.0000","88101","PM2.5 - Local Conditions","209","Met One BAM-1022 Mass Monitor w/ VSCC or TE-PM2.5C","19100","Dallas-Fort Worth-Arlington, TX","48","Texas","121","Denton","33.2190736","-97.1962956"
"10/14/2023","AQS","481210034","1","1.5","ug/m3 LC","8","Denton Airport South","1","100.0000","88101","PM2.5 - Local Conditions","209","Met One BAM-1022 Mass Monitor w/ VSCC or TE-PM2.5C","19100","Dallas-Fort Worth-Arlington, TX","48","Texas","121","Denton","33.2190736","-97.1962956"
"10/15/2023","AQS","481210034","1","0.7","ug/m3 LC","4","Denton Airport South","1","100.0000","88101","PM2.5 - Local Conditions","209","Met One BAM-1022 Mass Monitor w/ VSCC or TE-PM2.5C","19100","Dallas-Fort Worth-Arlington, TX","48","Texas","121","Denton","33.2190736","-97.1962956"
"10/16/2023","AQS","481210034","1","2.2","ug/m3 LC","12","Denton Airport South","1","100.0000","88101","PM2.5 - Local Conditions","209","Met One BAM-1022 Mass Monitor w/ VSCC or TE-PM2.5C","19100","Dallas-Fort Worth-Arlington, TX","48","Texas","121","Denton","33.2190736","-97.1962956"
"10/17/2023","AQS","481210034","1","3.4","ug/m3 LC","19","Denton Airport South","1","100.0000","88101","PM2.5 - Local Conditions","209","Met One BAM-1022 Mass Monitor w/ VSCC or TE-PM2.5C","19100","Dallas-Fort Worth-Arlington, TX","48","Texas","121","Denton","33.2190736","-97.1962956"
"10/18/2023","AQS","481210034","1","5.8","ug/m3 LC","32","Denton Airport South","1","100.0000","88101","PM2.5 - Local Conditions","209","Met One BAM-1022 Mass Monitor w/ VSCC or TE-PM2.5C","19100","Dallas-Fort Worth-Arlington, TX","48","Texas","121","Denton","33.2190736","-97.1962956"
"10/19/2023","AQS","481210034","1","3.5","ug/m3 LC","19","Denton Airport South","1","100.0000","88101","PM2.5 - Local Conditions","209","Met One BAM-1022 Mass Monitor w/ VSCC or TE-PM2.5C","19100","Dallas-Fort Worth-Arlington, TX","48","Texas","121","Denton","33.2190736","-97.1962956"
"10/20/2023","AQS","481210034","1","3.2","ug/m3 LC","18","Denton Airport South","1","100.0000","88101","PM2.5 - Local Conditions","209","Met One BAM-1022 Mass Monitor w/ VSCC or TE-PM2.5C","19100","Dallas-Fort Worth-Arlington, TX","48","Texas","121","Denton","33.2190736","-97.1962956"
"10/21/2023","AQS","481210034","1","5.6","ug/m3 LC","31","Denton Airport South","1","100.0000","88101","PM2.5 - Local Conditions","209","Met One BAM-1022 Mass Monitor w/ VSCC or TE-PM2.5C","19100","Dallas-Fort Worth-Arlington, TX","48","Texas","121","Denton","33.2190736","-97.1962956"
"10/22/2023","AQS","481210034","1","7.4","ug/m3 LC","41","Denton Airport South","1","100.0000","88101","PM2.5 - Local Conditions","209","Met One BAM-1022 Mass Monitor w/ VSCC or TE-PM2.5C","19100","Dallas-Fort Worth-Arlington, TX","48","Texas","121","Denton","33.2190736","-97.1962956"
"10/23/2023","AQS","481210034","1","5.2","ug/m3 LC","29","Denton Airport South","1","100.0000","88101","PM2.5 - Local Conditions","209","Met One BAM-1022 Mass Monitor w/ VSCC or TE-PM2.5C","19100","Dallas-Fort Worth-Arlington, TX","48","Texas","121","Denton","33.2190736","-97.1962956"
"10/24/2023","AQS","481210034","1","6.7","ug/m3 LC","37","Denton Airport South","1","100.0000","88101","PM2.5 - Local Conditions","209","Met One BAM-1022 Mass Monitor w/ VSCC or TE-PM2.5C","19100","Dallas-Fort Worth-Arlington, TX","48","Texas","121","Denton","33.2190736","-97.1962956"
"10/25/2023","AQS","481210034","1","6","ug/m3 LC","33","Denton Airport South","1","100.0000","88101","PM2.5 - Local Conditions","209","Met One BAM-1022 Mass Monitor w/ VSCC or TE-PM2.5C","19100","Dallas-Fort Worth-Arlington, TX","48","Texas","121","Denton","33.2190736","-97.1962956"
"10/26/2023","AQS","481210034","1","3.6","ug/m3 LC","20","Denton Airport South","1","100.0000","88101","PM2.5 - Local Conditions","209","Met One BAM-1022 Mass Monitor w/ VSCC or TE-PM2.5C","19100","Dallas-Fort Worth-Arlington, TX","48","Texas","121","Denton","33.2190736","-97.1962956"
"10/27/2023","AQS","481210034","1","5.8","ug/m3 LC","32","Denton Airport South","1","100.0000","88101","PM2.5 - Local Conditions","209","Met One BAM-1022 Mass Monitor w/ VSCC or TE-PM2.5C","19100","Dallas-Fort Worth-Arlington, TX","48","Texas","121","Denton","33.2190736","-97.1962956"
"10/28/2023","AQS","481210034","1","2","ug/m3 LC","11","Denton Airport South","1","100.0000","88101","PM2.5 - Local Conditions","209","Met One BAM-1022 Mass Monitor w/ VSCC or TE-PM2.5C","19100","Dallas-Fort Worth-Arlington, TX","48","Texas","121","Denton","33.2190736","-97.1962956"
"10/29/2023","AQS","481210034","1","1.1","ug/m3 LC","6","Denton Airport South","1","100.0000","88101","PM2.5 - Local Conditions","209","Met One BAM-1022 Mass Monitor w/ VSCC or TE-PM2.5C","19100","Dallas-Fort Worth-Arlington, TX","48","Texas","121","Denton","33.2190736","-97.1962956"
"10/30/2023","AQS","481210034","1","2.7","ug/m3 LC","15","Denton Airport South","1","100.0000","88101","PM2.5 - Local Conditions","209","Met One BAM-1022 Mass Monitor w/ VSCC or TE-PM2.5C","19100","Dallas-Fort Worth-Arlington, TX","48","Texas","121","Denton","33.2190736","-97.1962956"
"10/31/2023","AQS","481210034","1","3.8","ug/m3 LC","21","Denton Airport South","1","100.0000","88101","PM2.5 - Local Conditions","209","Met One BAM-1022 Mass Monitor w/ VSCC or TE-PM2.5C","19100","Dallas-Fort Worth-Arlington, TX","48","Texas","121","Denton","33.2190736","-97.1962956"
"11/01/2023","AQS","481210034","1","5.6","ug/m3 LC","31","Denton Airport South","1","100.0000","88101","PM2.5 - Local Conditions","209","Met One BAM-1022 Mass Monitor w/ VSCC or TE-PM2.5C","19100","Dallas-Fort Worth-Arlington, TX","48","Texas","121","Denton","33.2190736","-97.1962956"
"11/02/2023","AQS","481210034","1","7.5","ug/m3 LC","42","Denton Airport South","1","100.0000","88101","PM2.5 - Local Conditions","209","Met One BAM-1022 Mass Monitor w/ VSCC or TE-PM2.5C","19100","Dallas-Fort Worth-Arlington, TX","48","Texas","121","Denton","33.2190736","-97.1962956"
"11/03/2023","AQS","481210034","1","9","ug/m3 LC","50","Denton Airport South","1","100.0000","88101","PM2.5 - Local Conditions","209","Met One BAM-1022 Mass Monitor w/ VSCC or TE-PM2.5C","19100","Dallas-Fort Worth-Arlington, TX","48","Texas","121","Denton","33.2190736","-97.1962956"
"11/04/2023","AQS","481210034","1","10.3","ug/m3 LC","53","Denton Airport South","1","100.0000","88101","PM2.5 - Local Conditions","209","Met One BAM-1022 Mass Monitor w/ VSCC or TE-PM2.5C","19100","Dallas-Fort Worth-Arlington, TX","48","Texas","121","Denton","33.2190736","-97.1962956"
"11/05/2023","AQS","481210034","1","7","ug/m3 LC","39","Denton Airport South","1","100.0000","88101","PM2.5 - Local Conditions","209","Met One BAM-1022 Mass Monitor w/ VSCC or TE-PM2.5C","19100","Dallas-Fort Worth-Arlington, TX","48","Texas","121","Denton","33.2190736","-97.1962956"
"11/06/2023","AQS","481210034","1","4.7","ug/m3 LC","26","Denton Airport South","1","100.0000","88101","PM2.5 - Local Conditions","209","Met One BAM-1022 Mass Monitor w/ VSCC or TE-PM2.5C","19100","Dallas-Fort Worth-Arlington, TX","48","Texas","121","Denton","33.2190736","-97.1962956"
"11/07/2023","AQS","481210034","1","5","ug/m3 LC","28","Denton Airport South","1","100.0000","88101","PM2.5 - Local Conditions","209","Met One BAM-1022 Mass Monitor w/ VSCC or TE-PM2.5C","19100","Dallas-Fort Worth-Arlington, TX","48","Texas","121","Denton","33.2190736","-97.1962956"
"11/08/2023","AQS","481210034","1","5.3","ug/m3 LC","29","Denton Airport South","1","100.0000","88101","PM2.5 - Local Conditions","209","Met One BAM-1022 Mass Monitor w/ VSCC or TE-PM2.5C","19100","Dallas-Fort Worth-Arlington, TX","48","Texas","121","Denton","33.2190736","-97.1962956"
"11/09/2023","AQS","481210034","1","4.2","ug/m3 LC","23","Denton Airport South","1","100.0000","88101","PM2.5 - Local Conditions","209","Met One BAM-1022 Mass Monitor w/ VSCC or TE-PM2.5C","19100","Dallas-Fort Worth-Arlington, TX","48","Texas","121","Denton","33.2190736","-97.1962956"
"11/10/2023","AQS","481210034","1","3.9","ug/m3 LC","22","Denton Airport South","1","100.0000","88101","PM2.5 - Local Conditions","209","Met One BAM-1022 Mass Monitor w/ VSCC or TE-PM2.5C","19100","Dallas-Fort Worth-Arlington, TX","48","Texas","121","Denton","33.2190736","-97.1962956"
"11/11/2023","AQS","481210034","1","5.2","ug/m3 LC","29","Denton Airport South","1","100.0000","88101","PM2.5 - Local Conditions","209","Met One BAM-1022 Mass Monitor w/ VSCC or TE-PM2.5C","19100","Dallas-Fort Worth-Arlington, TX","48","Texas","121","Denton","33.2190736","-97.1962956"
"11/12/2023","AQS","481210034","1","8.1","ug/m3 LC","45","Denton Airport South","1","100.0000","88101","PM2.5 - Local Conditions","209","Met One BAM-1022 Mass Monitor w/ VSCC or TE-PM2.5C","19100","Dallas-Fort Worth-Arlington, TX","48","Texas","121","Denton","33.2190736","-97.1962956"
"11/13/2023","AQS","481210034","1","7.5","ug/m3 LC","42","Denton Airport South","1","100.0000","88101","PM2.5 - Local Conditions","209","Met One BAM-1022 Mass Monitor w/ VSCC or TE-PM2.5C","19100","Dallas-Fort Worth-Arlington, TX","48","Texas","121","Denton","33.2190736","-97.1962956"
"11/14/2023","AQS","481210034","1","7.2","ug/m3 LC","40","Denton Airport South","1","100.0000","88101","PM2.5 - Local Conditions","209","Met One BAM-1022 Mass Monitor w/ VSCC or TE-PM2.5C","19100","Dallas-Fort Worth-Arlington, TX","48","Texas","121","Denton","33.2190736","-97.1962956"
"11/15/2023","AQS","481210034","1","9.2","ug/m3 LC","51","Denton Airport South","1","100.0000","88101","PM2.5 - Local Conditions","209","Met One BAM-1022 Mass Monitor w/ VSCC or TE-PM2.5C","19100","Dallas-Fort Worth-Arlington, TX","48","Texas","121","Denton","33.2190736","-97.1962956"
"11/16/2023","AQS","481210034","1","10.1","ug/m3 LC","53","Denton Airport South","1","100.0000","88101","PM2.5 - Local Conditions","209","Met One BAM-1022 Mass Monitor w/ VSCC or TE-PM2.5C","19100","Dallas-Fort Worth-Arlington, TX","48","Texas","121","Denton","33.2190736","-97.1962956"
"11/17/2023","AQS","481210034","1","10","ug/m3 LC","53","Denton Airport South","1","100.0000","88101","PM2.5 - Local Conditions","209","Met One BAM-1022 Mass Monitor w/ VSCC or TE-PM2.5C","19100","Dallas-Fort Worth-Arlington, TX","48","Texas","121","Denton","33.2190736","-97.1962956"
"11/18/2023","AQS","481210034","1","7.1","ug/m3 LC","39","Denton Airport South","1","100.0000","88101","PM2.5 - Local Conditions","209","Met One BAM-1022 Mass Monitor w/ VSCC or TE-PM2.5C","19100","Dallas-Fort Worth-Arlington, TX","48","Texas","121","Denton","33.2190736","-97.1962956"
"11/19/2023","AQS","481210034","1","14.1","ug/m3 LC","60","Denton Airport South","1","100.0000","88101","PM2.5 - Local Conditions","209","Met One BAM-1022 Mass Monitor w/ VSCC or TE-PM2.5C","19100","Dallas-Fort Worth-Arlington, TX","48","Texas","121","Denton","33.2190736","-97.1962956"
"11/20/2023","AQS","481210034","1","6.1","ug/m3 LC","34","Denton Airport South","1","100.0000","88101","PM2.5 - Local Conditions","209","Met One BAM-1022 Mass Monitor w/ VSCC or TE-PM2.5C","19100","Dallas-Fort Worth-Arlington, TX","48","Texas","121","Denton","33.2190736","-97.1962956"
"11/21/2023","AQS","481210034","1","3.5","ug/m3 LC","19","Denton Airport South","1","100.0000","88101","PM2.5 - Local Conditions","209","Met One BAM-1022 Mass Monitor w/ VSCC or TE-PM2.5C","19100","Dallas-Fort Worth-Arlington, TX","48","Texas","121","Denton","33.2190736","-97.1962956"
"11/22/2023","AQS","481210034","1","3.2","ug/m3 LC","18","Denton Airport South","1","100.0000","88101","PM2.5 - Local Conditions","209","Met One BAM-1022 Mass Monitor w/ VSCC or TE-PM2.5C","19100","Dallas-Fort Worth-Arlington, TX","48","Texas","121","Denton","33.2190736","-97.1962956"
"11/23/2023","AQS","481210034","1","6.1","ug/m3 LC","34","Denton Airport South","1","100.0000","88101","PM2.5 - Local Conditions","209","Met One BAM-1022 Mass Monitor w/ VSCC or TE-PM2.5C","19100","Dallas-Fort Worth-Arlington, TX","48","Texas","121","Denton","33.2190736","-97.1962956"
"11/24/2023","AQS","481210034","1","8","ug/m3 LC","44","Denton Airport South","1","100.0000","88101","PM2.5 - Local Conditions","209","Met One BAM-1022 Mass Monitor w/ VSCC or TE-PM2.5C","19100","Dallas-Fort Worth-Arlington, TX","48","Texas","121","Denton","33.2190736","-97.1962956"
"11/25/2023","AQS","481210034","1","10.7","ug/m3 LC","54","Denton Airport South","1","100.0000","88101","PM2.5 - Local Conditions","209","Met One BAM-1022 Mass Monitor w/ VSCC or TE-PM2.5C","19100","Dallas-Fort Worth-Arlington, TX","48","Texas","121","Denton","33.2190736","-97.1962956"
"11/26/2023","AQS","481210034","1","2.5","ug/m3 LC","14","Denton Airport South","1","100.0000","88101","PM2.5 - Local Conditions","209","Met One BAM-1022 Mass Monitor w/ VSCC or TE-PM2.5C","19100","Dallas-Fort Worth-Arlington, TX","48","Texas","121","Denton","33.2190736","-97.1962956"
"11/27/2023","AQS","481210034","1","3.5","ug/m3 LC","19","Denton Airport South","1","100.0000","88101","PM2.5 - Local Conditions","209","Met One BAM-1022 Mass Monitor w/ VSCC or TE-PM2.5C","19100","Dallas-Fort Worth-Arlington, TX","48","Texas","121","Denton","33.2190736","-97.1962956"
"11/28/2023","AQS","481210034","1","5","ug/m3 LC","28","Denton Airport South","1","100.0000","88101","PM2.5 - Local Conditions","209","Met One BAM-1022 Mass Monitor w/ VSCC or TE-PM2.5C","19100","Dallas-Fort Worth-Arlington, TX","48","Texas","121","Denton","33.2190736","-97.1962956"
"11/29/2023","AQS","481210034","1","6.6","ug/m3 LC","37","Denton Airport South","1","100.0000","88101","PM2.5 - Local Conditions","209","Met One BAM-1022 Mass Monitor w/ VSCC or TE-PM2.5C","19100","Dallas-Fort Worth-Arlington, TX","48","Texas","121","Denton","33.2190736","-97.1962956"
"11/30/2023","AQS","481210034","1","10.2","ug/m3 LC","53","Denton Airport South","1","100.0000","88101","PM2.5 - Local Conditions","209","Met One BAM-1022 Mass Monitor w/ VSCC or TE-PM2.5C","19100","Dallas-Fort Worth-Arlington, TX","48","Texas","121","Denton","33.2190736","-97.1962956"
"12/01/2023","AQS","481210034","1","4","ug/m3 LC","22","Denton Airport South","1","100.0000","88101","PM2.5 - Local Conditions","209","Met One BAM-1022 Mass Monitor w/ VSCC or TE-PM2.5C","19100","Dallas-Fort Worth-Arlington, TX","48","Texas","121","Denton","33.2190736","-97.1962956"
"12/02/2023","AQS","481210034","1","5.7","ug/m3 LC","32","Denton Airport South","1","100.0000","88101","PM2.5 - Local Conditions","209","Met One BAM-1022 Mass Monitor w/ VSCC or TE-PM2.5C","19100","Dallas-Fort Worth-Arlington, TX","48","Texas","121","Denton","33.2190736","-97.1962956"
"12/03/2023","AQS","481210034","1","2.5","ug/m3 LC","14","Denton Airport South","1","100.0000","88101","PM2.5 - Local Conditions","209","Met One BAM-1022 Mass Monitor w/ VSCC or TE-PM2.5C","19100","Dallas-Fort Worth-Arlington, TX","48","Texas","121","Denton","33.2190736","-97.1962956"
"12/04/2023","AQS","481210034","1","1.9","ug/m3 LC","11","Denton Airport South","1","100.0000","88101","PM2.5 - Local Conditions","209","Met One BAM-1022 Mass Monitor w/ VSCC or TE-PM2.5C","19100","Dallas-Fort Worth-Arlington, TX","48","Texas","121","Denton","33.2190736","-97.1962956"
"12/05/2023","AQS","481210034","1","4.3","ug/m3 LC","24","Denton Airport South","1","100.0000","88101","PM2.5 - Local Conditions","209","Met One BAM-1022 Mass Monitor w/ VSCC or TE-PM2.5C","19100","Dallas-Fort Worth-Arlington, TX","48","Texas","121","Denton","33.2190736","-97.1962956"
"12/06/2023","AQS","481210034","1","4.5","ug/m3 LC","25","Denton Airport South","1","100.0000","88101","PM2.5 - Local Conditions","209","Met One BAM-1022 Mass Monitor w/ VSCC or TE-PM2.5C","19100","Dallas-Fort Worth-Arlington, TX","48","Texas","121","Denton","33.2190736","-97.1962956"
"12/07/2023","AQS","481210034","1","5.6","ug/m3 LC","31","Denton Airport South","1","100.0000","88101","PM2.5 - Local Conditions","209","Met One BAM-1022 Mass Monitor w/ VSCC or TE-PM2.5C","19100","Dallas-Fort Worth-Arlington, TX","48","Texas","121","Denton","33.2190736","-97.1962956"
"12/08/2023","AQS","481210034","1","3.4","ug/m3 LC","19","Denton Airport South","1","100.0000","88101","PM2.5 - Local Conditions","209","Met One BAM-1022 Mass Monitor w/ VSCC or TE-PM2.5C","19100","Dallas-Fort Worth-Arlington, TX","48","Texas","121","Denton","33.2190736","-97.1962956"
"12/09/2023","AQS","481210034","1","0.6","ug/m3 LC","3","Denton Airport South","1","100.0000","88101","PM2.5 - Local Conditions","209","Met One BAM-1022 Mass Monitor w/ VSCC or TE-PM2.5C","19100","Dallas-Fort Worth-Arlington, TX","48","Texas","121","Denton","33.2190736","-97.1962956"
"12/10/2023","AQS","481210034","1","2","ug/m3 LC","11","Denton Airport South","1","100.0000","88101","PM2.5 - Local Conditions","209","Met One BAM-1022 Mass Monitor w/ VSCC or TE-PM2.5C","19100","Dallas-Fort Worth-Arlington, TX","48","Texas","121","Denton","33.2190736","-97.1962956"
"12/11/2023","AQS","481210034","1","5.5","ug/m3 LC","31","Denton Airport South","1","100.0000","88101","PM2.5 - Local Conditions","209","Met One BAM-1022 Mass Monitor w/ VSCC or TE-PM2.5C","19100","Dallas-Fort Worth-Arlington, TX","48","Texas","121","Denton","33.2190736","-97.1962956"
"12/12/2023","AQS","481210034","1","6.8","ug/m3 LC","38","Denton Airport South","1","100.0000","88101","PM2.5 - Local Conditions","209","Met One BAM-1022 Mass Monitor w/ VSCC or TE-PM2.5C","19100","Dallas-Fort Worth-Arlington, TX","48","Texas","121","Denton","33.2190736","-97.1962956"
"12/13/2023","AQS","481210034","1","8.8","ug/m3 LC","49","Denton Airport South","1","100.0000","88101","PM2.5 - Local Conditions","209","Met One BAM-1022 Mass Monitor w/ VSCC or TE-PM2.5C","19100","Dallas-Fort Worth-Arlington, TX","48","Texas","121","Denton","33.2190736","-97.1962956"
"12/14/2023","AQS","481210034","1","8.5","ug/m3 LC","47","Denton Airport South","1","100.0000","88101","PM2.5 - Local Conditions","209","Met One BAM-1022 Mass Monitor w/ VSCC or TE-PM2.5C","19100","Dallas-Fort Worth-Arlington, TX","48","Texas","121","Denton","33.2190736","-97.1962956"
"12/15/2023","AQS","481210034","1","8.5","ug/m3 LC","47","Denton Airport South","1","100.0000","88101","PM2.5 - Local Conditions","209","Met One BAM-1022 Mass Monitor w/ VSCC or TE-PM2.5C","19100","Dallas-Fort Worth-Arlington, TX","48","Texas","121","Denton","33.2190736","-97.1962956"
"12/16/2023","AQS","481210034","1","4.7","ug/m3 LC","26","Denton Airport South","1","100.0000","88101","PM2.5 - Local Conditions","209","Met One BAM-1022 Mass Monitor w/ VSCC or TE-PM2.5C","19100","Dallas-Fort Worth-Arlington, TX","48","Texas","121","Denton","33.2190736","-97.1962956"
"12/17/2023","AQS","481210034","1","4.5","ug/m3 LC","25","Denton Airport South","1","100.0000","88101","PM2.5 - Local Conditions","209","Met One BAM-1022 Mass Monitor w/ VSCC or TE-PM2.5C","19100","Dallas-Fort Worth-Arlington, TX","48","Texas","121","Denton","33.2190736","-97.1962956"
"12/18/2023","AQS","481210034","1","2.5","ug/m3 LC","14","Denton Airport South","1","100.0000","88101","PM2.5 - Local Conditions","209","Met One BAM-1022 Mass Monitor w/ VSCC or TE-PM2.5C","19100","Dallas-Fort Worth-Arlington, TX","48","Texas","121","Denton","33.2190736","-97.1962956"
"12/19/2023","AQS","481210034","1","6.1","ug/m3 LC","34","Denton Airport South","1","100.0000","88101","PM2.5 - Local Conditions","209","Met One BAM-1022 Mass Monitor w/ VSCC or TE-PM2.5C","19100","Dallas-Fort Worth-Arlington, TX","48","Texas","121","Denton","33.2190736","-97.1962956"
"12/20/2023","AQS","481210034","1","7.1","ug/m3 LC","39","Denton Airport South","1","100.0000","88101","PM2.5 - Local Conditions","209","Met One BAM-1022 Mass Monitor w/ VSCC or TE-PM2.5C","19100","Dallas-Fort Worth-Arlington, TX","48","Texas","121","Denton","33.2190736","-97.1962956"
"12/21/2023","AQS","481210034","1","8.5","ug/m3 LC","47","Denton Airport South","1","100.0000","88101","PM2.5 - Local Conditions","209","Met One BAM-1022 Mass Monitor w/ VSCC or TE-PM2.5C","19100","Dallas-Fort Worth-Arlington, TX","48","Texas","121","Denton","33.2190736","-97.1962956"
"12/22/2023","AQS","481210034","1","10.4","ug/m3 LC","53","Denton Airport South","1","100.0000","88101","PM2.5 - Local Conditions","209","Met One BAM-1022 Mass Monitor w/ VSCC or TE-PM2.5C","19100","Dallas-Fort Worth-Arlington, TX","48","Texas","121","Denton","33.2190736","-97.1962956"
"12/23/2023","AQS","481210034","1","9.1","ug/m3 LC","51","Denton Airport South","1","100.0000","88101","PM2.5 - Local Conditions","209","Met One BAM-1022 Mass Monitor w/ VSCC or TE-PM2.5C","19100","Dallas-Fort Worth-Arlington, TX","48","Texas","121","Denton","33.2190736","-97.1962956"
"12/24/2023","AQS","481210034","1","0.3","ug/m3 LC","2","Denton Airport South","1","100.0000","88101","PM2.5 - Local Conditions","209","Met One BAM-1022 Mass Monitor w/ VSCC or TE-PM2.5C","19100","Dallas-Fort Worth-Arlington, TX","48","Texas","121","Denton","33.2190736","-97.1962956"
"12/25/2023","AQS","481210034","1","0.7","ug/m3 LC","4","Denton Airport South","1","100.0000","88101","PM2.5 - Local Conditions","209","Met One BAM-1022 Mass Monitor w/ VSCC or TE-PM2.5C","19100","Dallas-Fort Worth-Arlington, TX","48","Texas","121","Denton","33.2190736","-97.1962956"
"12/26/2023","AQS","481210034","1","3.2","ug/m3 LC","18","Denton Airport South","1","100.0000","88101","PM2.5 - Local Conditions","209","Met One BAM-1022 Mass Monitor w/ VSCC or TE-PM2.5C","19100","Dallas-Fort Worth-Arlington, TX","48","Texas","121","Denton","33.2190736","-97.1962956"
"12/27/2023","AQS","481210034","1","2.1","ug/m3 LC","12","Denton Airport South","1","100.0000","88101","PM2.5 - Local Conditions","209","Met One BAM-1022 Mass Monitor w/ VSCC or TE-PM2.5C","19100","Dallas-Fort Worth-Arlington, TX","48","Texas","121","Denton","33.2190736","-97.1962956"
"12/28/2023","AQS","481210034","1","2.5","ug/m3 LC","14","Denton Airport South","1","100.0000","88101","PM2.5 - Local Conditions","209","Met One BAM-1022 Mass Monitor w/ VSCC or TE-PM2.5C","19100","Dallas-Fort Worth-Arlington, TX","48","Texas","121","Denton","33.2190736","-97.1962956"
"12/29/2023","AQS","481210034","1","2.5","ug/m3 LC","14","Denton Airport South","1","100.0000","88101","PM2.5 - Local Conditions","209","Met One BAM-1022 Mass Monitor w/ VSCC or TE-PM2.5C","19100","Dallas-Fort Worth-Arlington, TX","48","Texas","121","Denton","33.2190736","-97.1962956"
"12/30/2023","AQS","481210034","1","3.9","ug/m3 LC","22","Denton Airport South","1","100.0000","88101","PM2.5 - Local Conditions","209","Met One BAM-1022 Mass Monitor w/ VSCC or TE-PM2.5C","19100","Dallas-Fort Worth-Arlington, TX","48","Texas","121","Denton","33.2190736","-97.1962956"
"12/31/2023","AQS","481210034","1","6.4","ug/m3 LC","36","Denton Airport South","1","100.0000","88101","PM2.5 - Local Conditions","209","Met One BAM-1022 Mass Monitor w/ VSCC or TE-PM2.5C","19100","Dallas-Fort Worth-Arlington, TX","48","Texas","121","Denton","33.2190736","-97.1962956"
"01/01/2023","AQS","482570005","1","9.6","ug/m3 LC","52","Kaufman","1","100.0000","88101","PM2.5 - Local Conditions","209","Met One BAM-1022 Mass Monitor w/ VSCC or TE-PM2.5C","19100","Dallas-Fort Worth-Arlington, TX","48","Texas","257","Kaufman","32.5649668","-96.3176831"
"01/02/2023","AQS","482570005","1","13.7","ug/m3 LC","60","Kaufman","1","100.0000","88101","PM2.5 - Local Conditions","209","Met One BAM-1022 Mass Monitor w/ VSCC or TE-PM2.5C","19100","Dallas-Fort Worth-Arlington, TX","48","Texas","257","Kaufman","32.5649668","-96.3176831"
"01/03/2023","AQS","482570005","1","6.6","ug/m3 LC","37","Kaufman","1","100.0000","88101","PM2.5 - Local Conditions","209","Met One BAM-1022 Mass Monitor w/ VSCC or TE-PM2.5C","19100","Dallas-Fort Worth-Arlington, TX","48","Texas","257","Kaufman","32.5649668","-96.3176831"
"01/04/2023","AQS","482570005","1","3.7","ug/m3 LC","21","Kaufman","1","100.0000","88101","PM2.5 - Local Conditions","209","Met One BAM-1022 Mass Monitor w/ VSCC or TE-PM2.5C","19100","Dallas-Fort Worth-Arlington, TX","48","Texas","257","Kaufman","32.5649668","-96.3176831"
"01/05/2023","AQS","482570005","1","5.3","ug/m3 LC","29","Kaufman","1","100.0000","88101","PM2.5 - Local Conditions","209","Met One BAM-1022 Mass Monitor w/ VSCC or TE-PM2.5C","19100","Dallas-Fort Worth-Arlington, TX","48","Texas","257","Kaufman","32.5649668","-96.3176831"
"01/06/2023","AQS","482570005","1","6","ug/m3 LC","33","Kaufman","1","100.0000","88101","PM2.5 - Local Conditions","209","Met One BAM-1022 Mass Monitor w/ VSCC or TE-PM2.5C","19100","Dallas-Fort Worth-Arlington, TX","48","Texas","257","Kaufman","32.5649668","-96.3176831"
"01/07/2023","AQS","482570005","1","4.9","ug/m3 LC","27","Kaufman","1","100.0000","88101","PM2.5 - Local Conditions","209","Met One BAM-1022 Mass Monitor w/ VSCC or TE-PM2.5C","19100","Dallas-Fort Worth-Arlington, TX","48","Texas","257","Kaufman","32.5649668","-96.3176831"
"01/08/2023","AQS","482570005","1","5.7","ug/m3 LC","32","Kaufman","1","100.0000","88101","PM2.5 - Local Conditions","209","Met One BAM-1022 Mass Monitor w/ VSCC or TE-PM2.5C","19100","Dallas-Fort Worth-Arlington, TX","48","Texas","257","Kaufman","32.5649668","-96.3176831"
"01/09/2023","AQS","482570005","1","7.5","ug/m3 LC","42","Kaufman","1","100.0000","88101","PM2.5 - Local Conditions","209","Met One BAM-1022 Mass Monitor w/ VSCC or TE-PM2.5C","19100","Dallas-Fort Worth-Arlington, TX","48","Texas","257","Kaufman","32.5649668","-96.3176831"
"01/10/2023","AQS","482570005","1","9.3","ug/m3 LC","51","Kaufman","1","100.0000","88101","PM2.5 - Local Conditions","209","Met One BAM-1022 Mass Monitor w/ VSCC or TE-PM2.5C","19100","Dallas-Fort Worth-Arlington, TX","48","Texas","257","Kaufman","32.5649668","-96.3176831"
"01/11/2023","AQS","482570005","1","9.1","ug/m3 LC","51","Kaufman","1","100.0000","88101","PM2.5 - Local Conditions","209","Met One BAM-1022 Mass Monitor w/ VSCC or TE-PM2.5C","19100","Dallas-Fort Worth-Arlington, TX","48","Texas","257","Kaufman","32.5649668","-96.3176831"
"01/12/2023","AQS","482570005","1","2.8","ug/m3 LC","16","Kaufman","1","100.0000","88101","PM2.5 - Local Conditions","209","Met One BAM-1022 Mass Monitor w/ VSCC or TE-PM2.5C","19100","Dallas-Fort Worth-Arlington, TX","48","Texas","257","Kaufman","32.5649668","-96.3176831"
"01/13/2023","AQS","482570005","1","2.7","ug/m3 LC","15","Kaufman","1","100.0000","88101","PM2.5 - Local Conditions","209","Met One BAM-1022 Mass Monitor w/ VSCC or TE-PM2.5C","19100","Dallas-Fort Worth-Arlington, TX","48","Texas","257","Kaufman","32.5649668","-96.3176831"
"01/14/2023","AQS","482570005","1","6.2","ug/m3 LC","34","Kaufman","1","100.0000","88101","PM2.5 - Local Conditions","209","Met One BAM-1022 Mass Monitor w/ VSCC or TE-PM2.5C","19100","Dallas-Fort Worth-Arlington, TX","48","Texas","257","Kaufman","32.5649668","-96.3176831"
"01/15/2023","AQS","482570005","1","5.4","ug/m3 LC","30","Kaufman","1","100.0000","88101","PM2.5 - Local Conditions","209","Met One BAM-1022 Mass Monitor w/ VSCC or TE-PM2.5C","19100","Dallas-Fort Worth-Arlington, TX","48","Texas","257","Kaufman","32.5649668","-96.3176831"
"01/16/2023","AQS","482570005","1","6.7","ug/m3 LC","37","Kaufman","1","100.0000","88101","PM2.5 - Local Conditions","209","Met One BAM-1022 Mass Monitor w/ VSCC or TE-PM2.5C","19100","Dallas-Fort Worth-Arlington, TX","48","Texas","257","Kaufman","32.5649668","-96.3176831"
"01/17/2023","AQS","482570005","1","7.4","ug/m3 LC","41","Kaufman","1","100.0000","88101","PM2.5 - Local Conditions","209","Met One BAM-1022 Mass Monitor w/ VSCC or TE-PM2.5C","19100","Dallas-Fort Worth-Arlington, TX","48","Texas","257","Kaufman","32.5649668","-96.3176831"
"01/18/2023","AQS","482570005","1","7.3","ug/m3 LC","41","Kaufman","1","100.0000","88101","PM2.5 - Local Conditions","209","Met One BAM-1022 Mass Monitor w/ VSCC or TE-PM2.5C","19100","Dallas-Fort Worth-Arlington, TX","48","Texas","257","Kaufman","32.5649668","-96.3176831"
"01/19/2023","AQS","482570005","1","2.2","ug/m3 LC","12","Kaufman","1","100.0000","88101","PM2.5 - Local Conditions","209","Met One BAM-1022 Mass Monitor w/ VSCC or TE-PM2.5C","19100","Dallas-Fort Worth-Arlington, TX","48","Texas","257","Kaufman","32.5649668","-96.3176831"
"01/20/2023","AQS","482570005","1","3.2","ug/m3 LC","18","Kaufman","1","100.0000","88101","PM2.5 - Local Conditions","209","Met One BAM-1022 Mass Monitor w/ VSCC or TE-PM2.5C","19100","Dallas-Fort Worth-Arlington, TX","48","Texas","257","Kaufman","32.5649668","-96.3176831"
"01/21/2023","AQS","482570005","1","5.1","ug/m3 LC","28","Kaufman","1","100.0000","88101","PM2.5 - Local Conditions","209","Met One BAM-1022 Mass Monitor w/ VSCC or TE-PM2.5C","19100","Dallas-Fort Worth-Arlington, TX","48","Texas","257","Kaufman","32.5649668","-96.3176831"
"01/22/2023","AQS","482570005","1","3.1","ug/m3 LC","17","Kaufman","1","100.0000","88101","PM2.5 - Local Conditions","209","Met One BAM-1022 Mass Monitor w/ VSCC or TE-PM2.5C","19100","Dallas-Fort Worth-Arlington, TX","48","Texas","257","Kaufman","32.5649668","-96.3176831"
"01/23/2023","AQS","482570005","1","5.1","ug/m3 LC","28","Kaufman","1","100.0000","88101","PM2.5 - Local Conditions","209","Met One BAM-1022 Mass Monitor w/ VSCC or TE-PM2.5C","19100","Dallas-Fort Worth-Arlington, TX","48","Texas","257","Kaufman","32.5649668","-96.3176831"
"01/24/2023","AQS","482570005","1","3.6","ug/m3 LC","20","Kaufman","1","100.0000","88101","PM2.5 - Local Conditions","209","Met One BAM-1022 Mass Monitor w/ VSCC or TE-PM2.5C","19100","Dallas-Fort Worth-Arlington, TX","48","Texas","257","Kaufman","32.5649668","-96.3176831"
"01/25/2023","AQS","482570005","1","5.9","ug/m3 LC","33","Kaufman","1","100.0000","88101","PM2.5 - Local Conditions","209","Met One BAM-1022 Mass Monitor w/ VSCC or TE-PM2.5C","19100","Dallas-Fort Worth-Arlington, TX","48","Texas","257","Kaufman","32.5649668","-96.3176831"
"01/26/2023","AQS","482570005","1","7","ug/m3 LC","39","Kaufman","1","100.0000","88101","PM2.5 - Local Conditions","209","Met One BAM-1022 Mass Monitor w/ VSCC or TE-PM2.5C","19100","Dallas-Fort Worth-Arlington, TX","48","Texas","257","Kaufman","32.5649668","-96.3176831"
"01/27/2023","AQS","482570005","1","4.7","ug/m3 LC","26","Kaufman","1","100.0000","88101","PM2.5 - Local Conditions","209","Met One BAM-1022 Mass Monitor w/ VSCC or TE-PM2.5C","19100","Dallas-Fort Worth-Arlington, TX","48","Texas","257","Kaufman","32.5649668","-96.3176831"
"01/28/2023","AQS","482570005","1","5.6","ug/m3 LC","31","Kaufman","1","100.0000","88101","PM2.5 - Local Conditions","209","Met One BAM-1022 Mass Monitor w/ VSCC or TE-PM2.5C","19100","Dallas-Fort Worth-Arlington, TX","48","Texas","257","Kaufman","32.5649668","-96.3176831"
"01/29/2023","AQS","482570005","1","6","ug/m3 LC","33","Kaufman","1","100.0000","88101","PM2.5 - Local Conditions","209","Met One BAM-1022 Mass Monitor w/ VSCC or TE-PM2.5C","19100","Dallas-Fort Worth-Arlington, TX","48","Texas","257","Kaufman","32.5649668","-96.3176831"
"01/30/2023","AQS","482570005","1","3.8","ug/m3 LC","21","Kaufman","1","100.0000","88101","PM2.5 - Local Conditions","209","Met One BAM-1022 Mass Monitor w/ VSCC or TE-PM2.5C","19100","Dallas-Fort Worth-Arlington, TX","48","Texas","257","Kaufman","32.5649668","-96.3176831"
"01/31/2023","AQS","482570005","1","6.4","ug/m3 LC","36","Kaufman","1","100.0000","88101","PM2.5 - Local Conditions","209","Met One BAM-1022 Mass Monitor w/ VSCC or TE-PM2.5C","19100","Dallas-Fort Worth-Arlington, TX","48","Texas","257","Kaufman","32.5649668","-96.3176831"
"02/01/2023","AQS","482570005","1","7.5","ug/m3 LC","42","Kaufman","1","100.0000","88101","PM2.5 - Local Conditions","209","Met One BAM-1022 Mass Monitor w/ VSCC or TE-PM2.5C","19100","Dallas-Fort Worth-Arlington, TX","48","Texas","257","Kaufman","32.5649668","-96.3176831"
"02/02/2023","AQS","482570005","1","9.4","ug/m3 LC","52","Kaufman","1","100.0000","88101","PM2.5 - Local Conditions","209","Met One BAM-1022 Mass Monitor w/ VSCC or TE-PM2.5C","19100","Dallas-Fort Worth-Arlington, TX","48","Texas","257","Kaufman","32.5649668","-96.3176831"
"02/03/2023","AQS","482570005","1","10.9","ug/m3 LC","54","Kaufman","1","100.0000","88101","PM2.5 - Local Conditions","209","Met One BAM-1022 Mass Monitor w/ VSCC or TE-PM2.5C","19100","Dallas-Fort Worth-Arlington, TX","48","Texas","257","Kaufman","32.5649668","-96.3176831"
"02/07/2023","AQS","482570005","1","3.9","ug/m3 LC","22","Kaufman","1","100.0000","88101","PM2.5 - Local Conditions","209","Met One BAM-1022 Mass Monitor w/ VSCC or TE-PM2.5C","19100","Dallas-Fort Worth-Arlington, TX","48","Texas","257","Kaufman","32.5649668","-96.3176831"
"02/08/2023","AQS","482570005","1","1.5","ug/m3 LC","8","Kaufman","1","100.0000","88101","PM2.5 - Local Conditions","209","Met One BAM-1022 Mass Monitor w/ VSCC or TE-PM2.5C","19100","Dallas-Fort Worth-Arlington, TX","48","Texas","257","Kaufman","32.5649668","-96.3176831"
"02/09/2023","AQS","482570005","1","3.8","ug/m3 LC","21","Kaufman","1","100.0000","88101","PM2.5 - Local Conditions","209","Met One BAM-1022 Mass Monitor w/ VSCC or TE-PM2.5C","19100","Dallas-Fort Worth-Arlington, TX","48","Texas","257","Kaufman","32.5649668","-96.3176831"
"02/10/2023","AQS","482570005","1","2","ug/m3 LC","11","Kaufman","1","100.0000","88101","PM2.5 - Local Conditions","209","Met One BAM-1022 Mass Monitor w/ VSCC or TE-PM2.5C","19100","Dallas-Fort Worth-Arlington, TX","48","Texas","257","Kaufman","32.5649668","-96.3176831"
"02/11/2023","AQS","482570005","1","4.8","ug/m3 LC","27","Kaufman","1","100.0000","88101","PM2.5 - Local Conditions","209","Met One BAM-1022 Mass Monitor w/ VSCC or TE-PM2.5C","19100","Dallas-Fort Worth-Arlington, TX","48","Texas","257","Kaufman","32.5649668","-96.3176831"
"02/12/2023","AQS","482570005","1","7.7","ug/m3 LC","43","Kaufman","1","100.0000","88101","PM2.5 - Local Conditions","209","Met One BAM-1022 Mass Monitor w/ VSCC or TE-PM2.5C","19100","Dallas-Fort Worth-Arlington, TX","48","Texas","257","Kaufman","32.5649668","-96.3176831"
"02/13/2023","AQS","482570005","1","3.8","ug/m3 LC","21","Kaufman","1","100.0000","88101","PM2.5 - Local Conditions","209","Met One BAM-1022 Mass Monitor w/ VSCC or TE-PM2.5C","19100","Dallas-Fort Worth-Arlington, TX","48","Texas","257","Kaufman","32.5649668","-96.3176831"
"02/14/2023","AQS","482570005","1","3.4","ug/m3 LC","19","Kaufman","1","100.0000","88101","PM2.5 - Local Conditions","209","Met One BAM-1022 Mass Monitor w/ VSCC or TE-PM2.5C","19100","Dallas-Fort Worth-Arlington, TX","48","Texas","257","Kaufman","32.5649668","-96.3176831"
"02/15/2023","AQS","482570005","1","9.2","ug/m3 LC","51","Kaufman","1","100.0000","88101","PM2.5 - Local Conditions","209","Met One BAM-1022 Mass Monitor w/ VSCC or TE-PM2.5C","19100","Dallas-Fort Worth-Arlington, TX","48","Texas","257","Kaufman","32.5649668","-96.3176831"
"02/16/2023","AQS","482570005","1","1.6","ug/m3 LC","9","Kaufman","1","100.0000","88101","PM2.5 - Local Conditions","209","Met One BAM-1022 Mass Monitor w/ VSCC or TE-PM2.5C","19100","Dallas-Fort Worth-Arlington, TX","48","Texas","257","Kaufman","32.5649668","-96.3176831"
"02/17/2023","AQS","482570005","1","-0.1","ug/m3 LC","0","Kaufman","1","100.0000","88101","PM2.5 - Local Conditions","209","Met One BAM-1022 Mass Monitor w/ VSCC or TE-PM2.5C","19100","Dallas-Fort Worth-Arlington, TX","48","Texas","257","Kaufman","32.5649668","-96.3176831"
"02/18/2023","AQS","482570005","1","4","ug/m3 LC","22","Kaufman","1","100.0000","88101","PM2.5 - Local Conditions","209","Met One BAM-1022 Mass Monitor w/ VSCC or TE-PM2.5C","19100","Dallas-Fort Worth-Arlington, TX","48","Texas","257","Kaufman","32.5649668","-96.3176831"
"02/19/2023","AQS","482570005","1","4.6","ug/m3 LC","26","Kaufman","1","100.0000","88101","PM2.5 - Local Conditions","209","Met One BAM-1022 Mass Monitor w/ VSCC or TE-PM2.5C","19100","Dallas-Fort Worth-Arlington, TX","48","Texas","257","Kaufman","32.5649668","-96.3176831"
"02/20/2023","AQS","482570005","1","5.1","ug/m3 LC","28","Kaufman","1","100.0000","88101","PM2.5 - Local Conditions","209","Met One BAM-1022 Mass Monitor w/ VSCC or TE-PM2.5C","19100","Dallas-Fort Worth-Arlington, TX","48","Texas","257","Kaufman","32.5649668","-96.3176831"
"02/21/2023","AQS","482570005","1","7.9","ug/m3 LC","44","Kaufman","1","100.0000","88101","PM2.5 - Local Conditions","209","Met One BAM-1022 Mass Monitor w/ VSCC or TE-PM2.5C","19100","Dallas-Fort Worth-Arlington, TX","48","Texas","257","Kaufman","32.5649668","-96.3176831"
"02/22/2023","AQS","482570005","1","5.3","ug/m3 LC","29","Kaufman","1","100.0000","88101","PM2.5 - Local Conditions","209","Met One BAM-1022 Mass Monitor w/ VSCC or TE-PM2.5C","19100","Dallas-Fort Worth-Arlington, TX","48","Texas","257","Kaufman","32.5649668","-96.3176831"
"02/23/2023","AQS","482570005","1","5.5","ug/m3 LC","31","Kaufman","1","100.0000","88101","PM2.5 - Local Conditions","209","Met One BAM-1022 Mass Monitor w/ VSCC or TE-PM2.5C","19100","Dallas-Fort Worth-Arlington, TX","48","Texas","257","Kaufman","32.5649668","-96.3176831"
"02/24/2023","AQS","482570005","1","3.1","ug/m3 LC","17","Kaufman","1","100.0000","88101","PM2.5 - Local Conditions","209","Met One BAM-1022 Mass Monitor w/ VSCC or TE-PM2.5C","19100","Dallas-Fort Worth-Arlington, TX","48","Texas","257","Kaufman","32.5649668","-96.3176831"
"02/25/2023","AQS","482570005","1","11.1","ug/m3 LC","55","Kaufman","1","100.0000","88101","PM2.5 - Local Conditions","209","Met One BAM-1022 Mass Monitor w/ VSCC or TE-PM2.5C","19100","Dallas-Fort Worth-Arlington, TX","48","Texas","257","Kaufman","32.5649668","-96.3176831"
"02/26/2023","AQS","482570005","1","14.3","ug/m3 LC","61","Kaufman","1","100.0000","88101","PM2.5 - Local Conditions","209","Met One BAM-1022 Mass Monitor w/ VSCC or TE-PM2.5C","19100","Dallas-Fort Worth-Arlington, TX","48","Texas","257","Kaufman","32.5649668","-96.3176831"
"03/04/2023","AQS","482570005","1","8","ug/m3 LC","44","Kaufman","1","100.0000","88101","PM2.5 - Local Conditions","209","Met One BAM-1022 Mass Monitor w/ VSCC or TE-PM2.5C","19100","Dallas-Fort Worth-Arlington, TX","48","Texas","257","Kaufman","32.5649668","-96.3176831"
"03/05/2023","AQS","482570005","1","10.5","ug/m3 LC","54","Kaufman","1","100.0000","88101","PM2.5 - Local Conditions","209","Met One BAM-1022 Mass Monitor w/ VSCC or TE-PM2.5C","19100","Dallas-Fort Worth-Arlington, TX","48","Texas","257","Kaufman","32.5649668","-96.3176831"
"03/06/2023","AQS","482570005","1","9.6","ug/m3 LC","52","Kaufman","1","100.0000","88101","PM2.5 - Local Conditions","209","Met One BAM-1022 Mass Monitor w/ VSCC or TE-PM2.5C","19100","Dallas-Fort Worth-Arlington, TX","48","Texas","257","Kaufman","32.5649668","-96.3176831"
"03/07/2023","AQS","482570005","1","16.8","ug/m3 LC","65","Kaufman","1","100.0000","88101","PM2.5 - Local Conditions","209","Met One BAM-1022 Mass Monitor w/ VSCC or TE-PM2.5C","19100","Dallas-Fort Worth-Arlington, TX","48","Texas","257","Kaufman","32.5649668","-96.3176831"
"03/08/2023","AQS","482570005","1","9.3","ug/m3 LC","51","Kaufman","1","100.0000","88101","PM2.5 - Local Conditions","209","Met One BAM-1022 Mass Monitor w/ VSCC or TE-PM2.5C","19100","Dallas-Fort Worth-Arlington, TX","48","Texas","257","Kaufman","32.5649668","-96.3176831"
"03/09/2023","AQS","482570005","1","13.4","ug/m3 LC","59","Kaufman","1","100.0000","88101","PM2.5 - Local Conditions","209","Met One BAM-1022 Mass Monitor w/ VSCC or TE-PM2.5C","19100","Dallas-Fort Worth-Arlington, TX","48","Texas","257","Kaufman","32.5649668","-96.3176831"
"03/10/2023","AQS","482570005","1","4.3","ug/m3 LC","24","Kaufman","1","100.0000","88101","PM2.5 - Local Conditions","209","Met One BAM-1022 Mass Monitor w/ VSCC or TE-PM2.5C","19100","Dallas-Fort Worth-Arlington, TX","48","Texas","257","Kaufman","32.5649668","-96.3176831"
"03/11/2023","AQS","482570005","1","11.8","ug/m3 LC","56","Kaufman","1","100.0000","88101","PM2.5 - Local Conditions","209","Met One BAM-1022 Mass Monitor w/ VSCC or TE-PM2.5C","19100","Dallas-Fort Worth-Arlington, TX","48","Texas","257","Kaufman","32.5649668","-96.3176831"
"03/12/2023","AQS","482570005","1","2.9","ug/m3 LC","16","Kaufman","1","100.0000","88101","PM2.5 - Local Conditions","209","Met One BAM-1022 Mass Monitor w/ VSCC or TE-PM2.5C","19100","Dallas-Fort Worth-Arlington, TX","48","Texas","257","Kaufman","32.5649668","-96.3176831"
"03/13/2023","AQS","482570005","1","0.8","ug/m3 LC","4","Kaufman","1","100.0000","88101","PM2.5 - Local Conditions","209","Met One BAM-1022 Mass Monitor w/ VSCC or TE-PM2.5C","19100","Dallas-Fort Worth-Arlington, TX","48","Texas","257","Kaufman","32.5649668","-96.3176831"
"03/14/2023","AQS","482570005","1","4.8","ug/m3 LC","27","Kaufman","1","100.0000","88101","PM2.5 - Local Conditions","209","Met One BAM-1022 Mass Monitor w/ VSCC or TE-PM2.5C","19100","Dallas-Fort Worth-Arlington, TX","48","Texas","257","Kaufman","32.5649668","-96.3176831"
"03/15/2023","AQS","482570005","1","8.9","ug/m3 LC","49","Kaufman","1","100.0000","88101","PM2.5 - Local Conditions","209","Met One BAM-1022 Mass Monitor w/ VSCC or TE-PM2.5C","19100","Dallas-Fort Worth-Arlington, TX","48","Texas","257","Kaufman","32.5649668","-96.3176831"
"03/16/2023","AQS","482570005","1","5.5","ug/m3 LC","31","Kaufman","1","100.0000","88101","PM2.5 - Local Conditions","209","Met One BAM-1022 Mass Monitor w/ VSCC or TE-PM2.5C","19100","Dallas-Fort Worth-Arlington, TX","48","Texas","257","Kaufman","32.5649668","-96.3176831"
"03/17/2023","AQS","482570005","1","-0.3","ug/m3 LC","0","Kaufman","1","100.0000","88101","PM2.5 - Local Conditions","209","Met One BAM-1022 Mass Monitor w/ VSCC or TE-PM2.5C","19100","Dallas-Fort Worth-Arlington, TX","48","Texas","257","Kaufman","32.5649668","-96.3176831"
"03/18/2023","AQS","482570005","1","0","ug/m3 LC","0","Kaufman","1","100.0000","88101","PM2.5 - Local Conditions","209","Met One BAM-1022 Mass Monitor w/ VSCC or TE-PM2.5C","19100","Dallas-Fort Worth-Arlington, TX","48","Texas","257","Kaufman","32.5649668","-96.3176831"
"03/19/2023","AQS","482570005","1","0.5","ug/m3 LC","3","Kaufman","1","100.0000","88101","PM2.5 - Local Conditions","209","Met One BAM-1022 Mass Monitor w/ VSCC or TE-PM2.5C","19100","Dallas-Fort Worth-Arlington, TX","48","Texas","257","Kaufman","32.5649668","-96.3176831"
"03/20/2023","AQS","482570005","1","2.9","ug/m3 LC","16","Kaufman","1","100.0000","88101","PM2.5 - Local Conditions","209","Met One BAM-1022 Mass Monitor w/ VSCC or TE-PM2.5C","19100","Dallas-Fort Worth-Arlington, TX","48","Texas","257","Kaufman","32.5649668","-96.3176831"
"03/21/2023","AQS","482570005","1","4.3","ug/m3 LC","24","Kaufman","1","100.0000","88101","PM2.5 - Local Conditions","209","Met One BAM-1022 Mass Monitor w/ VSCC or TE-PM2.5C","19100","Dallas-Fort Worth-Arlington, TX","48","Texas","257","Kaufman","32.5649668","-96.3176831"
"03/22/2023","AQS","482570005","1","7","ug/m3 LC","39","Kaufman","1","100.0000","88101","PM2.5 - Local Conditions","209","Met One BAM-1022 Mass Monitor w/ VSCC or TE-PM2.5C","19100","Dallas-Fort Worth-Arlington, TX","48","Texas","257","Kaufman","32.5649668","-96.3176831"
"03/23/2023","AQS","482570005","1","9.1","ug/m3 LC","51","Kaufman","1","100.0000","88101","PM2.5 - Local Conditions","209","Met One BAM-1022 Mass Monitor w/ VSCC or TE-PM2.5C","19100","Dallas-Fort Worth-Arlington, TX","48","Texas","257","Kaufman","32.5649668","-96.3176831"
"03/24/2023","AQS","482570005","1","8","ug/m3 LC","44","Kaufman","1","100.0000","88101","PM2.5 - Local Conditions","209","Met One BAM-1022 Mass Monitor w/ VSCC or TE-PM2.5C","19100","Dallas-Fort Worth-Arlington, TX","48","Texas","257","Kaufman","32.5649668","-96.3176831"
"03/25/2023","AQS","482570005","1","6.9","ug/m3 LC","38","Kaufman","1","100.0000","88101","PM2.5 - Local Conditions","209","Met One BAM-1022 Mass Monitor w/ VSCC or TE-PM2.5C","19100","Dallas-Fort Worth-Arlington, TX","48","Texas","257","Kaufman","32.5649668","-96.3176831"
"03/26/2023","AQS","482570005","1","7.8","ug/m3 LC","43","Kaufman","1","100.0000","88101","PM2.5 - Local Conditions","209","Met One BAM-1022 Mass Monitor w/ VSCC or TE-PM2.5C","19100","Dallas-Fort Worth-Arlington, TX","48","Texas","257","Kaufman","32.5649668","-96.3176831"
"03/27/2023","AQS","482570005","1","4","ug/m3 LC","22","Kaufman","1","100.0000","88101","PM2.5 - Local Conditions","209","Met One BAM-1022 Mass Monitor w/ VSCC or TE-PM2.5C","19100","Dallas-Fort Worth-Arlington, TX","48","Texas","257","Kaufman","32.5649668","-96.3176831"
"03/28/2023","AQS","482570005","1","5.8","ug/m3 LC","32","Kaufman","1","100.0000","88101","PM2.5 - Local Conditions","209","Met One BAM-1022 Mass Monitor w/ VSCC or TE-PM2.5C","19100","Dallas-Fort Worth-Arlington, TX","48","Texas","257","Kaufman","32.5649668","-96.3176831"
"03/29/2023","AQS","482570005","1","12.8","ug/m3 LC","58","Kaufman","1","100.0000","88101","PM2.5 - Local Conditions","209","Met One BAM-1022 Mass Monitor w/ VSCC or TE-PM2.5C","19100","Dallas-Fort Worth-Arlington, TX","48","Texas","257","Kaufman","32.5649668","-96.3176831"
"03/30/2023","AQS","482570005","1","9.1","ug/m3 LC","51","Kaufman","1","100.0000","88101","PM2.5 - Local Conditions","209","Met One BAM-1022 Mass Monitor w/ VSCC or TE-PM2.5C","19100","Dallas-Fort Worth-Arlington, TX","48","Texas","257","Kaufman","32.5649668","-96.3176831"
"03/31/2023","AQS","482570005","1","9.8","ug/m3 LC","52","Kaufman","1","100.0000","88101","PM2.5 - Local Conditions","209","Met One BAM-1022 Mass Monitor w/ VSCC or TE-PM2.5C","19100","Dallas-Fort Worth-Arlington, TX","48","Texas","257","Kaufman","32.5649668","-96.3176831"
"04/01/2023","AQS","482570005","1","6.9","ug/m3 LC","38","Kaufman","1","100.0000","88101","PM2.5 - Local Conditions","209","Met One BAM-1022 Mass Monitor w/ VSCC or TE-PM2.5C","19100","Dallas-Fort Worth-Arlington, TX","48","Texas","257","Kaufman","32.5649668","-96.3176831"
"04/02/2023","AQS","482570005","1","11","ug/m3 LC","55","Kaufman","1","100.0000","88101","PM2.5 - Local Conditions","209","Met One BAM-1022 Mass Monitor w/ VSCC or TE-PM2.5C","19100","Dallas-Fort Worth-Arlington, TX","48","Texas","257","Kaufman","32.5649668","-96.3176831"
"04/03/2023","AQS","482570005","1","15","ug/m3 LC","62","Kaufman","1","100.0000","88101","PM2.5 - Local Conditions","209","Met One BAM-1022 Mass Monitor w/ VSCC or TE-PM2.5C","19100","Dallas-Fort Worth-Arlington, TX","48","Texas","257","Kaufman","32.5649668","-96.3176831"
"04/04/2023","AQS","482570005","1","17.7","ug/m3 LC","67","Kaufman","1","100.0000","88101","PM2.5 - Local Conditions","209","Met One BAM-1022 Mass Monitor w/ VSCC or TE-PM2.5C","19100","Dallas-Fort Worth-Arlington, TX","48","Texas","257","Kaufman","32.5649668","-96.3176831"
"04/05/2023","AQS","482570005","1","8.1","ug/m3 LC","45","Kaufman","1","100.0000","88101","PM2.5 - Local Conditions","209","Met One BAM-1022 Mass Monitor w/ VSCC or TE-PM2.5C","19100","Dallas-Fort Worth-Arlington, TX","48","Texas","257","Kaufman","32.5649668","-96.3176831"
"04/06/2023","AQS","482570005","1","1.9","ug/m3 LC","11","Kaufman","1","100.0000","88101","PM2.5 - Local Conditions","209","Met One BAM-1022 Mass Monitor w/ VSCC or TE-PM2.5C","19100","Dallas-Fort Worth-Arlington, TX","48","Texas","257","Kaufman","32.5649668","-96.3176831"
"04/07/2023","AQS","482570005","1","2.5","ug/m3 LC","14","Kaufman","1","100.0000","88101","PM2.5 - Local Conditions","209","Met One BAM-1022 Mass Monitor w/ VSCC or TE-PM2.5C","19100","Dallas-Fort Worth-Arlington, TX","48","Texas","257","Kaufman","32.5649668","-96.3176831"
"04/08/2023","AQS","482570005","1","5.1","ug/m3 LC","28","Kaufman","1","100.0000","88101","PM2.5 - Local Conditions","209","Met One BAM-1022 Mass Monitor w/ VSCC or TE-PM2.5C","19100","Dallas-Fort Worth-Arlington, TX","48","Texas","257","Kaufman","32.5649668","-96.3176831"
"04/09/2023","AQS","482570005","1","7.5","ug/m3 LC","42","Kaufman","1","100.0000","88101","PM2.5 - Local Conditions","209","Met One BAM-1022 Mass Monitor w/ VSCC or TE-PM2.5C","19100","Dallas-Fort Worth-Arlington, TX","48","Texas","257","Kaufman","32.5649668","-96.3176831"
"04/10/2023","AQS","482570005","1","4.8","ug/m3 LC","27","Kaufman","1","100.0000","88101","PM2.5 - Local Conditions","209","Met One BAM-1022 Mass Monitor w/ VSCC or TE-PM2.5C","19100","Dallas-Fort Worth-Arlington, TX","48","Texas","257","Kaufman","32.5649668","-96.3176831"
"04/11/2023","AQS","482570005","1","5.2","ug/m3 LC","29","Kaufman","1","100.0000","88101","PM2.5 - Local Conditions","209","Met One BAM-1022 Mass Monitor w/ VSCC or TE-PM2.5C","19100","Dallas-Fort Worth-Arlington, TX","48","Texas","257","Kaufman","32.5649668","-96.3176831"
"04/12/2023","AQS","482570005","1","7.1","ug/m3 LC","39","Kaufman","1","100.0000","88101","PM2.5 - Local Conditions","209","Met One BAM-1022 Mass Monitor w/ VSCC or TE-PM2.5C","19100","Dallas-Fort Worth-Arlington, TX","48","Texas","257","Kaufman","32.5649668","-96.3176831"
"04/13/2023","AQS","482570005","1","5","ug/m3 LC","28","Kaufman","1","100.0000","88101","PM2.5 - Local Conditions","209","Met One BAM-1022 Mass Monitor w/ VSCC or TE-PM2.5C","19100","Dallas-Fort Worth-Arlington, TX","48","Texas","257","Kaufman","32.5649668","-96.3176831"
"04/14/2023","AQS","482570005","1","7.2","ug/m3 LC","40","Kaufman","1","100.0000","88101","PM2.5 - Local Conditions","209","Met One BAM-1022 Mass Monitor w/ VSCC or TE-PM2.5C","19100","Dallas-Fort Worth-Arlington, TX","48","Texas","257","Kaufman","32.5649668","-96.3176831"
"04/15/2023","AQS","482570005","1","5.3","ug/m3 LC","29","Kaufman","1","100.0000","88101","PM2.5 - Local Conditions","209","Met One BAM-1022 Mass Monitor w/ VSCC or TE-PM2.5C","19100","Dallas-Fort Worth-Arlington, TX","48","Texas","257","Kaufman","32.5649668","-96.3176831"
"04/16/2023","AQS","482570005","1","1.3","ug/m3 LC","7","Kaufman","1","100.0000","88101","PM2.5 - Local Conditions","209","Met One BAM-1022 Mass Monitor w/ VSCC or TE-PM2.5C","19100","Dallas-Fort Worth-Arlington, TX","48","Texas","257","Kaufman","32.5649668","-96.3176831"
"04/17/2023","AQS","482570005","1","4.3","ug/m3 LC","24","Kaufman","1","100.0000","88101","PM2.5 - Local Conditions","209","Met One BAM-1022 Mass Monitor w/ VSCC or TE-PM2.5C","19100","Dallas-Fort Worth-Arlington, TX","48","Texas","257","Kaufman","32.5649668","-96.3176831"
"04/18/2023","AQS","482570005","1","8","ug/m3 LC","44","Kaufman","1","100.0000","88101","PM2.5 - Local Conditions","209","Met One BAM-1022 Mass Monitor w/ VSCC or TE-PM2.5C","19100","Dallas-Fort Worth-Arlington, TX","48","Texas","257","Kaufman","32.5649668","-96.3176831"
"04/19/2023","AQS","482570005","1","8.6","ug/m3 LC","48","Kaufman","1","100.0000","88101","PM2.5 - Local Conditions","209","Met One BAM-1022 Mass Monitor w/ VSCC or TE-PM2.5C","19100","Dallas-Fort Worth-Arlington, TX","48","Texas","257","Kaufman","32.5649668","-96.3176831"
"04/20/2023","AQS","482570005","1","8.5","ug/m3 LC","47","Kaufman","1","100.0000","88101","PM2.5 - Local Conditions","209","Met One BAM-1022 Mass Monitor w/ VSCC or TE-PM2.5C","19100","Dallas-Fort Worth-Arlington, TX","48","Texas","257","Kaufman","32.5649668","-96.3176831"
"04/21/2023","AQS","482570005","1","6.9","ug/m3 LC","38","Kaufman","1","100.0000","88101","PM2.5 - Local Conditions","209","Met One BAM-1022 Mass Monitor w/ VSCC or TE-PM2.5C","19100","Dallas-Fort Worth-Arlington, TX","48","Texas","257","Kaufman","32.5649668","-96.3176831"
"04/22/2023","AQS","482570005","1","5.1","ug/m3 LC","28","Kaufman","1","100.0000","88101","PM2.5 - Local Conditions","209","Met One BAM-1022 Mass Monitor w/ VSCC or TE-PM2.5C","19100","Dallas-Fort Worth-Arlington, TX","48","Texas","257","Kaufman","32.5649668","-96.3176831"
"04/23/2023","AQS","482570005","1","2.3","ug/m3 LC","13","Kaufman","1","100.0000","88101","PM2.5 - Local Conditions","209","Met One BAM-1022 Mass Monitor w/ VSCC or TE-PM2.5C","19100","Dallas-Fort Worth-Arlington, TX","48","Texas","257","Kaufman","32.5649668","-96.3176831"
"04/24/2023","AQS","482570005","1","4.1","ug/m3 LC","23","Kaufman","1","100.0000","88101","PM2.5 - Local Conditions","209","Met One BAM-1022 Mass Monitor w/ VSCC or TE-PM2.5C","19100","Dallas-Fort Worth-Arlington, TX","48","Texas","257","Kaufman","32.5649668","-96.3176831"
"04/25/2023","AQS","482570005","1","7.8","ug/m3 LC","43","Kaufman","1","100.0000","88101","PM2.5 - Local Conditions","209","Met One BAM-1022 Mass Monitor w/ VSCC or TE-PM2.5C","19100","Dallas-Fort Worth-Arlington, TX","48","Texas","257","Kaufman","32.5649668","-96.3176831"
"04/26/2023","AQS","482570005","1","5.7","ug/m3 LC","32","Kaufman","1","100.0000","88101","PM2.5 - Local Conditions","209","Met One BAM-1022 Mass Monitor w/ VSCC or TE-PM2.5C","19100","Dallas-Fort Worth-Arlington, TX","48","Texas","257","Kaufman","32.5649668","-96.3176831"
"04/27/2023","AQS","482570005","1","3.5","ug/m3 LC","19","Kaufman","1","100.0000","88101","PM2.5 - Local Conditions","209","Met One BAM-1022 Mass Monitor w/ VSCC or TE-PM2.5C","19100","Dallas-Fort Worth-Arlington, TX","48","Texas","257","Kaufman","32.5649668","-96.3176831"
"04/28/2023","AQS","482570005","1","3.7","ug/m3 LC","21","Kaufman","1","100.0000","88101","PM2.5 - Local Conditions","209","Met One BAM-1022 Mass Monitor w/ VSCC or TE-PM2.5C","19100","Dallas-Fort Worth-Arlington, TX","48","Texas","257","Kaufman","32.5649668","-96.3176831"
"04/29/2023","AQS","482570005","1","1.5","ug/m3 LC","8","Kaufman","1","100.0000","88101","PM2.5 - Local Conditions","209","Met One BAM-1022 Mass Monitor w/ VSCC or TE-PM2.5C","19100","Dallas-Fort Worth-Arlington, TX","48","Texas","257","Kaufman","32.5649668","-96.3176831"
"04/30/2023","AQS","482570005","1","3.7","ug/m3 LC","21","Kaufman","1","100.0000","88101","PM2.5 - Local Conditions","209","Met One BAM-1022 Mass Monitor w/ VSCC or TE-PM2.5C","19100","Dallas-Fort Worth-Arlington, TX","48","Texas","257","Kaufman","32.5649668","-96.3176831"
"05/01/2023","AQS","482570005","1","2.7","ug/m3 LC","15","Kaufman","1","100.0000","88101","PM2.5 - Local Conditions","209","Met One BAM-1022 Mass Monitor w/ VSCC or TE-PM2.5C","19100","Dallas-Fort Worth-Arlington, TX","48","Texas","257","Kaufman","32.5649668","-96.3176831"
"05/02/2023","AQS","482570005","1","5.6","ug/m3 LC","31","Kaufman","1","100.0000","88101","PM2.5 - Local Conditions","209","Met One BAM-1022 Mass Monitor w/ VSCC or TE-PM2.5C","19100","Dallas-Fort Worth-Arlington, TX","48","Texas","257","Kaufman","32.5649668","-96.3176831"
"05/03/2023","AQS","482570005","1","6.3","ug/m3 LC","35","Kaufman","1","100.0000","88101","PM2.5 - Local Conditions","209","Met One BAM-1022 Mass Monitor w/ VSCC or TE-PM2.5C","19100","Dallas-Fort Worth-Arlington, TX","48","Texas","257","Kaufman","32.5649668","-96.3176831"
"05/04/2023","AQS","482570005","1","11.6","ug/m3 LC","56","Kaufman","1","100.0000","88101","PM2.5 - Local Conditions","209","Met One BAM-1022 Mass Monitor w/ VSCC or TE-PM2.5C","19100","Dallas-Fort Worth-Arlington, TX","48","Texas","257","Kaufman","32.5649668","-96.3176831"
"05/05/2023","AQS","482570005","1","12.5","ug/m3 LC","57","Kaufman","1","100.0000","88101","PM2.5 - Local Conditions","209","Met One BAM-1022 Mass Monitor w/ VSCC or TE-PM2.5C","19100","Dallas-Fort Worth-Arlington, TX","48","Texas","257","Kaufman","32.5649668","-96.3176831"
"05/06/2023","AQS","482570005","1","12.4","ug/m3 LC","57","Kaufman","1","100.0000","88101","PM2.5 - Local Conditions","209","Met One BAM-1022 Mass Monitor w/ VSCC or TE-PM2.5C","19100","Dallas-Fort Worth-Arlington, TX","48","Texas","257","Kaufman","32.5649668","-96.3176831"
"05/07/2023","AQS","482570005","1","10.3","ug/m3 LC","53","Kaufman","1","100.0000","88101","PM2.5 - Local Conditions","209","Met One BAM-1022 Mass Monitor w/ VSCC or TE-PM2.5C","19100","Dallas-Fort Worth-Arlington, TX","48","Texas","257","Kaufman","32.5649668","-96.3176831"
"05/08/2023","AQS","482570005","1","14.1","ug/m3 LC","60","Kaufman","1","100.0000","88101","PM2.5 - Local Conditions","209","Met One BAM-1022 Mass Monitor w/ VSCC or TE-PM2.5C","19100","Dallas-Fort Worth-Arlington, TX","48","Texas","257","Kaufman","32.5649668","-96.3176831"
"05/09/2023","AQS","482570005","1","11.3","ug/m3 LC","55","Kaufman","1","100.0000","88101","PM2.5 - Local Conditions","209","Met One BAM-1022 Mass Monitor w/ VSCC or TE-PM2.5C","19100","Dallas-Fort Worth-Arlington, TX","48","Texas","257","Kaufman","32.5649668","-96.3176831"
"05/10/2023","AQS","482570005","1","7","ug/m3 LC","39","Kaufman","1","100.0000","88101","PM2.5 - Local Conditions","209","Met One BAM-1022 Mass Monitor w/ VSCC or TE-PM2.5C","19100","Dallas-Fort Worth-Arlington, TX","48","Texas","257","Kaufman","32.5649668","-96.3176831"
"05/11/2023","AQS","482570005","1","15.3","ug/m3 LC","63","Kaufman","1","100.0000","88101","PM2.5 - Local Conditions","209","Met One BAM-1022 Mass Monitor w/ VSCC or TE-PM2.5C","19100","Dallas-Fort Worth-Arlington, TX","48","Texas","257","Kaufman","32.5649668","-96.3176831"
"05/12/2023","AQS","482570005","1","16.6","ug/m3 LC","65","Kaufman","1","100.0000","88101","PM2.5 - Local Conditions","209","Met One BAM-1022 Mass Monitor w/ VSCC or TE-PM2.5C","19100","Dallas-Fort Worth-Arlington, TX","48","Texas","257","Kaufman","32.5649668","-96.3176831"
"05/13/2023","AQS","482570005","1","3.5","ug/m3 LC","19","Kaufman","1","100.0000","88101","PM2.5 - Local Conditions","209","Met One BAM-1022 Mass Monitor w/ VSCC or TE-PM2.5C","19100","Dallas-Fort Worth-Arlington, TX","48","Texas","257","Kaufman","32.5649668","-96.3176831"
"05/14/2023","AQS","482570005","1","5.2","ug/m3 LC","29","Kaufman","1","100.0000","88101","PM2.5 - Local Conditions","209","Met One BAM-1022 Mass Monitor w/ VSCC or TE-PM2.5C","19100","Dallas-Fort Worth-Arlington, TX","48","Texas","257","Kaufman","32.5649668","-96.3176831"
"05/15/2023","AQS","482570005","1","3.7","ug/m3 LC","21","Kaufman","1","100.0000","88101","PM2.5 - Local Conditions","209","Met One BAM-1022 Mass Monitor w/ VSCC or TE-PM2.5C","19100","Dallas-Fort Worth-Arlington, TX","48","Texas","257","Kaufman","32.5649668","-96.3176831"
"05/16/2023","AQS","482570005","1","3.3","ug/m3 LC","18","Kaufman","1","100.0000","88101","PM2.5 - Local Conditions","209","Met One BAM-1022 Mass Monitor w/ VSCC or TE-PM2.5C","19100","Dallas-Fort Worth-Arlington, TX","48","Texas","257","Kaufman","32.5649668","-96.3176831"
"05/17/2023","AQS","482570005","1","4.9","ug/m3 LC","27","Kaufman","1","100.0000","88101","PM2.5 - Local Conditions","209","Met One BAM-1022 Mass Monitor w/ VSCC or TE-PM2.5C","19100","Dallas-Fort Worth-Arlington, TX","48","Texas","257","Kaufman","32.5649668","-96.3176831"
"05/18/2023","AQS","482570005","1","5.6","ug/m3 LC","31","Kaufman","1","100.0000","88101","PM2.5 - Local Conditions","209","Met One BAM-1022 Mass Monitor w/ VSCC or TE-PM2.5C","19100","Dallas-Fort Worth-Arlington, TX","48","Texas","257","Kaufman","32.5649668","-96.3176831"
"05/19/2023","AQS","482570005","1","7.3","ug/m3 LC","41","Kaufman","1","100.0000","88101","PM2.5 - Local Conditions","209","Met One BAM-1022 Mass Monitor w/ VSCC or TE-PM2.5C","19100","Dallas-Fort Worth-Arlington, TX","48","Texas","257","Kaufman","32.5649668","-96.3176831"
"05/20/2023","AQS","482570005","1","18.5","ug/m3 LC","69","Kaufman","1","100.0000","88101","PM2.5 - Local Conditions","209","Met One BAM-1022 Mass Monitor w/ VSCC or TE-PM2.5C","19100","Dallas-Fort Worth-Arlington, TX","48","Texas","257","Kaufman","32.5649668","-96.3176831"
"05/21/2023","AQS","482570005","1","14.1","ug/m3 LC","60","Kaufman","1","100.0000","88101","PM2.5 - Local Conditions","209","Met One BAM-1022 Mass Monitor w/ VSCC or TE-PM2.5C","19100","Dallas-Fort Worth-Arlington, TX","48","Texas","257","Kaufman","32.5649668","-96.3176831"
"05/22/2023","AQS","482570005","1","15.5","ug/m3 LC","63","Kaufman","1","100.0000","88101","PM2.5 - Local Conditions","209","Met One BAM-1022 Mass Monitor w/ VSCC or TE-PM2.5C","19100","Dallas-Fort Worth-Arlington, TX","48","Texas","257","Kaufman","32.5649668","-96.3176831"
"05/23/2023","AQS","482570005","1","20.1","ug/m3 LC","71","Kaufman","1","100.0000","88101","PM2.5 - Local Conditions","209","Met One BAM-1022 Mass Monitor w/ VSCC or TE-PM2.5C","19100","Dallas-Fort Worth-Arlington, TX","48","Texas","257","Kaufman","32.5649668","-96.3176831"
"05/24/2023","AQS","482570005","1","18.2","ug/m3 LC","68","Kaufman","1","100.0000","88101","PM2.5 - Local Conditions","209","Met One BAM-1022 Mass Monitor w/ VSCC or TE-PM2.5C","19100","Dallas-Fort Worth-Arlington, TX","48","Texas","257","Kaufman","32.5649668","-96.3176831"
"05/25/2023","AQS","482570005","1","11.8","ug/m3 LC","56","Kaufman","1","100.0000","88101","PM2.5 - Local Conditions","209","Met One BAM-1022 Mass Monitor w/ VSCC or TE-PM2.5C","19100","Dallas-Fort Worth-Arlington, TX","48","Texas","257","Kaufman","32.5649668","-96.3176831"
"05/26/2023","AQS","482570005","1","18.1","ug/m3 LC","68","Kaufman","1","100.0000","88101","PM2.5 - Local Conditions","209","Met One BAM-1022 Mass Monitor w/ VSCC or TE-PM2.5C","19100","Dallas-Fort Worth-Arlington, TX","48","Texas","257","Kaufman","32.5649668","-96.3176831"
"05/27/2023","AQS","482570005","1","19.3","ug/m3 LC","70","Kaufman","1","100.0000","88101","PM2.5 - Local Conditions","209","Met One BAM-1022 Mass Monitor w/ VSCC or TE-PM2.5C","19100","Dallas-Fort Worth-Arlington, TX","48","Texas","257","Kaufman","32.5649668","-96.3176831"
"05/28/2023","AQS","482570005","1","16.6","ug/m3 LC","65","Kaufman","1","100.0000","88101","PM2.5 - Local Conditions","209","Met One BAM-1022 Mass Monitor w/ VSCC or TE-PM2.5C","19100","Dallas-Fort Worth-Arlington, TX","48","Texas","257","Kaufman","32.5649668","-96.3176831"
"05/29/2023","AQS","482570005","1","13.2","ug/m3 LC","59","Kaufman","1","100.0000","88101","PM2.5 - Local Conditions","209","Met One BAM-1022 Mass Monitor w/ VSCC or TE-PM2.5C","19100","Dallas-Fort Worth-Arlington, TX","48","Texas","257","Kaufman","32.5649668","-96.3176831"
"05/30/2023","AQS","482570005","1","8.4","ug/m3 LC","47","Kaufman","1","100.0000","88101","PM2.5 - Local Conditions","209","Met One BAM-1022 Mass Monitor w/ VSCC or TE-PM2.5C","19100","Dallas-Fort Worth-Arlington, TX","48","Texas","257","Kaufman","32.5649668","-96.3176831"
"05/31/2023","AQS","482570005","1","12.4","ug/m3 LC","57","Kaufman","1","100.0000","88101","PM2.5 - Local Conditions","209","Met One BAM-1022 Mass Monitor w/ VSCC or TE-PM2.5C","19100","Dallas-Fort Worth-Arlington, TX","48","Texas","257","Kaufman","32.5649668","-96.3176831"
"06/01/2023","AQS","482570005","1","14.1","ug/m3 LC","60","Kaufman","1","100.0000","88101","PM2.5 - Local Conditions","209","Met One BAM-1022 Mass Monitor w/ VSCC or TE-PM2.5C","19100","Dallas-Fort Worth-Arlington, TX","48","Texas","257","Kaufman","32.5649668","-96.3176831"
"06/02/2023","AQS","482570005","1","14.1","ug/m3 LC","60","Kaufman","1","100.0000","88101","PM2.5 - Local Conditions","209","Met One BAM-1022 Mass Monitor w/ VSCC or TE-PM2.5C","19100","Dallas-Fort Worth-Arlington, TX","48","Texas","257","Kaufman","32.5649668","-96.3176831"
"06/03/2023","AQS","482570005","1","8.3","ug/m3 LC","46","Kaufman","1","100.0000","88101","PM2.5 - Local Conditions","209","Met One BAM-1022 Mass Monitor w/ VSCC or TE-PM2.5C","19100","Dallas-Fort Worth-Arlington, TX","48","Texas","257","Kaufman","32.5649668","-96.3176831"
"06/04/2023","AQS","482570005","1","4.8","ug/m3 LC","27","Kaufman","1","100.0000","88101","PM2.5 - Local Conditions","209","Met One BAM-1022 Mass Monitor w/ VSCC or TE-PM2.5C","19100","Dallas-Fort Worth-Arlington, TX","48","Texas","257","Kaufman","32.5649668","-96.3176831"
"06/05/2023","AQS","482570005","1","7.8","ug/m3 LC","43","Kaufman","1","100.0000","88101","PM2.5 - Local Conditions","209","Met One BAM-1022 Mass Monitor w/ VSCC or TE-PM2.5C","19100","Dallas-Fort Worth-Arlington, TX","48","Texas","257","Kaufman","32.5649668","-96.3176831"
"06/06/2023","AQS","482570005","1","11.3","ug/m3 LC","55","Kaufman","1","100.0000","88101","PM2.5 - Local Conditions","209","Met One BAM-1022 Mass Monitor w/ VSCC or TE-PM2.5C","19100","Dallas-Fort Worth-Arlington, TX","48","Texas","257","Kaufman","32.5649668","-96.3176831"
"06/07/2023","AQS","482570005","1","10.5","ug/m3 LC","54","Kaufman","1","100.0000","88101","PM2.5 - Local Conditions","209","Met One BAM-1022 Mass Monitor w/ VSCC or TE-PM2.5C","19100","Dallas-Fort Worth-Arlington, TX","48","Texas","257","Kaufman","32.5649668","-96.3176831"
"06/08/2023","AQS","482570005","1","6.1","ug/m3 LC","34","Kaufman","1","100.0000","88101","PM2.5 - Local Conditions","209","Met One BAM-1022 Mass Monitor w/ VSCC or TE-PM2.5C","19100","Dallas-Fort Worth-Arlington, TX","48","Texas","257","Kaufman","32.5649668","-96.3176831"
"06/09/2023","AQS","482570005","1","7.3","ug/m3 LC","41","Kaufman","1","100.0000","88101","PM2.5 - Local Conditions","209","Met One BAM-1022 Mass Monitor w/ VSCC or TE-PM2.5C","19100","Dallas-Fort Worth-Arlington, TX","48","Texas","257","Kaufman","32.5649668","-96.3176831"
"06/10/2023","AQS","482570005","1","6.8","ug/m3 LC","38","Kaufman","1","100.0000","88101","PM2.5 - Local Conditions","209","Met One BAM-1022 Mass Monitor w/ VSCC or TE-PM2.5C","19100","Dallas-Fort Worth-Arlington, TX","48","Texas","257","Kaufman","32.5649668","-96.3176831"
"06/11/2023","AQS","482570005","1","6.1","ug/m3 LC","34","Kaufman","1","100.0000","88101","PM2.5 - Local Conditions","209","Met One BAM-1022 Mass Monitor w/ VSCC or TE-PM2.5C","19100","Dallas-Fort Worth-Arlington, TX","48","Texas","257","Kaufman","32.5649668","-96.3176831"
"06/12/2023","AQS","482570005","1","6.2","ug/m3 LC","34","Kaufman","1","100.0000","88101","PM2.5 - Local Conditions","209","Met One BAM-1022 Mass Monitor w/ VSCC or TE-PM2.5C","19100","Dallas-Fort Worth-Arlington, TX","48","Texas","257","Kaufman","32.5649668","-96.3176831"
"06/13/2023","AQS","482570005","1","15.3","ug/m3 LC","63","Kaufman","1","100.0000","88101","PM2.5 - Local Conditions","209","Met One BAM-1022 Mass Monitor w/ VSCC or TE-PM2.5C","19100","Dallas-Fort Worth-Arlington, TX","48","Texas","257","Kaufman","32.5649668","-96.3176831"
"06/14/2023","AQS","482570005","1","16.5","ug/m3 LC","65","Kaufman","1","100.0000","88101","PM2.5 - Local Conditions","209","Met One BAM-1022 Mass Monitor w/ VSCC or TE-PM2.5C","19100","Dallas-Fort Worth-Arlington, TX","48","Texas","257","Kaufman","32.5649668","-96.3176831"
"06/15/2023","AQS","482570005","1","22.2","ug/m3 LC","75","Kaufman","1","100.0000","88101","PM2.5 - Local Conditions","209","Met One BAM-1022 Mass Monitor w/ VSCC or TE-PM2.5C","19100","Dallas-Fort Worth-Arlington, TX","48","Texas","257","Kaufman","32.5649668","-96.3176831"
"06/16/2023","AQS","482570005","1","15.1","ug/m3 LC","62","Kaufman","1","100.0000","88101","PM2.5 - Local Conditions","209","Met One BAM-1022 Mass Monitor w/ VSCC or TE-PM2.5C","19100","Dallas-Fort Worth-Arlington, TX","48","Texas","257","Kaufman","32.5649668","-96.3176831"
"06/17/2023","AQS","482570005","1","17.4","ug/m3 LC","66","Kaufman","1","100.0000","88101","PM2.5 - Local Conditions","209","Met One BAM-1022 Mass Monitor w/ VSCC or TE-PM2.5C","19100","Dallas-Fort Worth-Arlington, TX","48","Texas","257","Kaufman","32.5649668","-96.3176831"
"06/18/2023","AQS","482570005","1","16.2","ug/m3 LC","64","Kaufman","1","100.0000","88101","PM2.5 - Local Conditions","209","Met One BAM-1022 Mass Monitor w/ VSCC or TE-PM2.5C","19100","Dallas-Fort Worth-Arlington, TX","48","Texas","257","Kaufman","32.5649668","-96.3176831"
"06/19/2023","AQS","482570005","1","12.7","ug/m3 LC","58","Kaufman","1","100.0000","88101","PM2.5 - Local Conditions","209","Met One BAM-1022 Mass Monitor w/ VSCC or TE-PM2.5C","19100","Dallas-Fort Worth-Arlington, TX","48","Texas","257","Kaufman","32.5649668","-96.3176831"
"06/20/2023","AQS","482570005","1","17.7","ug/m3 LC","67","Kaufman","1","100.0000","88101","PM2.5 - Local Conditions","209","Met One BAM-1022 Mass Monitor w/ VSCC or TE-PM2.5C","19100","Dallas-Fort Worth-Arlington, TX","48","Texas","257","Kaufman","32.5649668","-96.3176831"
"06/21/2023","AQS","482570005","1","19.6","ug/m3 LC","71","Kaufman","1","100.0000","88101","PM2.5 - Local Conditions","209","Met One BAM-1022 Mass Monitor w/ VSCC or TE-PM2.5C","19100","Dallas-Fort Worth-Arlington, TX","48","Texas","257","Kaufman","32.5649668","-96.3176831"
"06/22/2023","AQS","482570005","1","12.2","ug/m3 LC","57","Kaufman","1","100.0000","88101","PM2.5 - Local Conditions","209","Met One BAM-1022 Mass Monitor w/ VSCC or TE-PM2.5C","19100","Dallas-Fort Worth-Arlington, TX","48","Texas","257","Kaufman","32.5649668","-96.3176831"
"06/23/2023","AQS","482570005","1","10.7","ug/m3 LC","54","Kaufman","1","100.0000","88101","PM2.5 - Local Conditions","209","Met One BAM-1022 Mass Monitor w/ VSCC or TE-PM2.5C","19100","Dallas-Fort Worth-Arlington, TX","48","Texas","257","Kaufman","32.5649668","-96.3176831"
"06/24/2023","AQS","482570005","1","8.5","ug/m3 LC","47","Kaufman","1","100.0000","88101","PM2.5 - Local Conditions","209","Met One BAM-1022 Mass Monitor w/ VSCC or TE-PM2.5C","19100","Dallas-Fort Worth-Arlington, TX","48","Texas","257","Kaufman","32.5649668","-96.3176831"
"06/25/2023","AQS","482570005","1","6.9","ug/m3 LC","38","Kaufman","1","100.0000","88101","PM2.5 - Local Conditions","209","Met One BAM-1022 Mass Monitor w/ VSCC or TE-PM2.5C","19100","Dallas-Fort Worth-Arlington, TX","48","Texas","257","Kaufman","32.5649668","-96.3176831"
"06/26/2023","AQS","482570005","1","6.8","ug/m3 LC","38","Kaufman","1","100.0000","88101","PM2.5 - Local Conditions","209","Met One BAM-1022 Mass Monitor w/ VSCC or TE-PM2.5C","19100","Dallas-Fort Worth-Arlington, TX","48","Texas","257","Kaufman","32.5649668","-96.3176831"
"06/27/2023","AQS","482570005","1","7.9","ug/m3 LC","44","Kaufman","1","100.0000","88101","PM2.5 - Local Conditions","209","Met One BAM-1022 Mass Monitor w/ VSCC or TE-PM2.5C","19100","Dallas-Fort Worth-Arlington, TX","48","Texas","257","Kaufman","32.5649668","-96.3176831"
"06/28/2023","AQS","482570005","1","9.1","ug/m3 LC","51","Kaufman","1","100.0000","88101","PM2.5 - Local Conditions","209","Met One BAM-1022 Mass Monitor w/ VSCC or TE-PM2.5C","19100","Dallas-Fort Worth-Arlington, TX","48","Texas","257","Kaufman","32.5649668","-96.3176831"
"06/29/2023","AQS","482570005","1","7.2","ug/m3 LC","40","Kaufman","1","100.0000","88101","PM2.5 - Local Conditions","209","Met One BAM-1022 Mass Monitor w/ VSCC or TE-PM2.5C","19100","Dallas-Fort Worth-Arlington, TX","48","Texas","257","Kaufman","32.5649668","-96.3176831"
"06/30/2023","AQS","482570005","1","7.3","ug/m3 LC","41","Kaufman","1","100.0000","88101","PM2.5 - Local Conditions","209","Met One BAM-1022 Mass Monitor w/ VSCC or TE-PM2.5C","19100","Dallas-Fort Worth-Arlington, TX","48","Texas","257","Kaufman","32.5649668","-96.3176831"
"07/01/2023","AQS","482570005","1","7.2","ug/m3 LC","40","Kaufman","1","100.0000","88101","PM2.5 - Local Conditions","209","Met One BAM-1022 Mass Monitor w/ VSCC or TE-PM2.5C","19100","Dallas-Fort Worth-Arlington, TX","48","Texas","257","Kaufman","32.5649668","-96.3176831"
"07/02/2023","AQS","482570005","1","11.6","ug/m3 LC","56","Kaufman","1","100.0000","88101","PM2.5 - Local Conditions","209","Met One BAM-1022 Mass Monitor w/ VSCC or TE-PM2.5C","19100","Dallas-Fort Worth-Arlington, TX","48","Texas","257","Kaufman","32.5649668","-96.3176831"
"07/03/2023","AQS","482570005","1","8.4","ug/m3 LC","47","Kaufman","1","100.0000","88101","PM2.5 - Local Conditions","209","Met One BAM-1022 Mass Monitor w/ VSCC or TE-PM2.5C","19100","Dallas-Fort Worth-Arlington, TX","48","Texas","257","Kaufman","32.5649668","-96.3176831"
"07/05/2023","AQS","482570005","1","7.3","ug/m3 LC","41","Kaufman","1","100.0000","88101","PM2.5 - Local Conditions","209","Met One BAM-1022 Mass Monitor w/ VSCC or TE-PM2.5C","19100","Dallas-Fort Worth-Arlington, TX","48","Texas","257","Kaufman","32.5649668","-96.3176831"
"07/06/2023","AQS","482570005","1","5.5","ug/m3 LC","31","Kaufman","1","100.0000","88101","PM2.5 - Local Conditions","209","Met One BAM-1022 Mass Monitor w/ VSCC or TE-PM2.5C","19100","Dallas-Fort Worth-Arlington, TX","48","Texas","257","Kaufman","32.5649668","-96.3176831"
"07/07/2023","AQS","482570005","1","6","ug/m3 LC","33","Kaufman","1","100.0000","88101","PM2.5 - Local Conditions","209","Met One BAM-1022 Mass Monitor w/ VSCC or TE-PM2.5C","19100","Dallas-Fort Worth-Arlington, TX","48","Texas","257","Kaufman","32.5649668","-96.3176831"
"07/08/2023","AQS","482570005","1","5","ug/m3 LC","28","Kaufman","1","100.0000","88101","PM2.5 - Local Conditions","209","Met One BAM-1022 Mass Monitor w/ VSCC or TE-PM2.5C","19100","Dallas-Fort Worth-Arlington, TX","48","Texas","257","Kaufman","32.5649668","-96.3176831"
"07/09/2023","AQS","482570005","1","3.7","ug/m3 LC","21","Kaufman","1","100.0000","88101","PM2.5 - Local Conditions","209","Met One BAM-1022 Mass Monitor w/ VSCC or TE-PM2.5C","19100","Dallas-Fort Worth-Arlington, TX","48","Texas","257","Kaufman","32.5649668","-96.3176831"
"07/10/2023","AQS","482570005","1","9.5","ug/m3 LC","52","Kaufman","1","100.0000","88101","PM2.5 - Local Conditions","209","Met One BAM-1022 Mass Monitor w/ VSCC or TE-PM2.5C","19100","Dallas-Fort Worth-Arlington, TX","48","Texas","257","Kaufman","32.5649668","-96.3176831"
"07/11/2023","AQS","482570005","1","9.9","ug/m3 LC","52","Kaufman","1","100.0000","88101","PM2.5 - Local Conditions","209","Met One BAM-1022 Mass Monitor w/ VSCC or TE-PM2.5C","19100","Dallas-Fort Worth-Arlington, TX","48","Texas","257","Kaufman","32.5649668","-96.3176831"
"07/12/2023","AQS","482570005","1","10","ug/m3 LC","53","Kaufman","1","100.0000","88101","PM2.5 - Local Conditions","209","Met One BAM-1022 Mass Monitor w/ VSCC or TE-PM2.5C","19100","Dallas-Fort Worth-Arlington, TX","48","Texas","257","Kaufman","32.5649668","-96.3176831"
"07/13/2023","AQS","482570005","1","8","ug/m3 LC","44","Kaufman","1","100.0000","88101","PM2.5 - Local Conditions","209","Met One BAM-1022 Mass Monitor w/ VSCC or TE-PM2.5C","19100","Dallas-Fort Worth-Arlington, TX","48","Texas","257","Kaufman","32.5649668","-96.3176831"
"07/14/2023","AQS","482570005","1","15.6","ug/m3 LC","63","Kaufman","1","100.0000","88101","PM2.5 - Local Conditions","209","Met One BAM-1022 Mass Monitor w/ VSCC or TE-PM2.5C","19100","Dallas-Fort Worth-Arlington, TX","48","Texas","257","Kaufman","32.5649668","-96.3176831"
"07/15/2023","AQS","482570005","1","15","ug/m3 LC","62","Kaufman","1","100.0000","88101","PM2.5 - Local Conditions","209","Met One BAM-1022 Mass Monitor w/ VSCC or TE-PM2.5C","19100","Dallas-Fort Worth-Arlington, TX","48","Texas","257","Kaufman","32.5649668","-96.3176831"
"07/16/2023","AQS","482570005","1","11.5","ug/m3 LC","55","Kaufman","1","100.0000","88101","PM2.5 - Local Conditions","209","Met One BAM-1022 Mass Monitor w/ VSCC or TE-PM2.5C","19100","Dallas-Fort Worth-Arlington, TX","48","Texas","257","Kaufman","32.5649668","-96.3176831"
"07/17/2023","AQS","482570005","1","17.6","ug/m3 LC","67","Kaufman","1","100.0000","88101","PM2.5 - Local Conditions","209","Met One BAM-1022 Mass Monitor w/ VSCC or TE-PM2.5C","19100","Dallas-Fort Worth-Arlington, TX","48","Texas","257","Kaufman","32.5649668","-96.3176831"
"07/18/2023","AQS","482570005","1","14.6","ug/m3 LC","61","Kaufman","1","100.0000","88101","PM2.5 - Local Conditions","209","Met One BAM-1022 Mass Monitor w/ VSCC or TE-PM2.5C","19100","Dallas-Fort Worth-Arlington, TX","48","Texas","257","Kaufman","32.5649668","-96.3176831"
"07/19/2023","AQS","482570005","1","15.7","ug/m3 LC","63","Kaufman","1","100.0000","88101","PM2.5 - Local Conditions","209","Met One BAM-1022 Mass Monitor w/ VSCC or TE-PM2.5C","19100","Dallas-Fort Worth-Arlington, TX","48","Texas","257","Kaufman","32.5649668","-96.3176831"
"07/20/2023","AQS","482570005","1","15.1","ug/m3 LC","62","Kaufman","1","100.0000","88101","PM2.5 - Local Conditions","209","Met One BAM-1022 Mass Monitor w/ VSCC or TE-PM2.5C","19100","Dallas-Fort Worth-Arlington, TX","48","Texas","257","Kaufman","32.5649668","-96.3176831"
"07/21/2023","AQS","482570005","1","14","ug/m3 LC","60","Kaufman","1","100.0000","88101","PM2.5 - Local Conditions","209","Met One BAM-1022 Mass Monitor w/ VSCC or TE-PM2.5C","19100","Dallas-Fort Worth-Arlington, TX","48","Texas","257","Kaufman","32.5649668","-96.3176831"
"07/22/2023","AQS","482570005","1","5.8","ug/m3 LC","32","Kaufman","1","100.0000","88101","PM2.5 - Local Conditions","209","Met One BAM-1022 Mass Monitor w/ VSCC or TE-PM2.5C","19100","Dallas-Fort Worth-Arlington, TX","48","Texas","257","Kaufman","32.5649668","-96.3176831"
"07/23/2023","AQS","482570005","1","9","ug/m3 LC","50","Kaufman","1","100.0000","88101","PM2.5 - Local Conditions","209","Met One BAM-1022 Mass Monitor w/ VSCC or TE-PM2.5C","19100","Dallas-Fort Worth-Arlington, TX","48","Texas","257","Kaufman","32.5649668","-96.3176831"
"07/24/2023","AQS","482570005","1","10.4","ug/m3 LC","53","Kaufman","1","100.0000","88101","PM2.5 - Local Conditions","209","Met One BAM-1022 Mass Monitor w/ VSCC or TE-PM2.5C","19100","Dallas-Fort Worth-Arlington, TX","48","Texas","257","Kaufman","32.5649668","-96.3176831"
"07/25/2023","AQS","482570005","1","10.7","ug/m3 LC","54","Kaufman","1","100.0000","88101","PM2.5 - Local Conditions","209","Met One BAM-1022 Mass Monitor w/ VSCC or TE-PM2.5C","19100","Dallas-Fort Worth-Arlington, TX","48","Texas","257","Kaufman","32.5649668","-96.3176831"
"07/26/2023","AQS","482570005","1","17.1","ug/m3 LC","66","Kaufman","1","100.0000","88101","PM2.5 - Local Conditions","209","Met One BAM-1022 Mass Monitor w/ VSCC or TE-PM2.5C","19100","Dallas-Fort Worth-Arlington, TX","48","Texas","257","Kaufman","32.5649668","-96.3176831"
"07/27/2023","AQS","482570005","1","16.7","ug/m3 LC","65","Kaufman","1","100.0000","88101","PM2.5 - Local Conditions","209","Met One BAM-1022 Mass Monitor w/ VSCC or TE-PM2.5C","19100","Dallas-Fort Worth-Arlington, TX","48","Texas","257","Kaufman","32.5649668","-96.3176831"
"07/28/2023","AQS","482570005","1","16.3","ug/m3 LC","64","Kaufman","1","100.0000","88101","PM2.5 - Local Conditions","209","Met One BAM-1022 Mass Monitor w/ VSCC or TE-PM2.5C","19100","Dallas-Fort Worth-Arlington, TX","48","Texas","257","Kaufman","32.5649668","-96.3176831"
"07/29/2023","AQS","482570005","1","15.8","ug/m3 LC","63","Kaufman","1","100.0000","88101","PM2.5 - Local Conditions","209","Met One BAM-1022 Mass Monitor w/ VSCC or TE-PM2.5C","19100","Dallas-Fort Worth-Arlington, TX","48","Texas","257","Kaufman","32.5649668","-96.3176831"
"07/30/2023","AQS","482570005","1","13.1","ug/m3 LC","58","Kaufman","1","100.0000","88101","PM2.5 - Local Conditions","209","Met One BAM-1022 Mass Monitor w/ VSCC or TE-PM2.5C","19100","Dallas-Fort Worth-Arlington, TX","48","Texas","257","Kaufman","32.5649668","-96.3176831"
"07/31/2023","AQS","482570005","1","13.7","ug/m3 LC","60","Kaufman","1","100.0000","88101","PM2.5 - Local Conditions","209","Met One BAM-1022 Mass Monitor w/ VSCC or TE-PM2.5C","19100","Dallas-Fort Worth-Arlington, TX","48","Texas","257","Kaufman","32.5649668","-96.3176831"
"08/01/2023","AQS","482570005","1","13","ug/m3 LC","58","Kaufman","1","100.0000","88101","PM2.5 - Local Conditions","209","Met One BAM-1022 Mass Monitor w/ VSCC or TE-PM2.5C","19100","Dallas-Fort Worth-Arlington, TX","48","Texas","257","Kaufman","32.5649668","-96.3176831"
"08/02/2023","AQS","482570005","1","11.4","ug/m3 LC","55","Kaufman","1","100.0000","88101","PM2.5 - Local Conditions","209","Met One BAM-1022 Mass Monitor w/ VSCC or TE-PM2.5C","19100","Dallas-Fort Worth-Arlington, TX","48","Texas","257","Kaufman","32.5649668","-96.3176831"
"08/03/2023","AQS","482570005","1","7.9","ug/m3 LC","44","Kaufman","1","100.0000","88101","PM2.5 - Local Conditions","209","Met One BAM-1022 Mass Monitor w/ VSCC or TE-PM2.5C","19100","Dallas-Fort Worth-Arlington, TX","48","Texas","257","Kaufman","32.5649668","-96.3176831"
"08/04/2023","AQS","482570005","1","6.1","ug/m3 LC","34","Kaufman","1","100.0000","88101","PM2.5 - Local Conditions","209","Met One BAM-1022 Mass Monitor w/ VSCC or TE-PM2.5C","19100","Dallas-Fort Worth-Arlington, TX","48","Texas","257","Kaufman","32.5649668","-96.3176831"
"08/05/2023","AQS","482570005","1","9.9","ug/m3 LC","52","Kaufman","1","100.0000","88101","PM2.5 - Local Conditions","209","Met One BAM-1022 Mass Monitor w/ VSCC or TE-PM2.5C","19100","Dallas-Fort Worth-Arlington, TX","48","Texas","257","Kaufman","32.5649668","-96.3176831"
"08/06/2023","AQS","482570005","1","7.3","ug/m3 LC","41","Kaufman","1","100.0000","88101","PM2.5 - Local Conditions","209","Met One BAM-1022 Mass Monitor w/ VSCC or TE-PM2.5C","19100","Dallas-Fort Worth-Arlington, TX","48","Texas","257","Kaufman","32.5649668","-96.3176831"
"08/07/2023","AQS","482570005","1","7.5","ug/m3 LC","42","Kaufman","1","100.0000","88101","PM2.5 - Local Conditions","209","Met One BAM-1022 Mass Monitor w/ VSCC or TE-PM2.5C","19100","Dallas-Fort Worth-Arlington, TX","48","Texas","257","Kaufman","32.5649668","-96.3176831"
"08/08/2023","AQS","482570005","1","9.6","ug/m3 LC","52","Kaufman","1","100.0000","88101","PM2.5 - Local Conditions","209","Met One BAM-1022 Mass Monitor w/ VSCC or TE-PM2.5C","19100","Dallas-Fort Worth-Arlington, TX","48","Texas","257","Kaufman","32.5649668","-96.3176831"
"08/09/2023","AQS","482570005","1","6.9","ug/m3 LC","38","Kaufman","1","100.0000","88101","PM2.5 - Local Conditions","209","Met One BAM-1022 Mass Monitor w/ VSCC or TE-PM2.5C","19100","Dallas-Fort Worth-Arlington, TX","48","Texas","257","Kaufman","32.5649668","-96.3176831"
"08/10/2023","AQS","482570005","1","8.4","ug/m3 LC","47","Kaufman","1","100.0000","88101","PM2.5 - Local Conditions","209","Met One BAM-1022 Mass Monitor w/ VSCC or TE-PM2.5C","19100","Dallas-Fort Worth-Arlington, TX","48","Texas","257","Kaufman","32.5649668","-96.3176831"
"08/11/2023","AQS","482570005","1","7.8","ug/m3 LC","43","Kaufman","1","100.0000","88101","PM2.5 - Local Conditions","209","Met One BAM-1022 Mass Monitor w/ VSCC or TE-PM2.5C","19100","Dallas-Fort Worth-Arlington, TX","48","Texas","257","Kaufman","32.5649668","-96.3176831"
"08/12/2023","AQS","482570005","1","9","ug/m3 LC","50","Kaufman","1","100.0000","88101","PM2.5 - Local Conditions","209","Met One BAM-1022 Mass Monitor w/ VSCC or TE-PM2.5C","19100","Dallas-Fort Worth-Arlington, TX","48","Texas","257","Kaufman","32.5649668","-96.3176831"
"08/13/2023","AQS","482570005","1","8.3","ug/m3 LC","46","Kaufman","1","100.0000","88101","PM2.5 - Local Conditions","209","Met One BAM-1022 Mass Monitor w/ VSCC or TE-PM2.5C","19100","Dallas-Fort Worth-Arlington, TX","48","Texas","257","Kaufman","32.5649668","-96.3176831"
"08/14/2023","AQS","482570005","1","8.5","ug/m3 LC","47","Kaufman","1","100.0000","88101","PM2.5 - Local Conditions","209","Met One BAM-1022 Mass Monitor w/ VSCC or TE-PM2.5C","19100","Dallas-Fort Worth-Arlington, TX","48","Texas","257","Kaufman","32.5649668","-96.3176831"
"08/15/2023","AQS","482570005","1","2.6","ug/m3 LC","14","Kaufman","1","100.0000","88101","PM2.5 - Local Conditions","209","Met One BAM-1022 Mass Monitor w/ VSCC or TE-PM2.5C","19100","Dallas-Fort Worth-Arlington, TX","48","Texas","257","Kaufman","32.5649668","-96.3176831"
"08/16/2023","AQS","482570005","1","4.3","ug/m3 LC","24","Kaufman","1","100.0000","88101","PM2.5 - Local Conditions","209","Met One BAM-1022 Mass Monitor w/ VSCC or TE-PM2.5C","19100","Dallas-Fort Worth-Arlington, TX","48","Texas","257","Kaufman","32.5649668","-96.3176831"
"08/17/2023","AQS","482570005","1","7.8","ug/m3 LC","43","Kaufman","1","100.0000","88101","PM2.5 - Local Conditions","209","Met One BAM-1022 Mass Monitor w/ VSCC or TE-PM2.5C","19100","Dallas-Fort Worth-Arlington, TX","48","Texas","257","Kaufman","32.5649668","-96.3176831"
"08/18/2023","AQS","482570005","1","8.1","ug/m3 LC","45","Kaufman","1","100.0000","88101","PM2.5 - Local Conditions","209","Met One BAM-1022 Mass Monitor w/ VSCC or TE-PM2.5C","19100","Dallas-Fort Worth-Arlington, TX","48","Texas","257","Kaufman","32.5649668","-96.3176831"
"08/19/2023","AQS","482570005","1","8.5","ug/m3 LC","47","Kaufman","1","100.0000","88101","PM2.5 - Local Conditions","209","Met One BAM-1022 Mass Monitor w/ VSCC or TE-PM2.5C","19100","Dallas-Fort Worth-Arlington, TX","48","Texas","257","Kaufman","32.5649668","-96.3176831"
"08/20/2023","AQS","482570005","1","11.8","ug/m3 LC","56","Kaufman","1","100.0000","88101","PM2.5 - Local Conditions","209","Met One BAM-1022 Mass Monitor w/ VSCC or TE-PM2.5C","19100","Dallas-Fort Worth-Arlington, TX","48","Texas","257","Kaufman","32.5649668","-96.3176831"
"08/21/2023","AQS","482570005","1","16.5","ug/m3 LC","65","Kaufman","1","100.0000","88101","PM2.5 - Local Conditions","209","Met One BAM-1022 Mass Monitor w/ VSCC or TE-PM2.5C","19100","Dallas-Fort Worth-Arlington, TX","48","Texas","257","Kaufman","32.5649668","-96.3176831"
"08/22/2023","AQS","482570005","1","14.4","ug/m3 LC","61","Kaufman","1","100.0000","88101","PM2.5 - Local Conditions","209","Met One BAM-1022 Mass Monitor w/ VSCC or TE-PM2.5C","19100","Dallas-Fort Worth-Arlington, TX","48","Texas","257","Kaufman","32.5649668","-96.3176831"
"08/23/2023","AQS","482570005","1","12.9","ug/m3 LC","58","Kaufman","1","100.0000","88101","PM2.5 - Local Conditions","209","Met One BAM-1022 Mass Monitor w/ VSCC or TE-PM2.5C","19100","Dallas-Fort Worth-Arlington, TX","48","Texas","257","Kaufman","32.5649668","-96.3176831"
"08/24/2023","AQS","482570005","1","15.8","ug/m3 LC","63","Kaufman","1","100.0000","88101","PM2.5 - Local Conditions","209","Met One BAM-1022 Mass Monitor w/ VSCC or TE-PM2.5C","19100","Dallas-Fort Worth-Arlington, TX","48","Texas","257","Kaufman","32.5649668","-96.3176831"
"08/25/2023","AQS","482570005","1","17","ug/m3 LC","66","Kaufman","1","100.0000","88101","PM2.5 - Local Conditions","209","Met One BAM-1022 Mass Monitor w/ VSCC or TE-PM2.5C","19100","Dallas-Fort Worth-Arlington, TX","48","Texas","257","Kaufman","32.5649668","-96.3176831"
"08/26/2023","AQS","482570005","1","14.5","ug/m3 LC","61","Kaufman","1","100.0000","88101","PM2.5 - Local Conditions","209","Met One BAM-1022 Mass Monitor w/ VSCC or TE-PM2.5C","19100","Dallas-Fort Worth-Arlington, TX","48","Texas","257","Kaufman","32.5649668","-96.3176831"
"08/27/2023","AQS","482570005","1","9.3","ug/m3 LC","51","Kaufman","1","100.0000","88101","PM2.5 - Local Conditions","209","Met One BAM-1022 Mass Monitor w/ VSCC or TE-PM2.5C","19100","Dallas-Fort Worth-Arlington, TX","48","Texas","257","Kaufman","32.5649668","-96.3176831"
"08/28/2023","AQS","482570005","1","7.6","ug/m3 LC","42","Kaufman","1","100.0000","88101","PM2.5 - Local Conditions","209","Met One BAM-1022 Mass Monitor w/ VSCC or TE-PM2.5C","19100","Dallas-Fort Worth-Arlington, TX","48","Texas","257","Kaufman","32.5649668","-96.3176831"
"08/29/2023","AQS","482570005","1","9.2","ug/m3 LC","51","Kaufman","1","100.0000","88101","PM2.5 - Local Conditions","209","Met One BAM-1022 Mass Monitor w/ VSCC or TE-PM2.5C","19100","Dallas-Fort Worth-Arlington, TX","48","Texas","257","Kaufman","32.5649668","-96.3176831"
"08/30/2023","AQS","482570005","1","12","ug/m3 LC","56","Kaufman","1","100.0000","88101","PM2.5 - Local Conditions","209","Met One BAM-1022 Mass Monitor w/ VSCC or TE-PM2.5C","19100","Dallas-Fort Worth-Arlington, TX","48","Texas","257","Kaufman","32.5649668","-96.3176831"
"08/31/2023","AQS","482570005","1","15.6","ug/m3 LC","63","Kaufman","1","100.0000","88101","PM2.5 - Local Conditions","209","Met One BAM-1022 Mass Monitor w/ VSCC or TE-PM2.5C","19100","Dallas-Fort Worth-Arlington, TX","48","Texas","257","Kaufman","32.5649668","-96.3176831"
"09/01/2023","AQS","482570005","1","10.8","ug/m3 LC","54","Kaufman","1","100.0000","88101","PM2.5 - Local Conditions","209","Met One BAM-1022 Mass Monitor w/ VSCC or TE-PM2.5C","19100","Dallas-Fort Worth-Arlington, TX","48","Texas","257","Kaufman","32.5649668","-96.3176831"
"09/02/2023","AQS","482570005","1","10.4","ug/m3 LC","53","Kaufman","1","100.0000","88101","PM2.5 - Local Conditions","209","Met One BAM-1022 Mass Monitor w/ VSCC or TE-PM2.5C","19100","Dallas-Fort Worth-Arlington, TX","48","Texas","257","Kaufman","32.5649668","-96.3176831"
"09/03/2023","AQS","482570005","1","12.4","ug/m3 LC","57","Kaufman","1","100.0000","88101","PM2.5 - Local Conditions","209","Met One BAM-1022 Mass Monitor w/ VSCC or TE-PM2.5C","19100","Dallas-Fort Worth-Arlington, TX","48","Texas","257","Kaufman","32.5649668","-96.3176831"
"09/04/2023","AQS","482570005","1","8.5","ug/m3 LC","47","Kaufman","1","100.0000","88101","PM2.5 - Local Conditions","209","Met One BAM-1022 Mass Monitor w/ VSCC or TE-PM2.5C","19100","Dallas-Fort Worth-Arlington, TX","48","Texas","257","Kaufman","32.5649668","-96.3176831"
"09/05/2023","AQS","482570005","1","7","ug/m3 LC","39","Kaufman","1","100.0000","88101","PM2.5 - Local Conditions","209","Met One BAM-1022 Mass Monitor w/ VSCC or TE-PM2.5C","19100","Dallas-Fort Worth-Arlington, TX","48","Texas","257","Kaufman","32.5649668","-96.3176831"
"09/06/2023","AQS","482570005","1","6.5","ug/m3 LC","36","Kaufman","1","100.0000","88101","PM2.5 - Local Conditions","209","Met One BAM-1022 Mass Monitor w/ VSCC or TE-PM2.5C","19100","Dallas-Fort Worth-Arlington, TX","48","Texas","257","Kaufman","32.5649668","-96.3176831"
"09/07/2023","AQS","482570005","1","5.8","ug/m3 LC","32","Kaufman","1","100.0000","88101","PM2.5 - Local Conditions","209","Met One BAM-1022 Mass Monitor w/ VSCC or TE-PM2.5C","19100","Dallas-Fort Worth-Arlington, TX","48","Texas","257","Kaufman","32.5649668","-96.3176831"
"09/08/2023","AQS","482570005","1","7.3","ug/m3 LC","41","Kaufman","1","100.0000","88101","PM2.5 - Local Conditions","209","Met One BAM-1022 Mass Monitor w/ VSCC or TE-PM2.5C","19100","Dallas-Fort Worth-Arlington, TX","48","Texas","257","Kaufman","32.5649668","-96.3176831"
"09/09/2023","AQS","482570005","1","9.3","ug/m3 LC","51","Kaufman","1","100.0000","88101","PM2.5 - Local Conditions","209","Met One BAM-1022 Mass Monitor w/ VSCC or TE-PM2.5C","19100","Dallas-Fort Worth-Arlington, TX","48","Texas","257","Kaufman","32.5649668","-96.3176831"
"09/10/2023","AQS","482570005","1","10.8","ug/m3 LC","54","Kaufman","1","100.0000","88101","PM2.5 - Local Conditions","209","Met One BAM-1022 Mass Monitor w/ VSCC or TE-PM2.5C","19100","Dallas-Fort Worth-Arlington, TX","48","Texas","257","Kaufman","32.5649668","-96.3176831"
"09/11/2023","AQS","482570005","1","7.8","ug/m3 LC","43","Kaufman","1","100.0000","88101","PM2.5 - Local Conditions","209","Met One BAM-1022 Mass Monitor w/ VSCC or TE-PM2.5C","19100","Dallas-Fort Worth-Arlington, TX","48","Texas","257","Kaufman","32.5649668","-96.3176831"
"09/12/2023","AQS","482570005","1","9.8","ug/m3 LC","52","Kaufman","1","100.0000","88101","PM2.5 - Local Conditions","209","Met One BAM-1022 Mass Monitor w/ VSCC or TE-PM2.5C","19100","Dallas-Fort Worth-Arlington, TX","48","Texas","257","Kaufman","32.5649668","-96.3176831"
"09/13/2023","AQS","482570005","1","10.4","ug/m3 LC","53","Kaufman","1","100.0000","88101","PM2.5 - Local Conditions","209","Met One BAM-1022 Mass Monitor w/ VSCC or TE-PM2.5C","19100","Dallas-Fort Worth-Arlington, TX","48","Texas","257","Kaufman","32.5649668","-96.3176831"
"09/14/2023","AQS","482570005","1","9.2","ug/m3 LC","51","Kaufman","1","100.0000","88101","PM2.5 - Local Conditions","209","Met One BAM-1022 Mass Monitor w/ VSCC or TE-PM2.5C","19100","Dallas-Fort Worth-Arlington, TX","48","Texas","257","Kaufman","32.5649668","-96.3176831"
"09/15/2023","AQS","482570005","1","9.6","ug/m3 LC","52","Kaufman","1","100.0000","88101","PM2.5 - Local Conditions","209","Met One BAM-1022 Mass Monitor w/ VSCC or TE-PM2.5C","19100","Dallas-Fort Worth-Arlington, TX","48","Texas","257","Kaufman","32.5649668","-96.3176831"
"09/16/2023","AQS","482570005","1","10.5","ug/m3 LC","54","Kaufman","1","100.0000","88101","PM2.5 - Local Conditions","209","Met One BAM-1022 Mass Monitor w/ VSCC or TE-PM2.5C","19100","Dallas-Fort Worth-Arlington, TX","48","Texas","257","Kaufman","32.5649668","-96.3176831"
"09/17/2023","AQS","482570005","1","8.1","ug/m3 LC","45","Kaufman","1","100.0000","88101","PM2.5 - Local Conditions","209","Met One BAM-1022 Mass Monitor w/ VSCC or TE-PM2.5C","19100","Dallas-Fort Worth-Arlington, TX","48","Texas","257","Kaufman","32.5649668","-96.3176831"
"09/18/2023","AQS","482570005","1","6.3","ug/m3 LC","35","Kaufman","1","100.0000","88101","PM2.5 - Local Conditions","209","Met One BAM-1022 Mass Monitor w/ VSCC or TE-PM2.5C","19100","Dallas-Fort Worth-Arlington, TX","48","Texas","257","Kaufman","32.5649668","-96.3176831"
"09/19/2023","AQS","482570005","1","9.4","ug/m3 LC","52","Kaufman","1","100.0000","88101","PM2.5 - Local Conditions","209","Met One BAM-1022 Mass Monitor w/ VSCC or TE-PM2.5C","19100","Dallas-Fort Worth-Arlington, TX","48","Texas","257","Kaufman","32.5649668","-96.3176831"
"09/20/2023","AQS","482570005","1","8.9","ug/m3 LC","49","Kaufman","1","100.0000","88101","PM2.5 - Local Conditions","209","Met One BAM-1022 Mass Monitor w/ VSCC or TE-PM2.5C","19100","Dallas-Fort Worth-Arlington, TX","48","Texas","257","Kaufman","32.5649668","-96.3176831"
"09/21/2023","AQS","482570005","1","7.4","ug/m3 LC","41","Kaufman","1","100.0000","88101","PM2.5 - Local Conditions","209","Met One BAM-1022 Mass Monitor w/ VSCC or TE-PM2.5C","19100","Dallas-Fort Worth-Arlington, TX","48","Texas","257","Kaufman","32.5649668","-96.3176831"
"09/22/2023","AQS","482570005","1","6.1","ug/m3 LC","34","Kaufman","1","100.0000","88101","PM2.5 - Local Conditions","209","Met One BAM-1022 Mass Monitor w/ VSCC or TE-PM2.5C","19100","Dallas-Fort Worth-Arlington, TX","48","Texas","257","Kaufman","32.5649668","-96.3176831"
"09/23/2023","AQS","482570005","1","5.9","ug/m3 LC","33","Kaufman","1","100.0000","88101","PM2.5 - Local Conditions","209","Met One BAM-1022 Mass Monitor w/ VSCC or TE-PM2.5C","19100","Dallas-Fort Worth-Arlington, TX","48","Texas","257","Kaufman","32.5649668","-96.3176831"
"09/24/2023","AQS","482570005","1","4.6","ug/m3 LC","26","Kaufman","1","100.0000","88101","PM2.5 - Local Conditions","209","Met One BAM-1022 Mass Monitor w/ VSCC or TE-PM2.5C","19100","Dallas-Fort Worth-Arlington, TX","48","Texas","257","Kaufman","32.5649668","-96.3176831"
"09/25/2023","AQS","482570005","1","4.9","ug/m3 LC","27","Kaufman","1","100.0000","88101","PM2.5 - Local Conditions","209","Met One BAM-1022 Mass Monitor w/ VSCC or TE-PM2.5C","19100","Dallas-Fort Worth-Arlington, TX","48","Texas","257","Kaufman","32.5649668","-96.3176831"
"09/26/2023","AQS","482570005","1","8.7","ug/m3 LC","48","Kaufman","1","100.0000","88101","PM2.5 - Local Conditions","209","Met One BAM-1022 Mass Monitor w/ VSCC or TE-PM2.5C","19100","Dallas-Fort Worth-Arlington, TX","48","Texas","257","Kaufman","32.5649668","-96.3176831"
"09/27/2023","AQS","482570005","1","13.7","ug/m3 LC","60","Kaufman","1","100.0000","88101","PM2.5 - Local Conditions","209","Met One BAM-1022 Mass Monitor w/ VSCC or TE-PM2.5C","19100","Dallas-Fort Worth-Arlington, TX","48","Texas","257","Kaufman","32.5649668","-96.3176831"
"09/28/2023","AQS","482570005","1","12.7","ug/m3 LC","58","Kaufman","1","100.0000","88101","PM2.5 - Local Conditions","209","Met One BAM-1022 Mass Monitor w/ VSCC or TE-PM2.5C","19100","Dallas-Fort Worth-Arlington, TX","48","Texas","257","Kaufman","32.5649668","-96.3176831"
"09/29/2023","AQS","482570005","1","11.5","ug/m3 LC","55","Kaufman","1","100.0000","88101","PM2.5 - Local Conditions","209","Met One BAM-1022 Mass Monitor w/ VSCC or TE-PM2.5C","19100","Dallas-Fort Worth-Arlington, TX","48","Texas","257","Kaufman","32.5649668","-96.3176831"
"09/30/2023","AQS","482570005","1","8.1","ug/m3 LC","45","Kaufman","1","100.0000","88101","PM2.5 - Local Conditions","209","Met One BAM-1022 Mass Monitor w/ VSCC or TE-PM2.5C","19100","Dallas-Fort Worth-Arlington, TX","48","Texas","257","Kaufman","32.5649668","-96.3176831"
"10/01/2023","AQS","482570005","1","10.3","ug/m3 LC","53","Kaufman","1","100.0000","88101","PM2.5 - Local Conditions","209","Met One BAM-1022 Mass Monitor w/ VSCC or TE-PM2.5C","19100","Dallas-Fort Worth-Arlington, TX","48","Texas","257","Kaufman","32.5649668","-96.3176831"
"10/02/2023","AQS","482570005","1","12.1","ug/m3 LC","57","Kaufman","1","100.0000","88101","PM2.5 - Local Conditions","209","Met One BAM-1022 Mass Monitor w/ VSCC or TE-PM2.5C","19100","Dallas-Fort Worth-Arlington, TX","48","Texas","257","Kaufman","32.5649668","-96.3176831"
"10/03/2023","AQS","482570005","1","7.7","ug/m3 LC","43","Kaufman","1","100.0000","88101","PM2.5 - Local Conditions","209","Met One BAM-1022 Mass Monitor w/ VSCC or TE-PM2.5C","19100","Dallas-Fort Worth-Arlington, TX","48","Texas","257","Kaufman","32.5649668","-96.3176831"
"10/04/2023","AQS","482570005","1","7.4","ug/m3 LC","41","Kaufman","1","100.0000","88101","PM2.5 - Local Conditions","209","Met One BAM-1022 Mass Monitor w/ VSCC or TE-PM2.5C","19100","Dallas-Fort Worth-Arlington, TX","48","Texas","257","Kaufman","32.5649668","-96.3176831"
"10/05/2023","AQS","482570005","1","3.1","ug/m3 LC","17","Kaufman","1","100.0000","88101","PM2.5 - Local Conditions","209","Met One BAM-1022 Mass Monitor w/ VSCC or TE-PM2.5C","19100","Dallas-Fort Worth-Arlington, TX","48","Texas","257","Kaufman","32.5649668","-96.3176831"
"10/06/2023","AQS","482570005","1","3.1","ug/m3 LC","17","Kaufman","1","100.0000","88101","PM2.5 - Local Conditions","209","Met One BAM-1022 Mass Monitor w/ VSCC or TE-PM2.5C","19100","Dallas-Fort Worth-Arlington, TX","48","Texas","257","Kaufman","32.5649668","-96.3176831"
"10/07/2023","AQS","482570005","1","1.5","ug/m3 LC","8","Kaufman","1","100.0000","88101","PM2.5 - Local Conditions","209","Met One BAM-1022 Mass Monitor w/ VSCC or TE-PM2.5C","19100","Dallas-Fort Worth-Arlington, TX","48","Texas","257","Kaufman","32.5649668","-96.3176831"
"10/08/2023","AQS","482570005","1","4.6","ug/m3 LC","26","Kaufman","1","100.0000","88101","PM2.5 - Local Conditions","209","Met One BAM-1022 Mass Monitor w/ VSCC or TE-PM2.5C","19100","Dallas-Fort Worth-Arlington, TX","48","Texas","257","Kaufman","32.5649668","-96.3176831"
"10/09/2023","AQS","482570005","1","4.5","ug/m3 LC","25","Kaufman","1","100.0000","88101","PM2.5 - Local Conditions","209","Met One BAM-1022 Mass Monitor w/ VSCC or TE-PM2.5C","19100","Dallas-Fort Worth-Arlington, TX","48","Texas","257","Kaufman","32.5649668","-96.3176831"
"10/10/2023","AQS","482570005","1","4.7","ug/m3 LC","26","Kaufman","1","100.0000","88101","PM2.5 - Local Conditions","209","Met One BAM-1022 Mass Monitor w/ VSCC or TE-PM2.5C","19100","Dallas-Fort Worth-Arlington, TX","48","Texas","257","Kaufman","32.5649668","-96.3176831"
"10/11/2023","AQS","482570005","1","4.6","ug/m3 LC","26","Kaufman","1","100.0000","88101","PM2.5 - Local Conditions","209","Met One BAM-1022 Mass Monitor w/ VSCC or TE-PM2.5C","19100","Dallas-Fort Worth-Arlington, TX","48","Texas","257","Kaufman","32.5649668","-96.3176831"
"10/12/2023","AQS","482570005","1","6.7","ug/m3 LC","37","Kaufman","1","100.0000","88101","PM2.5 - Local Conditions","209","Met One BAM-1022 Mass Monitor w/ VSCC or TE-PM2.5C","19100","Dallas-Fort Worth-Arlington, TX","48","Texas","257","Kaufman","32.5649668","-96.3176831"
"10/13/2023","AQS","482570005","1","4.1","ug/m3 LC","23","Kaufman","1","100.0000","88101","PM2.5 - Local Conditions","209","Met One BAM-1022 Mass Monitor w/ VSCC or TE-PM2.5C","19100","Dallas-Fort Worth-Arlington, TX","48","Texas","257","Kaufman","32.5649668","-96.3176831"
"10/14/2023","AQS","482570005","1","2.1","ug/m3 LC","12","Kaufman","1","100.0000","88101","PM2.5 - Local Conditions","209","Met One BAM-1022 Mass Monitor w/ VSCC or TE-PM2.5C","19100","Dallas-Fort Worth-Arlington, TX","48","Texas","257","Kaufman","32.5649668","-96.3176831"
"10/15/2023","AQS","482570005","1","1.3","ug/m3 LC","7","Kaufman","1","100.0000","88101","PM2.5 - Local Conditions","209","Met One BAM-1022 Mass Monitor w/ VSCC or TE-PM2.5C","19100","Dallas-Fort Worth-Arlington, TX","48","Texas","257","Kaufman","32.5649668","-96.3176831"
"10/16/2023","AQS","482570005","1","1.9","ug/m3 LC","11","Kaufman","1","100.0000","88101","PM2.5 - Local Conditions","209","Met One BAM-1022 Mass Monitor w/ VSCC or TE-PM2.5C","19100","Dallas-Fort Worth-Arlington, TX","48","Texas","257","Kaufman","32.5649668","-96.3176831"
"10/17/2023","AQS","482570005","1","6","ug/m3 LC","33","Kaufman","1","100.0000","88101","PM2.5 - Local Conditions","209","Met One BAM-1022 Mass Monitor w/ VSCC or TE-PM2.5C","19100","Dallas-Fort Worth-Arlington, TX","48","Texas","257","Kaufman","32.5649668","-96.3176831"
"10/18/2023","AQS","482570005","1","5.7","ug/m3 LC","32","Kaufman","1","100.0000","88101","PM2.5 - Local Conditions","209","Met One BAM-1022 Mass Monitor w/ VSCC or TE-PM2.5C","19100","Dallas-Fort Worth-Arlington, TX","48","Texas","257","Kaufman","32.5649668","-96.3176831"
"10/19/2023","AQS","482570005","1","3.7","ug/m3 LC","21","Kaufman","1","100.0000","88101","PM2.5 - Local Conditions","209","Met One BAM-1022 Mass Monitor w/ VSCC or TE-PM2.5C","19100","Dallas-Fort Worth-Arlington, TX","48","Texas","257","Kaufman","32.5649668","-96.3176831"
"10/20/2023","AQS","482570005","1","4.7","ug/m3 LC","26","Kaufman","1","100.0000","88101","PM2.5 - Local Conditions","209","Met One BAM-1022 Mass Monitor w/ VSCC or TE-PM2.5C","19100","Dallas-Fort Worth-Arlington, TX","48","Texas","257","Kaufman","32.5649668","-96.3176831"
"10/21/2023","AQS","482570005","1","6.3","ug/m3 LC","35","Kaufman","1","100.0000","88101","PM2.5 - Local Conditions","209","Met One BAM-1022 Mass Monitor w/ VSCC or TE-PM2.5C","19100","Dallas-Fort Worth-Arlington, TX","48","Texas","257","Kaufman","32.5649668","-96.3176831"
"10/22/2023","AQS","482570005","1","7.1","ug/m3 LC","39","Kaufman","1","100.0000","88101","PM2.5 - Local Conditions","209","Met One BAM-1022 Mass Monitor w/ VSCC or TE-PM2.5C","19100","Dallas-Fort Worth-Arlington, TX","48","Texas","257","Kaufman","32.5649668","-96.3176831"
"10/23/2023","AQS","482570005","1","6.4","ug/m3 LC","36","Kaufman","1","100.0000","88101","PM2.5 - Local Conditions","209","Met One BAM-1022 Mass Monitor w/ VSCC or TE-PM2.5C","19100","Dallas-Fort Worth-Arlington, TX","48","Texas","257","Kaufman","32.5649668","-96.3176831"
"10/24/2023","AQS","482570005","1","5.7","ug/m3 LC","32","Kaufman","1","100.0000","88101","PM2.5 - Local Conditions","209","Met One BAM-1022 Mass Monitor w/ VSCC or TE-PM2.5C","19100","Dallas-Fort Worth-Arlington, TX","48","Texas","257","Kaufman","32.5649668","-96.3176831"
"10/25/2023","AQS","482570005","1","7.1","ug/m3 LC","39","Kaufman","1","100.0000","88101","PM2.5 - Local Conditions","209","Met One BAM-1022 Mass Monitor w/ VSCC or TE-PM2.5C","19100","Dallas-Fort Worth-Arlington, TX","48","Texas","257","Kaufman","32.5649668","-96.3176831"
"10/26/2023","AQS","482570005","1","4.5","ug/m3 LC","25","Kaufman","1","100.0000","88101","PM2.5 - Local Conditions","209","Met One BAM-1022 Mass Monitor w/ VSCC or TE-PM2.5C","19100","Dallas-Fort Worth-Arlington, TX","48","Texas","257","Kaufman","32.5649668","-96.3176831"
"10/27/2023","AQS","482570005","1","6.4","ug/m3 LC","36","Kaufman","1","100.0000","88101","PM2.5 - Local Conditions","209","Met One BAM-1022 Mass Monitor w/ VSCC or TE-PM2.5C","19100","Dallas-Fort Worth-Arlington, TX","48","Texas","257","Kaufman","32.5649668","-96.3176831"
"10/28/2023","AQS","482570005","1","2.1","ug/m3 LC","12","Kaufman","1","100.0000","88101","PM2.5 - Local Conditions","209","Met One BAM-1022 Mass Monitor w/ VSCC or TE-PM2.5C","19100","Dallas-Fort Worth-Arlington, TX","48","Texas","257","Kaufman","32.5649668","-96.3176831"
"10/29/2023","AQS","482570005","1","1.2","ug/m3 LC","7","Kaufman","1","100.0000","88101","PM2.5 - Local Conditions","209","Met One BAM-1022 Mass Monitor w/ VSCC or TE-PM2.5C","19100","Dallas-Fort Worth-Arlington, TX","48","Texas","257","Kaufman","32.5649668","-96.3176831"
"10/30/2023","AQS","482570005","1","3.5","ug/m3 LC","19","Kaufman","1","100.0000","88101","PM2.5 - Local Conditions","209","Met One BAM-1022 Mass Monitor w/ VSCC or TE-PM2.5C","19100","Dallas-Fort Worth-Arlington, TX","48","Texas","257","Kaufman","32.5649668","-96.3176831"
"10/31/2023","AQS","482570005","1","3.3","ug/m3 LC","18","Kaufman","1","100.0000","88101","PM2.5 - Local Conditions","209","Met One BAM-1022 Mass Monitor w/ VSCC or TE-PM2.5C","19100","Dallas-Fort Worth-Arlington, TX","48","Texas","257","Kaufman","32.5649668","-96.3176831"
"11/01/2023","AQS","482570005","1","4.9","ug/m3 LC","27","Kaufman","1","100.0000","88101","PM2.5 - Local Conditions","209","Met One BAM-1022 Mass Monitor w/ VSCC or TE-PM2.5C","19100","Dallas-Fort Worth-Arlington, TX","48","Texas","257","Kaufman","32.5649668","-96.3176831"
"11/02/2023","AQS","482570005","1","7.4","ug/m3 LC","41","Kaufman","1","100.0000","88101","PM2.5 - Local Conditions","209","Met One BAM-1022 Mass Monitor w/ VSCC or TE-PM2.5C","19100","Dallas-Fort Worth-Arlington, TX","48","Texas","257","Kaufman","32.5649668","-96.3176831"
"11/03/2023","AQS","482570005","1","7.9","ug/m3 LC","44","Kaufman","1","100.0000","88101","PM2.5 - Local Conditions","209","Met One BAM-1022 Mass Monitor w/ VSCC or TE-PM2.5C","19100","Dallas-Fort Worth-Arlington, TX","48","Texas","257","Kaufman","32.5649668","-96.3176831"
"11/04/2023","AQS","482570005","1","10.5","ug/m3 LC","54","Kaufman","1","100.0000","88101","PM2.5 - Local Conditions","209","Met One BAM-1022 Mass Monitor w/ VSCC or TE-PM2.5C","19100","Dallas-Fort Worth-Arlington, TX","48","Texas","257","Kaufman","32.5649668","-96.3176831"
"11/05/2023","AQS","482570005","1","7.5","ug/m3 LC","42","Kaufman","1","100.0000","88101","PM2.5 - Local Conditions","209","Met One BAM-1022 Mass Monitor w/ VSCC or TE-PM2.5C","19100","Dallas-Fort Worth-Arlington, TX","48","Texas","257","Kaufman","32.5649668","-96.3176831"
"11/06/2023","AQS","482570005","1","5.1","ug/m3 LC","28","Kaufman","1","100.0000","88101","PM2.5 - Local Conditions","209","Met One BAM-1022 Mass Monitor w/ VSCC or TE-PM2.5C","19100","Dallas-Fort Worth-Arlington, TX","48","Texas","257","Kaufman","32.5649668","-96.3176831"
"11/07/2023","AQS","482570005","1","4.2","ug/m3 LC","23","Kaufman","1","100.0000","88101","PM2.5 - Local Conditions","209","Met One BAM-1022 Mass Monitor w/ VSCC or TE-PM2.5C","19100","Dallas-Fort Worth-Arlington, TX","48","Texas","257","Kaufman","32.5649668","-96.3176831"
"11/08/2023","AQS","482570005","1","5.5","ug/m3 LC","31","Kaufman","1","100.0000","88101","PM2.5 - Local Conditions","209","Met One BAM-1022 Mass Monitor w/ VSCC or TE-PM2.5C","19100","Dallas-Fort Worth-Arlington, TX","48","Texas","257","Kaufman","32.5649668","-96.3176831"
"11/09/2023","AQS","482570005","1","5.3","ug/m3 LC","29","Kaufman","1","100.0000","88101","PM2.5 - Local Conditions","209","Met One BAM-1022 Mass Monitor w/ VSCC or TE-PM2.5C","19100","Dallas-Fort Worth-Arlington, TX","48","Texas","257","Kaufman","32.5649668","-96.3176831"
"11/10/2023","AQS","482570005","1","3","ug/m3 LC","17","Kaufman","1","100.0000","88101","PM2.5 - Local Conditions","209","Met One BAM-1022 Mass Monitor w/ VSCC or TE-PM2.5C","19100","Dallas-Fort Worth-Arlington, TX","48","Texas","257","Kaufman","32.5649668","-96.3176831"
"11/11/2023","AQS","482570005","1","5.4","ug/m3 LC","30","Kaufman","1","100.0000","88101","PM2.5 - Local Conditions","209","Met One BAM-1022 Mass Monitor w/ VSCC or TE-PM2.5C","19100","Dallas-Fort Worth-Arlington, TX","48","Texas","257","Kaufman","32.5649668","-96.3176831"
"11/12/2023","AQS","482570005","1","8.1","ug/m3 LC","45","Kaufman","1","100.0000","88101","PM2.5 - Local Conditions","209","Met One BAM-1022 Mass Monitor w/ VSCC or TE-PM2.5C","19100","Dallas-Fort Worth-Arlington, TX","48","Texas","257","Kaufman","32.5649668","-96.3176831"
"11/13/2023","AQS","482570005","1","8.8","ug/m3 LC","49","Kaufman","1","100.0000","88101","PM2.5 - Local Conditions","209","Met One BAM-1022 Mass Monitor w/ VSCC or TE-PM2.5C","19100","Dallas-Fort Worth-Arlington, TX","48","Texas","257","Kaufman","32.5649668","-96.3176831"
"11/14/2023","AQS","482570005","1","7.7","ug/m3 LC","43","Kaufman","1","100.0000","88101","PM2.5 - Local Conditions","209","Met One BAM-1022 Mass Monitor w/ VSCC or TE-PM2.5C","19100","Dallas-Fort Worth-Arlington, TX","48","Texas","257","Kaufman","32.5649668","-96.3176831"
"11/15/2023","AQS","482570005","1","10.5","ug/m3 LC","54","Kaufman","1","100.0000","88101","PM2.5 - Local Conditions","209","Met One BAM-1022 Mass Monitor w/ VSCC or TE-PM2.5C","19100","Dallas-Fort Worth-Arlington, TX","48","Texas","257","Kaufman","32.5649668","-96.3176831"
"11/16/2023","AQS","482570005","1","5.6","ug/m3 LC","31","Kaufman","1","100.0000","88101","PM2.5 - Local Conditions","209","Met One BAM-1022 Mass Monitor w/ VSCC or TE-PM2.5C","19100","Dallas-Fort Worth-Arlington, TX","48","Texas","257","Kaufman","32.5649668","-96.3176831"
"11/17/2023","AQS","482570005","1","10.2","ug/m3 LC","53","Kaufman","1","100.0000","88101","PM2.5 - Local Conditions","209","Met One BAM-1022 Mass Monitor w/ VSCC or TE-PM2.5C","19100","Dallas-Fort Worth-Arlington, TX","48","Texas","257","Kaufman","32.5649668","-96.3176831"
"11/18/2023","AQS","482570005","1","8.1","ug/m3 LC","45","Kaufman","1","100.0000","88101","PM2.5 - Local Conditions","209","Met One BAM-1022 Mass Monitor w/ VSCC or TE-PM2.5C","19100","Dallas-Fort Worth-Arlington, TX","48","Texas","257","Kaufman","32.5649668","-96.3176831"
"11/19/2023","AQS","482570005","1","13.7","ug/m3 LC","60","Kaufman","1","100.0000","88101","PM2.5 - Local Conditions","209","Met One BAM-1022 Mass Monitor w/ VSCC or TE-PM2.5C","19100","Dallas-Fort Worth-Arlington, TX","48","Texas","257","Kaufman","32.5649668","-96.3176831"
"11/20/2023","AQS","482570005","1","7.1","ug/m3 LC","39","Kaufman","1","100.0000","88101","PM2.5 - Local Conditions","209","Met One BAM-1022 Mass Monitor w/ VSCC or TE-PM2.5C","19100","Dallas-Fort Worth-Arlington, TX","48","Texas","257","Kaufman","32.5649668","-96.3176831"
"11/21/2023","AQS","482570005","1","3.1","ug/m3 LC","17","Kaufman","1","100.0000","88101","PM2.5 - Local Conditions","209","Met One BAM-1022 Mass Monitor w/ VSCC or TE-PM2.5C","19100","Dallas-Fort Worth-Arlington, TX","48","Texas","257","Kaufman","32.5649668","-96.3176831"
"11/22/2023","AQS","482570005","1","2.9","ug/m3 LC","16","Kaufman","1","100.0000","88101","PM2.5 - Local Conditions","209","Met One BAM-1022 Mass Monitor w/ VSCC or TE-PM2.5C","19100","Dallas-Fort Worth-Arlington, TX","48","Texas","257","Kaufman","32.5649668","-96.3176831"
"11/23/2023","AQS","482570005","1","6.3","ug/m3 LC","35","Kaufman","1","100.0000","88101","PM2.5 - Local Conditions","209","Met One BAM-1022 Mass Monitor w/ VSCC or TE-PM2.5C","19100","Dallas-Fort Worth-Arlington, TX","48","Texas","257","Kaufman","32.5649668","-96.3176831"
"11/24/2023","AQS","482570005","1","9.4","ug/m3 LC","52","Kaufman","1","100.0000","88101","PM2.5 - Local Conditions","209","Met One BAM-1022 Mass Monitor w/ VSCC or TE-PM2.5C","19100","Dallas-Fort Worth-Arlington, TX","48","Texas","257","Kaufman","32.5649668","-96.3176831"
"11/25/2023","AQS","482570005","1","12.5","ug/m3 LC","57","Kaufman","1","100.0000","88101","PM2.5 - Local Conditions","209","Met One BAM-1022 Mass Monitor w/ VSCC or TE-PM2.5C","19100","Dallas-Fort Worth-Arlington, TX","48","Texas","257","Kaufman","32.5649668","-96.3176831"
"11/26/2023","AQS","482570005","1","4.6","ug/m3 LC","26","Kaufman","1","100.0000","88101","PM2.5 - Local Conditions","209","Met One BAM-1022 Mass Monitor w/ VSCC or TE-PM2.5C","19100","Dallas-Fort Worth-Arlington, TX","48","Texas","257","Kaufman","32.5649668","-96.3176831"
"11/27/2023","AQS","482570005","1","2","ug/m3 LC","11","Kaufman","1","100.0000","88101","PM2.5 - Local Conditions","209","Met One BAM-1022 Mass Monitor w/ VSCC or TE-PM2.5C","19100","Dallas-Fort Worth-Arlington, TX","48","Texas","257","Kaufman","32.5649668","-96.3176831"
"11/28/2023","AQS","482570005","1","5.6","ug/m3 LC","31","Kaufman","1","100.0000","88101","PM2.5 - Local Conditions","209","Met One BAM-1022 Mass Monitor w/ VSCC or TE-PM2.5C","19100","Dallas-Fort Worth-Arlington, TX","48","Texas","257","Kaufman","32.5649668","-96.3176831"
"11/29/2023","AQS","482570005","1","7.3","ug/m3 LC","41","Kaufman","1","100.0000","88101","PM2.5 - Local Conditions","209","Met One BAM-1022 Mass Monitor w/ VSCC or TE-PM2.5C","19100","Dallas-Fort Worth-Arlington, TX","48","Texas","257","Kaufman","32.5649668","-96.3176831"
"11/30/2023","AQS","482570005","1","8.5","ug/m3 LC","47","Kaufman","1","100.0000","88101","PM2.5 - Local Conditions","209","Met One BAM-1022 Mass Monitor w/ VSCC or TE-PM2.5C","19100","Dallas-Fort Worth-Arlington, TX","48","Texas","257","Kaufman","32.5649668","-96.3176831"
"12/01/2023","AQS","482570005","1","4.6","ug/m3 LC","26","Kaufman","1","100.0000","88101","PM2.5 - Local Conditions","209","Met One BAM-1022 Mass Monitor w/ VSCC or TE-PM2.5C","19100","Dallas-Fort Worth-Arlington, TX","48","Texas","257","Kaufman","32.5649668","-96.3176831"
"12/02/2023","AQS","482570005","1","5.8","ug/m3 LC","32","Kaufman","1","100.0000","88101","PM2.5 - Local Conditions","209","Met One BAM-1022 Mass Monitor w/ VSCC or TE-PM2.5C","19100","Dallas-Fort Worth-Arlington, TX","48","Texas","257","Kaufman","32.5649668","-96.3176831"
"12/03/2023","AQS","482570005","1","3.4","ug/m3 LC","19","Kaufman","1","100.0000","88101","PM2.5 - Local Conditions","209","Met One BAM-1022 Mass Monitor w/ VSCC or TE-PM2.5C","19100","Dallas-Fort Worth-Arlington, TX","48","Texas","257","Kaufman","32.5649668","-96.3176831"
"12/04/2023","AQS","482570005","1","2.2","ug/m3 LC","12","Kaufman","1","100.0000","88101","PM2.5 - Local Conditions","209","Met One BAM-1022 Mass Monitor w/ VSCC or TE-PM2.5C","19100","Dallas-Fort Worth-Arlington, TX","48","Texas","257","Kaufman","32.5649668","-96.3176831"
"12/05/2023","AQS","482570005","1","3.8","ug/m3 LC","21","Kaufman","1","100.0000","88101","PM2.5 - Local Conditions","209","Met One BAM-1022 Mass Monitor w/ VSCC or TE-PM2.5C","19100","Dallas-Fort Worth-Arlington, TX","48","Texas","257","Kaufman","32.5649668","-96.3176831"
"12/06/2023","AQS","482570005","1","3.4","ug/m3 LC","19","Kaufman","1","100.0000","88101","PM2.5 - Local Conditions","209","Met One BAM-1022 Mass Monitor w/ VSCC or TE-PM2.5C","19100","Dallas-Fort Worth-Arlington, TX","48","Texas","257","Kaufman","32.5649668","-96.3176831"
"12/07/2023","AQS","482570005","1","5.6","ug/m3 LC","31","Kaufman","1","100.0000","88101","PM2.5 - Local Conditions","209","Met One BAM-1022 Mass Monitor w/ VSCC or TE-PM2.5C","19100","Dallas-Fort Worth-Arlington, TX","48","Texas","257","Kaufman","32.5649668","-96.3176831"
"12/08/2023","AQS","482570005","1","4.5","ug/m3 LC","25","Kaufman","1","100.0000","88101","PM2.5 - Local Conditions","209","Met One BAM-1022 Mass Monitor w/ VSCC or TE-PM2.5C","19100","Dallas-Fort Worth-Arlington, TX","48","Texas","257","Kaufman","32.5649668","-96.3176831"
"12/09/2023","AQS","482570005","1","2.9","ug/m3 LC","16","Kaufman","1","100.0000","88101","PM2.5 - Local Conditions","209","Met One BAM-1022 Mass Monitor w/ VSCC or TE-PM2.5C","19100","Dallas-Fort Worth-Arlington, TX","48","Texas","257","Kaufman","32.5649668","-96.3176831"
"12/10/2023","AQS","482570005","1","0.6","ug/m3 LC","3","Kaufman","1","100.0000","88101","PM2.5 - Local Conditions","209","Met One BAM-1022 Mass Monitor w/ VSCC or TE-PM2.5C","19100","Dallas-Fort Worth-Arlington, TX","48","Texas","257","Kaufman","32.5649668","-96.3176831"
"12/11/2023","AQS","482570005","1","3.4","ug/m3 LC","19","Kaufman","1","100.0000","88101","PM2.5 - Local Conditions","209","Met One BAM-1022 Mass Monitor w/ VSCC or TE-PM2.5C","19100","Dallas-Fort Worth-Arlington, TX","48","Texas","257","Kaufman","32.5649668","-96.3176831"
"12/14/2023","AQS","482570005","1","7.7","ug/m3 LC","43","Kaufman","1","100.0000","88101","PM2.5 - Local Conditions","209","Met One BAM-1022 Mass Monitor w/ VSCC or TE-PM2.5C","19100","Dallas-Fort Worth-Arlington, TX","48","Texas","257","Kaufman","32.5649668","-96.3176831"
"12/15/2023","AQS","482570005","1","9.5","ug/m3 LC","52","Kaufman","1","100.0000","88101","PM2.5 - Local Conditions","209","Met One BAM-1022 Mass Monitor w/ VSCC or TE-PM2.5C","19100","Dallas-Fort Worth-Arlington, TX","48","Texas","257","Kaufman","32.5649668","-96.3176831"
"12/16/2023","AQS","482570005","1","6.2","ug/m3 LC","34","Kaufman","1","100.0000","88101","PM2.5 - Local Conditions","209","Met One BAM-1022 Mass Monitor w/ VSCC or TE-PM2.5C","19100","Dallas-Fort Worth-Arlington, TX","48","Texas","257","Kaufman","32.5649668","-96.3176831"
"12/17/2023","AQS","482570005","1","6.8","ug/m3 LC","38","Kaufman","1","100.0000","88101","PM2.5 - Local Conditions","209","Met One BAM-1022 Mass Monitor w/ VSCC or TE-PM2.5C","19100","Dallas-Fort Worth-Arlington, TX","48","Texas","257","Kaufman","32.5649668","-96.3176831"
"12/18/2023","AQS","482570005","1","5.7","ug/m3 LC","32","Kaufman","1","100.0000","88101","PM2.5 - Local Conditions","209","Met One BAM-1022 Mass Monitor w/ VSCC or TE-PM2.5C","19100","Dallas-Fort Worth-Arlington, TX","48","Texas","257","Kaufman","32.5649668","-96.3176831"
"12/19/2023","AQS","482570005","1","4.9","ug/m3 LC","27","Kaufman","1","100.0000","88101","PM2.5 - Local Conditions","209","Met One BAM-1022 Mass Monitor w/ VSCC or TE-PM2.5C","19100","Dallas-Fort Worth-Arlington, TX","48","Texas","257","Kaufman","32.5649668","-96.3176831"
"12/20/2023","AQS","482570005","1","7.3","ug/m3 LC","41","Kaufman","1","100.0000","88101","PM2.5 - Local Conditions","209","Met One BAM-1022 Mass Monitor w/ VSCC or TE-PM2.5C","19100","Dallas-Fort Worth-Arlington, TX","48","Texas","257","Kaufman","32.5649668","-96.3176831"
"12/21/2023","AQS","482570005","1","10","ug/m3 LC","53","Kaufman","1","100.0000","88101","PM2.5 - Local Conditions","209","Met One BAM-1022 Mass Monitor w/ VSCC or TE-PM2.5C","19100","Dallas-Fort Worth-Arlington, TX","48","Texas","257","Kaufman","32.5649668","-96.3176831"
"12/22/2023","AQS","482570005","1","14.4","ug/m3 LC","61","Kaufman","1","100.0000","88101","PM2.5 - Local Conditions","209","Met One BAM-1022 Mass Monitor w/ VSCC or TE-PM2.5C","19100","Dallas-Fort Worth-Arlington, TX","48","Texas","257","Kaufman","32.5649668","-96.3176831"
"12/23/2023","AQS","482570005","1","7.3","ug/m3 LC","41","Kaufman","1","100.0000","88101","PM2.5 - Local Conditions","209","Met One BAM-1022 Mass Monitor w/ VSCC or TE-PM2.5C","19100","Dallas-Fort Worth-Arlington, TX","48","Texas","257","Kaufman","32.5649668","-96.3176831"
"12/24/2023","AQS","482570005","1","0.7","ug/m3 LC","4","Kaufman","1","100.0000","88101","PM2.5 - Local Conditions","209","Met One BAM-1022 Mass Monitor w/ VSCC or TE-PM2.5C","19100","Dallas-Fort Worth-Arlington, TX","48","Texas","257","Kaufman","32.5649668","-96.3176831"
"12/25/2023","AQS","482570005","1","1.7","ug/m3 LC","9","Kaufman","1","100.0000","88101","PM2.5 - Local Conditions","209","Met One BAM-1022 Mass Monitor w/ VSCC or TE-PM2.5C","19100","Dallas-Fort Worth-Arlington, TX","48","Texas","257","Kaufman","32.5649668","-96.3176831"
"12/26/2023","AQS","482570005","1","3.8","ug/m3 LC","21","Kaufman","1","100.0000","88101","PM2.5 - Local Conditions","209","Met One BAM-1022 Mass Monitor w/ VSCC or TE-PM2.5C","19100","Dallas-Fort Worth-Arlington, TX","48","Texas","257","Kaufman","32.5649668","-96.3176831"
"12/27/2023","AQS","482570005","1","1.6","ug/m3 LC","9","Kaufman","1","100.0000","88101","PM2.5 - Local Conditions","209","Met One BAM-1022 Mass Monitor w/ VSCC or TE-PM2.5C","19100","Dallas-Fort Worth-Arlington, TX","48","Texas","257","Kaufman","32.5649668","-96.3176831"
"12/28/2023","AQS","482570005","1","1.5","ug/m3 LC","8","Kaufman","1","100.0000","88101","PM2.5 - Local Conditions","209","Met One BAM-1022 Mass Monitor w/ VSCC or TE-PM2.5C","19100","Dallas-Fort Worth-Arlington, TX","48","Texas","257","Kaufman","32.5649668","-96.3176831"
"12/29/2023","AQS","482570005","1","3.1","ug/m3 LC","17","Kaufman","1","100.0000","88101","PM2.5 - Local Conditions","209","Met One BAM-1022 Mass Monitor w/ VSCC or TE-PM2.5C","19100","Dallas-Fort Worth-Arlington, TX","48","Texas","257","Kaufman","32.5649668","-96.3176831"
"12/30/2023","AQS","482570005","1","5.1","ug/m3 LC","28","Kaufman","1","100.0000","88101","PM2.5 - Local Conditions","209","Met One BAM-1022 Mass Monitor w/ VSCC or TE-PM2.5C","19100","Dallas-Fort Worth-Arlington, TX","48","Texas","257","Kaufman","32.5649668","-96.3176831"
"12/31/2023","AQS","482570005","1","6.8","ug/m3 LC","38","Kaufman","1","100.0000","88101","PM2.5 - Local Conditions","209","Met One BAM-1022 Mass Monitor w/ VSCC or TE-PM2.5C","19100","Dallas-Fort Worth-Arlington, TX","48","Texas","257","Kaufman","32.5649668","-96.3176831"
"01/01/2023","AQS","484391002","3","11.1","ug/m3 LC","55","Fort Worth Northwest","1","100.0000","88101","PM2.5 - Local Conditions","209","Met One BAM-1022 Mass Monitor w/ VSCC or TE-PM2.5C","19100","Dallas-Fort Worth-Arlington, TX","48","Texas","439","Tarrant","32.8058163","-97.3565263"
"01/02/2023","AQS","484391002","3","17.6","ug/m3 LC","67","Fort Worth Northwest","1","100.0000","88101","PM2.5 - Local Conditions","209","Met One BAM-1022 Mass Monitor w/ VSCC or TE-PM2.5C","19100","Dallas-Fort Worth-Arlington, TX","48","Texas","439","Tarrant","32.8058163","-97.3565263"
"01/03/2023","AQS","484391002","3","5.7","ug/m3 LC","32","Fort Worth Northwest","1","100.0000","88101","PM2.5 - Local Conditions","209","Met One BAM-1022 Mass Monitor w/ VSCC or TE-PM2.5C","19100","Dallas-Fort Worth-Arlington, TX","48","Texas","439","Tarrant","32.8058163","-97.3565263"
"01/04/2023","AQS","484391002","3","4.5","ug/m3 LC","25","Fort Worth Northwest","1","100.0000","88101","PM2.5 - Local Conditions","209","Met One BAM-1022 Mass Monitor w/ VSCC or TE-PM2.5C","19100","Dallas-Fort Worth-Arlington, TX","48","Texas","439","Tarrant","32.8058163","-97.3565263"
"01/05/2023","AQS","484391002","3","8.4","ug/m3 LC","47","Fort Worth Northwest","1","100.0000","88101","PM2.5 - Local Conditions","209","Met One BAM-1022 Mass Monitor w/ VSCC or TE-PM2.5C","19100","Dallas-Fort Worth-Arlington, TX","48","Texas","439","Tarrant","32.8058163","-97.3565263"
"01/06/2023","AQS","484391002","3","13.4","ug/m3 LC","59","Fort Worth Northwest","1","100.0000","88101","PM2.5 - Local Conditions","209","Met One BAM-1022 Mass Monitor w/ VSCC or TE-PM2.5C","19100","Dallas-Fort Worth-Arlington, TX","48","Texas","439","Tarrant","32.8058163","-97.3565263"
"01/07/2023","AQS","484391002","3","4","ug/m3 LC","22","Fort Worth Northwest","1","100.0000","88101","PM2.5 - Local Conditions","209","Met One BAM-1022 Mass Monitor w/ VSCC or TE-PM2.5C","19100","Dallas-Fort Worth-Arlington, TX","48","Texas","439","Tarrant","32.8058163","-97.3565263"
"01/08/2023","AQS","484391002","3","9.3","ug/m3 LC","51","Fort Worth Northwest","1","100.0000","88101","PM2.5 - Local Conditions","209","Met One BAM-1022 Mass Monitor w/ VSCC or TE-PM2.5C","19100","Dallas-Fort Worth-Arlington, TX","48","Texas","439","Tarrant","32.8058163","-97.3565263"
"01/09/2023","AQS","484391002","3","16.4","ug/m3 LC","65","Fort Worth Northwest","1","100.0000","88101","PM2.5 - Local Conditions","209","Met One BAM-1022 Mass Monitor w/ VSCC or TE-PM2.5C","19100","Dallas-Fort Worth-Arlington, TX","48","Texas","439","Tarrant","32.8058163","-97.3565263"
"01/10/2023","AQS","484391002","3","6.7","ug/m3 LC","37","Fort Worth Northwest","1","100.0000","88101","PM2.5 - Local Conditions","209","Met One BAM-1022 Mass Monitor w/ VSCC or TE-PM2.5C","19100","Dallas-Fort Worth-Arlington, TX","48","Texas","439","Tarrant","32.8058163","-97.3565263"
"01/11/2023","AQS","484391002","3","6.8","ug/m3 LC","38","Fort Worth Northwest","1","100.0000","88101","PM2.5 - Local Conditions","209","Met One BAM-1022 Mass Monitor w/ VSCC or TE-PM2.5C","19100","Dallas-Fort Worth-Arlington, TX","48","Texas","439","Tarrant","32.8058163","-97.3565263"
"01/12/2023","AQS","484391002","3","2.3","ug/m3 LC","13","Fort Worth Northwest","1","100.0000","88101","PM2.5 - Local Conditions","209","Met One BAM-1022 Mass Monitor w/ VSCC or TE-PM2.5C","19100","Dallas-Fort Worth-Arlington, TX","48","Texas","439","Tarrant","32.8058163","-97.3565263"
"01/13/2023","AQS","484391002","3","10.3","ug/m3 LC","53","Fort Worth Northwest","1","100.0000","88101","PM2.5 - Local Conditions","209","Met One BAM-1022 Mass Monitor w/ VSCC or TE-PM2.5C","19100","Dallas-Fort Worth-Arlington, TX","48","Texas","439","Tarrant","32.8058163","-97.3565263"
"01/14/2023","AQS","484391002","3","11.2","ug/m3 LC","55","Fort Worth Northwest","1","100.0000","88101","PM2.5 - Local Conditions","209","Met One BAM-1022 Mass Monitor w/ VSCC or TE-PM2.5C","19100","Dallas-Fort Worth-Arlington, TX","48","Texas","439","Tarrant","32.8058163","-97.3565263"
"01/15/2023","AQS","484391002","3","6.1","ug/m3 LC","34","Fort Worth Northwest","1","100.0000","88101","PM2.5 - Local Conditions","209","Met One BAM-1022 Mass Monitor w/ VSCC or TE-PM2.5C","19100","Dallas-Fort Worth-Arlington, TX","48","Texas","439","Tarrant","32.8058163","-97.3565263"
"01/16/2023","AQS","484391002","3","5.1","ug/m3 LC","28","Fort Worth Northwest","1","100.0000","88101","PM2.5 - Local Conditions","209","Met One BAM-1022 Mass Monitor w/ VSCC or TE-PM2.5C","19100","Dallas-Fort Worth-Arlington, TX","48","Texas","439","Tarrant","32.8058163","-97.3565263"
"01/17/2023","AQS","484391002","3","6.8","ug/m3 LC","38","Fort Worth Northwest","1","100.0000","88101","PM2.5 - Local Conditions","209","Met One BAM-1022 Mass Monitor w/ VSCC or TE-PM2.5C","19100","Dallas-Fort Worth-Arlington, TX","48","Texas","439","Tarrant","32.8058163","-97.3565263"
"01/18/2023","AQS","484391002","3","5.8","ug/m3 LC","32","Fort Worth Northwest","1","100.0000","88101","PM2.5 - Local Conditions","209","Met One BAM-1022 Mass Monitor w/ VSCC or TE-PM2.5C","19100","Dallas-Fort Worth-Arlington, TX","48","Texas","439","Tarrant","32.8058163","-97.3565263"
"01/19/2023","AQS","484391002","3","4.3","ug/m3 LC","24","Fort Worth Northwest","1","100.0000","88101","PM2.5 - Local Conditions","209","Met One BAM-1022 Mass Monitor w/ VSCC or TE-PM2.5C","19100","Dallas-Fort Worth-Arlington, TX","48","Texas","439","Tarrant","32.8058163","-97.3565263"
"01/20/2023","AQS","484391002","3","8.4","ug/m3 LC","47","Fort Worth Northwest","1","100.0000","88101","PM2.5 - Local Conditions","209","Met One BAM-1022 Mass Monitor w/ VSCC or TE-PM2.5C","19100","Dallas-Fort Worth-Arlington, TX","48","Texas","439","Tarrant","32.8058163","-97.3565263"
"01/21/2023","AQS","484391002","3","5.3","ug/m3 LC","29","Fort Worth Northwest","1","100.0000","88101","PM2.5 - Local Conditions","209","Met One BAM-1022 Mass Monitor w/ VSCC or TE-PM2.5C","19100","Dallas-Fort Worth-Arlington, TX","48","Texas","439","Tarrant","32.8058163","-97.3565263"
"01/22/2023","AQS","484391002","3","3.7","ug/m3 LC","21","Fort Worth Northwest","1","100.0000","88101","PM2.5 - Local Conditions","209","Met One BAM-1022 Mass Monitor w/ VSCC or TE-PM2.5C","19100","Dallas-Fort Worth-Arlington, TX","48","Texas","439","Tarrant","32.8058163","-97.3565263"
"01/23/2023","AQS","484391002","3","8.7","ug/m3 LC","48","Fort Worth Northwest","1","100.0000","88101","PM2.5 - Local Conditions","209","Met One BAM-1022 Mass Monitor w/ VSCC or TE-PM2.5C","19100","Dallas-Fort Worth-Arlington, TX","48","Texas","439","Tarrant","32.8058163","-97.3565263"
"01/24/2023","AQS","484391002","3","4","ug/m3 LC","22","Fort Worth Northwest","1","100.0000","88101","PM2.5 - Local Conditions","209","Met One BAM-1022 Mass Monitor w/ VSCC or TE-PM2.5C","19100","Dallas-Fort Worth-Arlington, TX","48","Texas","439","Tarrant","32.8058163","-97.3565263"
"01/25/2023","AQS","484391002","3","6","ug/m3 LC","33","Fort Worth Northwest","1","100.0000","88101","PM2.5 - Local Conditions","209","Met One BAM-1022 Mass Monitor w/ VSCC or TE-PM2.5C","19100","Dallas-Fort Worth-Arlington, TX","48","Texas","439","Tarrant","32.8058163","-97.3565263"
"01/26/2023","AQS","484391002","3","5.1","ug/m3 LC","28","Fort Worth Northwest","1","100.0000","88101","PM2.5 - Local Conditions","209","Met One BAM-1022 Mass Monitor w/ VSCC or TE-PM2.5C","19100","Dallas-Fort Worth-Arlington, TX","48","Texas","439","Tarrant","32.8058163","-97.3565263"
"01/27/2023","AQS","484391002","3","6.2","ug/m3 LC","34","Fort Worth Northwest","1","100.0000","88101","PM2.5 - Local Conditions","209","Met One BAM-1022 Mass Monitor w/ VSCC or TE-PM2.5C","19100","Dallas-Fort Worth-Arlington, TX","48","Texas","439","Tarrant","32.8058163","-97.3565263"
"01/28/2023","AQS","484391002","3","7.3","ug/m3 LC","41","Fort Worth Northwest","1","100.0000","88101","PM2.5 - Local Conditions","209","Met One BAM-1022 Mass Monitor w/ VSCC or TE-PM2.5C","19100","Dallas-Fort Worth-Arlington, TX","48","Texas","439","Tarrant","32.8058163","-97.3565263"
"01/29/2023","AQS","484391002","3","5","ug/m3 LC","28","Fort Worth Northwest","1","100.0000","88101","PM2.5 - Local Conditions","209","Met One BAM-1022 Mass Monitor w/ VSCC or TE-PM2.5C","19100","Dallas-Fort Worth-Arlington, TX","48","Texas","439","Tarrant","32.8058163","-97.3565263"
"01/30/2023","AQS","484391002","3","4.1","ug/m3 LC","23","Fort Worth Northwest","1","100.0000","88101","PM2.5 - Local Conditions","209","Met One BAM-1022 Mass Monitor w/ VSCC or TE-PM2.5C","19100","Dallas-Fort Worth-Arlington, TX","48","Texas","439","Tarrant","32.8058163","-97.3565263"
"01/31/2023","AQS","484391002","3","4.7","ug/m3 LC","26","Fort Worth Northwest","1","100.0000","88101","PM2.5 - Local Conditions","209","Met One BAM-1022 Mass Monitor w/ VSCC or TE-PM2.5C","19100","Dallas-Fort Worth-Arlington, TX","48","Texas","439","Tarrant","32.8058163","-97.3565263"
"02/01/2023","AQS","484391002","3","5.1","ug/m3 LC","28","Fort Worth Northwest","1","100.0000","88101","PM2.5 - Local Conditions","209","Met One BAM-1022 Mass Monitor w/ VSCC or TE-PM2.5C","19100","Dallas-Fort Worth-Arlington, TX","48","Texas","439","Tarrant","32.8058163","-97.3565263"
"02/02/2023","AQS","484391002","3","8.2","ug/m3 LC","46","Fort Worth Northwest","1","100.0000","88101","PM2.5 - Local Conditions","209","Met One BAM-1022 Mass Monitor w/ VSCC or TE-PM2.5C","19100","Dallas-Fort Worth-Arlington, TX","48","Texas","439","Tarrant","32.8058163","-97.3565263"
"02/03/2023","AQS","484391002","3","17","ug/m3 LC","66","Fort Worth Northwest","1","100.0000","88101","PM2.5 - Local Conditions","209","Met One BAM-1022 Mass Monitor w/ VSCC or TE-PM2.5C","19100","Dallas-Fort Worth-Arlington, TX","48","Texas","439","Tarrant","32.8058163","-97.3565263"
"02/04/2023","AQS","484391002","3","15.7","ug/m3 LC","63","Fort Worth Northwest","1","100.0000","88101","PM2.5 - Local Conditions","209","Met One BAM-1022 Mass Monitor w/ VSCC or TE-PM2.5C","19100","Dallas-Fort Worth-Arlington, TX","48","Texas","439","Tarrant","32.8058163","-97.3565263"
"02/05/2023","AQS","484391002","3","7","ug/m3 LC","39","Fort Worth Northwest","1","100.0000","88101","PM2.5 - Local Conditions","209","Met One BAM-1022 Mass Monitor w/ VSCC or TE-PM2.5C","19100","Dallas-Fort Worth-Arlington, TX","48","Texas","439","Tarrant","32.8058163","-97.3565263"
"02/06/2023","AQS","484391002","3","4.8","ug/m3 LC","27","Fort Worth Northwest","1","100.0000","88101","PM2.5 - Local Conditions","209","Met One BAM-1022 Mass Monitor w/ VSCC or TE-PM2.5C","19100","Dallas-Fort Worth-Arlington, TX","48","Texas","439","Tarrant","32.8058163","-97.3565263"
"02/07/2023","AQS","484391002","3","2.8","ug/m3 LC","16","Fort Worth Northwest","1","100.0000","88101","PM2.5 - Local Conditions","209","Met One BAM-1022 Mass Monitor w/ VSCC or TE-PM2.5C","19100","Dallas-Fort Worth-Arlington, TX","48","Texas","439","Tarrant","32.8058163","-97.3565263"
"02/08/2023","AQS","484391002","3","1.9","ug/m3 LC","11","Fort Worth Northwest","1","100.0000","88101","PM2.5 - Local Conditions","209","Met One BAM-1022 Mass Monitor w/ VSCC or TE-PM2.5C","19100","Dallas-Fort Worth-Arlington, TX","48","Texas","439","Tarrant","32.8058163","-97.3565263"
"02/09/2023","AQS","484391002","3","7.7","ug/m3 LC","43","Fort Worth Northwest","1","100.0000","88101","PM2.5 - Local Conditions","209","Met One BAM-1022 Mass Monitor w/ VSCC or TE-PM2.5C","19100","Dallas-Fort Worth-Arlington, TX","48","Texas","439","Tarrant","32.8058163","-97.3565263"
"02/10/2023","AQS","484391002","3","3.1","ug/m3 LC","17","Fort Worth Northwest","1","100.0000","88101","PM2.5 - Local Conditions","209","Met One BAM-1022 Mass Monitor w/ VSCC or TE-PM2.5C","19100","Dallas-Fort Worth-Arlington, TX","48","Texas","439","Tarrant","32.8058163","-97.3565263"
"02/11/2023","AQS","484391002","3","7","ug/m3 LC","39","Fort Worth Northwest","1","100.0000","88101","PM2.5 - Local Conditions","209","Met One BAM-1022 Mass Monitor w/ VSCC or TE-PM2.5C","19100","Dallas-Fort Worth-Arlington, TX","48","Texas","439","Tarrant","32.8058163","-97.3565263"
"02/12/2023","AQS","484391002","3","9.3","ug/m3 LC","51","Fort Worth Northwest","1","100.0000","88101","PM2.5 - Local Conditions","209","Met One BAM-1022 Mass Monitor w/ VSCC or TE-PM2.5C","19100","Dallas-Fort Worth-Arlington, TX","48","Texas","439","Tarrant","32.8058163","-97.3565263"
"02/13/2023","AQS","484391002","3","5","ug/m3 LC","28","Fort Worth Northwest","1","100.0000","88101","PM2.5 - Local Conditions","209","Met One BAM-1022 Mass Monitor w/ VSCC or TE-PM2.5C","19100","Dallas-Fort Worth-Arlington, TX","48","Texas","439","Tarrant","32.8058163","-97.3565263"
"02/14/2023","AQS","484391002","3","2.8","ug/m3 LC","16","Fort Worth Northwest","1","100.0000","88101","PM2.5 - Local Conditions","209","Met One BAM-1022 Mass Monitor w/ VSCC or TE-PM2.5C","19100","Dallas-Fort Worth-Arlington, TX","48","Texas","439","Tarrant","32.8058163","-97.3565263"
"02/15/2023","AQS","484391002","3","10.3","ug/m3 LC","53","Fort Worth Northwest","1","100.0000","88101","PM2.5 - Local Conditions","209","Met One BAM-1022 Mass Monitor w/ VSCC or TE-PM2.5C","19100","Dallas-Fort Worth-Arlington, TX","48","Texas","439","Tarrant","32.8058163","-97.3565263"
"02/16/2023","AQS","484391002","3","2.2","ug/m3 LC","12","Fort Worth Northwest","1","100.0000","88101","PM2.5 - Local Conditions","209","Met One BAM-1022 Mass Monitor w/ VSCC or TE-PM2.5C","19100","Dallas-Fort Worth-Arlington, TX","48","Texas","439","Tarrant","32.8058163","-97.3565263"
"02/17/2023","AQS","484391002","3","5.7","ug/m3 LC","32","Fort Worth Northwest","1","100.0000","88101","PM2.5 - Local Conditions","209","Met One BAM-1022 Mass Monitor w/ VSCC or TE-PM2.5C","19100","Dallas-Fort Worth-Arlington, TX","48","Texas","439","Tarrant","32.8058163","-97.3565263"
"02/18/2023","AQS","484391002","3","9.4","ug/m3 LC","52","Fort Worth Northwest","1","100.0000","88101","PM2.5 - Local Conditions","209","Met One BAM-1022 Mass Monitor w/ VSCC or TE-PM2.5C","19100","Dallas-Fort Worth-Arlington, TX","48","Texas","439","Tarrant","32.8058163","-97.3565263"
"02/19/2023","AQS","484391002","3","4.1","ug/m3 LC","23","Fort Worth Northwest","1","100.0000","88101","PM2.5 - Local Conditions","209","Met One BAM-1022 Mass Monitor w/ VSCC or TE-PM2.5C","19100","Dallas-Fort Worth-Arlington, TX","48","Texas","439","Tarrant","32.8058163","-97.3565263"
"02/20/2023","AQS","484391002","3","5.4","ug/m3 LC","30","Fort Worth Northwest","1","100.0000","88101","PM2.5 - Local Conditions","209","Met One BAM-1022 Mass Monitor w/ VSCC or TE-PM2.5C","19100","Dallas-Fort Worth-Arlington, TX","48","Texas","439","Tarrant","32.8058163","-97.3565263"
"02/21/2023","AQS","484391002","3","5.8","ug/m3 LC","32","Fort Worth Northwest","1","100.0000","88101","PM2.5 - Local Conditions","209","Met One BAM-1022 Mass Monitor w/ VSCC or TE-PM2.5C","19100","Dallas-Fort Worth-Arlington, TX","48","Texas","439","Tarrant","32.8058163","-97.3565263"
"02/22/2023","AQS","484391002","3","4.3","ug/m3 LC","24","Fort Worth Northwest","1","100.0000","88101","PM2.5 - Local Conditions","209","Met One BAM-1022 Mass Monitor w/ VSCC or TE-PM2.5C","19100","Dallas-Fort Worth-Arlington, TX","48","Texas","439","Tarrant","32.8058163","-97.3565263"
"02/23/2023","AQS","484391002","3","3.8","ug/m3 LC","21","Fort Worth Northwest","1","100.0000","88101","PM2.5 - Local Conditions","209","Met One BAM-1022 Mass Monitor w/ VSCC or TE-PM2.5C","19100","Dallas-Fort Worth-Arlington, TX","48","Texas","439","Tarrant","32.8058163","-97.3565263"
"02/24/2023","AQS","484391002","3","5.3","ug/m3 LC","29","Fort Worth Northwest","1","100.0000","88101","PM2.5 - Local Conditions","209","Met One BAM-1022 Mass Monitor w/ VSCC or TE-PM2.5C","19100","Dallas-Fort Worth-Arlington, TX","48","Texas","439","Tarrant","32.8058163","-97.3565263"
"02/25/2023","AQS","484391002","3","13.8","ug/m3 LC","60","Fort Worth Northwest","1","100.0000","88101","PM2.5 - Local Conditions","209","Met One BAM-1022 Mass Monitor w/ VSCC or TE-PM2.5C","19100","Dallas-Fort Worth-Arlington, TX","48","Texas","439","Tarrant","32.8058163","-97.3565263"
"02/26/2023","AQS","484391002","3","26.2","ug/m3 LC","83","Fort Worth Northwest","1","100.0000","88101","PM2.5 - Local Conditions","209","Met One BAM-1022 Mass Monitor w/ VSCC or TE-PM2.5C","19100","Dallas-Fort Worth-Arlington, TX","48","Texas","439","Tarrant","32.8058163","-97.3565263"
"02/27/2023","AQS","484391002","3","32.9","ug/m3 LC","95","Fort Worth Northwest","1","100.0000","88101","PM2.5 - Local Conditions","209","Met One BAM-1022 Mass Monitor w/ VSCC or TE-PM2.5C","19100","Dallas-Fort Worth-Arlington, TX","48","Texas","439","Tarrant","32.8058163","-97.3565263"
"02/28/2023","AQS","484391002","3","5","ug/m3 LC","28","Fort Worth Northwest","1","100.0000","88101","PM2.5 - Local Conditions","209","Met One BAM-1022 Mass Monitor w/ VSCC or TE-PM2.5C","19100","Dallas-Fort Worth-Arlington, TX","48","Texas","439","Tarrant","32.8058163","-97.3565263"
"03/01/2023","AQS","484391002","3","11.6","ug/m3 LC","56","Fort Worth Northwest","1","100.0000","88101","PM2.5 - Local Conditions","209","Met One BAM-1022 Mass Monitor w/ VSCC or TE-PM2.5C","19100","Dallas-Fort Worth-Arlington, TX","48","Texas","439","Tarrant","32.8058163","-97.3565263"
"03/02/2023","AQS","484391002","3","14.9","ug/m3 LC","62","Fort Worth Northwest","1","100.0000","88101","PM2.5 - Local Conditions","209","Met One BAM-1022 Mass Monitor w/ VSCC or TE-PM2.5C","19100","Dallas-Fort Worth-Arlington, TX","48","Texas","439","Tarrant","32.8058163","-97.3565263"
"03/03/2023","AQS","484391002","3","6.9","ug/m3 LC","38","Fort Worth Northwest","1","100.0000","88101","PM2.5 - Local Conditions","209","Met One BAM-1022 Mass Monitor w/ VSCC or TE-PM2.5C","19100","Dallas-Fort Worth-Arlington, TX","48","Texas","439","Tarrant","32.8058163","-97.3565263"
"03/04/2023","AQS","484391002","3","13.3","ug/m3 LC","59","Fort Worth Northwest","1","100.0000","88101","PM2.5 - Local Conditions","209","Met One BAM-1022 Mass Monitor w/ VSCC or TE-PM2.5C","19100","Dallas-Fort Worth-Arlington, TX","48","Texas","439","Tarrant","32.8058163","-97.3565263"
"03/05/2023","AQS","484391002","3","7","ug/m3 LC","39","Fort Worth Northwest","1","100.0000","88101","PM2.5 - Local Conditions","209","Met One BAM-1022 Mass Monitor w/ VSCC or TE-PM2.5C","19100","Dallas-Fort Worth-Arlington, TX","48","Texas","439","Tarrant","32.8058163","-97.3565263"
"03/06/2023","AQS","484391002","3","7.8","ug/m3 LC","43","Fort Worth Northwest","1","100.0000","88101","PM2.5 - Local Conditions","209","Met One BAM-1022 Mass Monitor w/ VSCC or TE-PM2.5C","19100","Dallas-Fort Worth-Arlington, TX","48","Texas","439","Tarrant","32.8058163","-97.3565263"
"03/07/2023","AQS","484391002","3","19.5","ug/m3 LC","70","Fort Worth Northwest","1","100.0000","88101","PM2.5 - Local Conditions","209","Met One BAM-1022 Mass Monitor w/ VSCC or TE-PM2.5C","19100","Dallas-Fort Worth-Arlington, TX","48","Texas","439","Tarrant","32.8058163","-97.3565263"
"03/08/2023","AQS","484391002","3","8.7","ug/m3 LC","48","Fort Worth Northwest","1","100.0000","88101","PM2.5 - Local Conditions","209","Met One BAM-1022 Mass Monitor w/ VSCC or TE-PM2.5C","19100","Dallas-Fort Worth-Arlington, TX","48","Texas","439","Tarrant","32.8058163","-97.3565263"
"03/09/2023","AQS","484391002","3","13.5","ug/m3 LC","59","Fort Worth Northwest","1","100.0000","88101","PM2.5 - Local Conditions","209","Met One BAM-1022 Mass Monitor w/ VSCC or TE-PM2.5C","19100","Dallas-Fort Worth-Arlington, TX","48","Texas","439","Tarrant","32.8058163","-97.3565263"
"03/10/2023","AQS","484391002","3","5.5","ug/m3 LC","31","Fort Worth Northwest","1","100.0000","88101","PM2.5 - Local Conditions","209","Met One BAM-1022 Mass Monitor w/ VSCC or TE-PM2.5C","19100","Dallas-Fort Worth-Arlington, TX","48","Texas","439","Tarrant","32.8058163","-97.3565263"
"03/11/2023","AQS","484391002","3","11.1","ug/m3 LC","55","Fort Worth Northwest","1","100.0000","88101","PM2.5 - Local Conditions","209","Met One BAM-1022 Mass Monitor w/ VSCC or TE-PM2.5C","19100","Dallas-Fort Worth-Arlington, TX","48","Texas","439","Tarrant","32.8058163","-97.3565263"
"03/14/2023","AQS","484391002","3","8","ug/m3 LC","44","Fort Worth Northwest","1","100.0000","88101","PM2.5 - Local Conditions","209","Met One BAM-1022 Mass Monitor w/ VSCC or TE-PM2.5C","19100","Dallas-Fort Worth-Arlington, TX","48","Texas","439","Tarrant","32.8058163","-97.3565263"
"03/15/2023","AQS","484391002","3","11.3","ug/m3 LC","55","Fort Worth Northwest","1","100.0000","88101","PM2.5 - Local Conditions","209","Met One BAM-1022 Mass Monitor w/ VSCC or TE-PM2.5C","19100","Dallas-Fort Worth-Arlington, TX","48","Texas","439","Tarrant","32.8058163","-97.3565263"
"03/16/2023","AQS","484391002","3","3.4","ug/m3 LC","19","Fort Worth Northwest","1","100.0000","88101","PM2.5 - Local Conditions","209","Met One BAM-1022 Mass Monitor w/ VSCC or TE-PM2.5C","19100","Dallas-Fort Worth-Arlington, TX","48","Texas","439","Tarrant","32.8058163","-97.3565263"
"03/17/2023","AQS","484391002","3","2.9","ug/m3 LC","16","Fort Worth Northwest","1","100.0000","88101","PM2.5 - Local Conditions","209","Met One BAM-1022 Mass Monitor w/ VSCC or TE-PM2.5C","19100","Dallas-Fort Worth-Arlington, TX","48","Texas","439","Tarrant","32.8058163","-97.3565263"
"03/18/2023","AQS","484391002","3","4.5","ug/m3 LC","25","Fort Worth Northwest","1","100.0000","88101","PM2.5 - Local Conditions","209","Met One BAM-1022 Mass Monitor w/ VSCC or TE-PM2.5C","19100","Dallas-Fort Worth-Arlington, TX","48","Texas","439","Tarrant","32.8058163","-97.3565263"
"03/19/2023","AQS","484391002","3","6.3","ug/m3 LC","35","Fort Worth Northwest","1","100.0000","88101","PM2.5 - Local Conditions","209","Met One BAM-1022 Mass Monitor w/ VSCC or TE-PM2.5C","19100","Dallas-Fort Worth-Arlington, TX","48","Texas","439","Tarrant","32.8058163","-97.3565263"
"03/20/2023","AQS","484391002","3","7.4","ug/m3 LC","41","Fort Worth Northwest","1","100.0000","88101","PM2.5 - Local Conditions","209","Met One BAM-1022 Mass Monitor w/ VSCC or TE-PM2.5C","19100","Dallas-Fort Worth-Arlington, TX","48","Texas","439","Tarrant","32.8058163","-97.3565263"
"03/21/2023","AQS","484391002","3","5.7","ug/m3 LC","32","Fort Worth Northwest","1","100.0000","88101","PM2.5 - Local Conditions","209","Met One BAM-1022 Mass Monitor w/ VSCC or TE-PM2.5C","19100","Dallas-Fort Worth-Arlington, TX","48","Texas","439","Tarrant","32.8058163","-97.3565263"
"03/22/2023","AQS","484391002","3","7","ug/m3 LC","39","Fort Worth Northwest","1","100.0000","88101","PM2.5 - Local Conditions","209","Met One BAM-1022 Mass Monitor w/ VSCC or TE-PM2.5C","19100","Dallas-Fort Worth-Arlington, TX","48","Texas","439","Tarrant","32.8058163","-97.3565263"
"03/23/2023","AQS","484391002","3","8.3","ug/m3 LC","46","Fort Worth Northwest","1","100.0000","88101","PM2.5 - Local Conditions","209","Met One BAM-1022 Mass Monitor w/ VSCC or TE-PM2.5C","19100","Dallas-Fort Worth-Arlington, TX","48","Texas","439","Tarrant","32.8058163","-97.3565263"
"03/24/2023","AQS","484391002","3","6.6","ug/m3 LC","37","Fort Worth Northwest","1","100.0000","88101","PM2.5 - Local Conditions","209","Met One BAM-1022 Mass Monitor w/ VSCC or TE-PM2.5C","19100","Dallas-Fort Worth-Arlington, TX","48","Texas","439","Tarrant","32.8058163","-97.3565263"
"03/25/2023","AQS","484391002","3","10","ug/m3 LC","53","Fort Worth Northwest","1","100.0000","88101","PM2.5 - Local Conditions","209","Met One BAM-1022 Mass Monitor w/ VSCC or TE-PM2.5C","19100","Dallas-Fort Worth-Arlington, TX","48","Texas","439","Tarrant","32.8058163","-97.3565263"
"03/26/2023","AQS","484391002","3","11.4","ug/m3 LC","55","Fort Worth Northwest","1","100.0000","88101","PM2.5 - Local Conditions","209","Met One BAM-1022 Mass Monitor w/ VSCC or TE-PM2.5C","19100","Dallas-Fort Worth-Arlington, TX","48","Texas","439","Tarrant","32.8058163","-97.3565263"
"03/27/2023","AQS","484391002","3","7.7","ug/m3 LC","43","Fort Worth Northwest","1","100.0000","88101","PM2.5 - Local Conditions","209","Met One BAM-1022 Mass Monitor w/ VSCC or TE-PM2.5C","19100","Dallas-Fort Worth-Arlington, TX","48","Texas","439","Tarrant","32.8058163","-97.3565263"
"03/28/2023","AQS","484391002","3","8.1","ug/m3 LC","45","Fort Worth Northwest","1","100.0000","88101","PM2.5 - Local Conditions","209","Met One BAM-1022 Mass Monitor w/ VSCC or TE-PM2.5C","19100","Dallas-Fort Worth-Arlington, TX","48","Texas","439","Tarrant","32.8058163","-97.3565263"
"03/29/2023","AQS","484391002","3","13.2","ug/m3 LC","59","Fort Worth Northwest","1","100.0000","88101","PM2.5 - Local Conditions","209","Met One BAM-1022 Mass Monitor w/ VSCC or TE-PM2.5C","19100","Dallas-Fort Worth-Arlington, TX","48","Texas","439","Tarrant","32.8058163","-97.3565263"
"03/30/2023","AQS","484391002","3","12.8","ug/m3 LC","58","Fort Worth Northwest","1","100.0000","88101","PM2.5 - Local Conditions","209","Met One BAM-1022 Mass Monitor w/ VSCC or TE-PM2.5C","19100","Dallas-Fort Worth-Arlington, TX","48","Texas","439","Tarrant","32.8058163","-97.3565263"
"03/31/2023","AQS","484391002","3","9.3","ug/m3 LC","51","Fort Worth Northwest","1","100.0000","88101","PM2.5 - Local Conditions","209","Met One BAM-1022 Mass Monitor w/ VSCC or TE-PM2.5C","19100","Dallas-Fort Worth-Arlington, TX","48","Texas","439","Tarrant","32.8058163","-97.3565263"
"04/01/2023","AQS","484391002","3","8.2","ug/m3 LC","46","Fort Worth Northwest","1","100.0000","88101","PM2.5 - Local Conditions","209","Met One BAM-1022 Mass Monitor w/ VSCC or TE-PM2.5C","19100","Dallas-Fort Worth-Arlington, TX","48","Texas","439","Tarrant","32.8058163","-97.3565263"
"04/02/2023","AQS","484391002","3","12.7","ug/m3 LC","58","Fort Worth Northwest","1","100.0000","88101","PM2.5 - Local Conditions","209","Met One BAM-1022 Mass Monitor w/ VSCC or TE-PM2.5C","19100","Dallas-Fort Worth-Arlington, TX","48","Texas","439","Tarrant","32.8058163","-97.3565263"
"04/03/2023","AQS","484391002","3","14.3","ug/m3 LC","61","Fort Worth Northwest","1","100.0000","88101","PM2.5 - Local Conditions","209","Met One BAM-1022 Mass Monitor w/ VSCC or TE-PM2.5C","19100","Dallas-Fort Worth-Arlington, TX","48","Texas","439","Tarrant","32.8058163","-97.3565263"
"04/04/2023","AQS","484391002","3","19.3","ug/m3 LC","70","Fort Worth Northwest","1","100.0000","88101","PM2.5 - Local Conditions","209","Met One BAM-1022 Mass Monitor w/ VSCC or TE-PM2.5C","19100","Dallas-Fort Worth-Arlington, TX","48","Texas","439","Tarrant","32.8058163","-97.3565263"
"04/05/2023","AQS","484391002","3","5.7","ug/m3 LC","32","Fort Worth Northwest","1","100.0000","88101","PM2.5 - Local Conditions","209","Met One BAM-1022 Mass Monitor w/ VSCC or TE-PM2.5C","19100","Dallas-Fort Worth-Arlington, TX","48","Texas","439","Tarrant","32.8058163","-97.3565263"
"04/06/2023","AQS","484391002","3","3.8","ug/m3 LC","21","Fort Worth Northwest","1","100.0000","88101","PM2.5 - Local Conditions","209","Met One BAM-1022 Mass Monitor w/ VSCC or TE-PM2.5C","19100","Dallas-Fort Worth-Arlington, TX","48","Texas","439","Tarrant","32.8058163","-97.3565263"
"04/07/2023","AQS","484391002","3","5.5","ug/m3 LC","31","Fort Worth Northwest","1","100.0000","88101","PM2.5 - Local Conditions","209","Met One BAM-1022 Mass Monitor w/ VSCC or TE-PM2.5C","19100","Dallas-Fort Worth-Arlington, TX","48","Texas","439","Tarrant","32.8058163","-97.3565263"
"04/08/2023","AQS","484391002","3","9","ug/m3 LC","50","Fort Worth Northwest","1","100.0000","88101","PM2.5 - Local Conditions","209","Met One BAM-1022 Mass Monitor w/ VSCC or TE-PM2.5C","19100","Dallas-Fort Worth-Arlington, TX","48","Texas","439","Tarrant","32.8058163","-97.3565263"
"04/09/2023","AQS","484391002","3","12.7","ug/m3 LC","58","Fort Worth Northwest","1","100.0000","88101","PM2.5 - Local Conditions","209","Met One BAM-1022 Mass Monitor w/ VSCC or TE-PM2.5C","19100","Dallas-Fort Worth-Arlington, TX","48","Texas","439","Tarrant","32.8058163","-97.3565263"
"04/10/2023","AQS","484391002","3","8.4","ug/m3 LC","47","Fort Worth Northwest","1","100.0000","88101","PM2.5 - Local Conditions","209","Met One BAM-1022 Mass Monitor w/ VSCC or TE-PM2.5C","19100","Dallas-Fort Worth-Arlington, TX","48","Texas","439","Tarrant","32.8058163","-97.3565263"
"04/11/2023","AQS","484391002","3","7.7","ug/m3 LC","43","Fort Worth Northwest","1","100.0000","88101","PM2.5 - Local Conditions","209","Met One BAM-1022 Mass Monitor w/ VSCC or TE-PM2.5C","19100","Dallas-Fort Worth-Arlington, TX","48","Texas","439","Tarrant","32.8058163","-97.3565263"
"04/12/2023","AQS","484391002","3","8.5","ug/m3 LC","47","Fort Worth Northwest","1","100.0000","88101","PM2.5 - Local Conditions","209","Met One BAM-1022 Mass Monitor w/ VSCC or TE-PM2.5C","19100","Dallas-Fort Worth-Arlington, TX","48","Texas","439","Tarrant","32.8058163","-97.3565263"
"04/13/2023","AQS","484391002","3","7.2","ug/m3 LC","40","Fort Worth Northwest","1","100.0000","88101","PM2.5 - Local Conditions","209","Met One BAM-1022 Mass Monitor w/ VSCC or TE-PM2.5C","19100","Dallas-Fort Worth-Arlington, TX","48","Texas","439","Tarrant","32.8058163","-97.3565263"
"04/14/2023","AQS","484391002","3","6.7","ug/m3 LC","37","Fort Worth Northwest","1","100.0000","88101","PM2.5 - Local Conditions","209","Met One BAM-1022 Mass Monitor w/ VSCC or TE-PM2.5C","19100","Dallas-Fort Worth-Arlington, TX","48","Texas","439","Tarrant","32.8058163","-97.3565263"
"04/15/2023","AQS","484391002","3","3.9","ug/m3 LC","22","Fort Worth Northwest","1","100.0000","88101","PM2.5 - Local Conditions","209","Met One BAM-1022 Mass Monitor w/ VSCC or TE-PM2.5C","19100","Dallas-Fort Worth-Arlington, TX","48","Texas","439","Tarrant","32.8058163","-97.3565263"
"04/16/2023","AQS","484391002","3","4.9","ug/m3 LC","27","Fort Worth Northwest","1","100.0000","88101","PM2.5 - Local Conditions","209","Met One BAM-1022 Mass Monitor w/ VSCC or TE-PM2.5C","19100","Dallas-Fort Worth-Arlington, TX","48","Texas","439","Tarrant","32.8058163","-97.3565263"
"04/17/2023","AQS","484391002","3","7.3","ug/m3 LC","41","Fort Worth Northwest","1","100.0000","88101","PM2.5 - Local Conditions","209","Met One BAM-1022 Mass Monitor w/ VSCC or TE-PM2.5C","19100","Dallas-Fort Worth-Arlington, TX","48","Texas","439","Tarrant","32.8058163","-97.3565263"
"04/18/2023","AQS","484391002","3","9.3","ug/m3 LC","51","Fort Worth Northwest","1","100.0000","88101","PM2.5 - Local Conditions","209","Met One BAM-1022 Mass Monitor w/ VSCC or TE-PM2.5C","19100","Dallas-Fort Worth-Arlington, TX","48","Texas","439","Tarrant","32.8058163","-97.3565263"
"04/19/2023","AQS","484391002","3","8.2","ug/m3 LC","46","Fort Worth Northwest","1","100.0000","88101","PM2.5 - Local Conditions","209","Met One BAM-1022 Mass Monitor w/ VSCC or TE-PM2.5C","19100","Dallas-Fort Worth-Arlington, TX","48","Texas","439","Tarrant","32.8058163","-97.3565263"
"04/20/2023","AQS","484391002","3","16.8","ug/m3 LC","65","Fort Worth Northwest","1","100.0000","88101","PM2.5 - Local Conditions","209","Met One BAM-1022 Mass Monitor w/ VSCC or TE-PM2.5C","19100","Dallas-Fort Worth-Arlington, TX","48","Texas","439","Tarrant","32.8058163","-97.3565263"
"04/21/2023","AQS","484391002","3","7.4","ug/m3 LC","41","Fort Worth Northwest","1","100.0000","88101","PM2.5 - Local Conditions","209","Met One BAM-1022 Mass Monitor w/ VSCC or TE-PM2.5C","19100","Dallas-Fort Worth-Arlington, TX","48","Texas","439","Tarrant","32.8058163","-97.3565263"
"04/22/2023","AQS","484391002","3","7.5","ug/m3 LC","42","Fort Worth Northwest","1","100.0000","88101","PM2.5 - Local Conditions","209","Met One BAM-1022 Mass Monitor w/ VSCC or TE-PM2.5C","19100","Dallas-Fort Worth-Arlington, TX","48","Texas","439","Tarrant","32.8058163","-97.3565263"
"04/23/2023","AQS","484391002","3","4.6","ug/m3 LC","26","Fort Worth Northwest","1","100.0000","88101","PM2.5 - Local Conditions","209","Met One BAM-1022 Mass Monitor w/ VSCC or TE-PM2.5C","19100","Dallas-Fort Worth-Arlington, TX","48","Texas","439","Tarrant","32.8058163","-97.3565263"
"04/24/2023","AQS","484391002","3","6.5","ug/m3 LC","36","Fort Worth Northwest","1","100.0000","88101","PM2.5 - Local Conditions","209","Met One BAM-1022 Mass Monitor w/ VSCC or TE-PM2.5C","19100","Dallas-Fort Worth-Arlington, TX","48","Texas","439","Tarrant","32.8058163","-97.3565263"
"04/25/2023","AQS","484391002","3","8.9","ug/m3 LC","49","Fort Worth Northwest","1","100.0000","88101","PM2.5 - Local Conditions","209","Met One BAM-1022 Mass Monitor w/ VSCC or TE-PM2.5C","19100","Dallas-Fort Worth-Arlington, TX","48","Texas","439","Tarrant","32.8058163","-97.3565263"
"04/26/2023","AQS","484391002","3","6.9","ug/m3 LC","38","Fort Worth Northwest","1","100.0000","88101","PM2.5 - Local Conditions","209","Met One BAM-1022 Mass Monitor w/ VSCC or TE-PM2.5C","19100","Dallas-Fort Worth-Arlington, TX","48","Texas","439","Tarrant","32.8058163","-97.3565263"
"04/27/2023","AQS","484391002","3","4.2","ug/m3 LC","23","Fort Worth Northwest","1","100.0000","88101","PM2.5 - Local Conditions","209","Met One BAM-1022 Mass Monitor w/ VSCC or TE-PM2.5C","19100","Dallas-Fort Worth-Arlington, TX","48","Texas","439","Tarrant","32.8058163","-97.3565263"
"04/28/2023","AQS","484391002","3","5.6","ug/m3 LC","31","Fort Worth Northwest","1","100.0000","88101","PM2.5 - Local Conditions","209","Met One BAM-1022 Mass Monitor w/ VSCC or TE-PM2.5C","19100","Dallas-Fort Worth-Arlington, TX","48","Texas","439","Tarrant","32.8058163","-97.3565263"
"04/29/2023","AQS","484391002","3","3","ug/m3 LC","17","Fort Worth Northwest","1","100.0000","88101","PM2.5 - Local Conditions","209","Met One BAM-1022 Mass Monitor w/ VSCC or TE-PM2.5C","19100","Dallas-Fort Worth-Arlington, TX","48","Texas","439","Tarrant","32.8058163","-97.3565263"
"04/30/2023","AQS","484391002","3","4.1","ug/m3 LC","23","Fort Worth Northwest","1","100.0000","88101","PM2.5 - Local Conditions","209","Met One BAM-1022 Mass Monitor w/ VSCC or TE-PM2.5C","19100","Dallas-Fort Worth-Arlington, TX","48","Texas","439","Tarrant","32.8058163","-97.3565263"
"05/03/2023","AQS","484391002","3","9.6","ug/m3 LC","52","Fort Worth Northwest","1","100.0000","88101","PM2.5 - Local Conditions","209","Met One BAM-1022 Mass Monitor w/ VSCC or TE-PM2.5C","19100","Dallas-Fort Worth-Arlington, TX","48","Texas","439","Tarrant","32.8058163","-97.3565263"
"05/04/2023","AQS","484391002","3","12.9","ug/m3 LC","58","Fort Worth Northwest","1","100.0000","88101","PM2.5 - Local Conditions","209","Met One BAM-1022 Mass Monitor w/ VSCC or TE-PM2.5C","19100","Dallas-Fort Worth-Arlington, TX","48","Texas","439","Tarrant","32.8058163","-97.3565263"
"05/05/2023","AQS","484391002","3","11.2","ug/m3 LC","55","Fort Worth Northwest","1","100.0000","88101","PM2.5 - Local Conditions","209","Met One BAM-1022 Mass Monitor w/ VSCC or TE-PM2.5C","19100","Dallas-Fort Worth-Arlington, TX","48","Texas","439","Tarrant","32.8058163","-97.3565263"
"05/06/2023","AQS","484391002","3","12","ug/m3 LC","56","Fort Worth Northwest","1","100.0000","88101","PM2.5 - Local Conditions","209","Met One BAM-1022 Mass Monitor w/ VSCC or TE-PM2.5C","19100","Dallas-Fort Worth-Arlington, TX","48","Texas","439","Tarrant","32.8058163","-97.3565263"
"05/07/2023","AQS","484391002","3","10.4","ug/m3 LC","53","Fort Worth Northwest","1","100.0000","88101","PM2.5 - Local Conditions","209","Met One BAM-1022 Mass Monitor w/ VSCC or TE-PM2.5C","19100","Dallas-Fort Worth-Arlington, TX","48","Texas","439","Tarrant","32.8058163","-97.3565263"
"05/08/2023","AQS","484391002","3","12.5","ug/m3 LC","57","Fort Worth Northwest","1","100.0000","88101","PM2.5 - Local Conditions","209","Met One BAM-1022 Mass Monitor w/ VSCC or TE-PM2.5C","19100","Dallas-Fort Worth-Arlington, TX","48","Texas","439","Tarrant","32.8058163","-97.3565263"
"05/09/2023","AQS","484391002","3","13.6","ug/m3 LC","59","Fort Worth Northwest","1","100.0000","88101","PM2.5 - Local Conditions","209","Met One BAM-1022 Mass Monitor w/ VSCC or TE-PM2.5C","19100","Dallas-Fort Worth-Arlington, TX","48","Texas","439","Tarrant","32.8058163","-97.3565263"
"05/10/2023","AQS","484391002","3","6.8","ug/m3 LC","38","Fort Worth Northwest","1","100.0000","88101","PM2.5 - Local Conditions","209","Met One BAM-1022 Mass Monitor w/ VSCC or TE-PM2.5C","19100","Dallas-Fort Worth-Arlington, TX","48","Texas","439","Tarrant","32.8058163","-97.3565263"
"05/11/2023","AQS","484391002","3","17.7","ug/m3 LC","67","Fort Worth Northwest","1","100.0000","88101","PM2.5 - Local Conditions","209","Met One BAM-1022 Mass Monitor w/ VSCC or TE-PM2.5C","19100","Dallas-Fort Worth-Arlington, TX","48","Texas","439","Tarrant","32.8058163","-97.3565263"
"05/12/2023","AQS","484391002","3","22.7","ug/m3 LC","76","Fort Worth Northwest","1","100.0000","88101","PM2.5 - Local Conditions","209","Met One BAM-1022 Mass Monitor w/ VSCC or TE-PM2.5C","19100","Dallas-Fort Worth-Arlington, TX","48","Texas","439","Tarrant","32.8058163","-97.3565263"
"05/13/2023","AQS","484391002","3","6.7","ug/m3 LC","37","Fort Worth Northwest","1","100.0000","88101","PM2.5 - Local Conditions","209","Met One BAM-1022 Mass Monitor w/ VSCC or TE-PM2.5C","19100","Dallas-Fort Worth-Arlington, TX","48","Texas","439","Tarrant","32.8058163","-97.3565263"
"05/14/2023","AQS","484391002","3","6.7","ug/m3 LC","37","Fort Worth Northwest","1","100.0000","88101","PM2.5 - Local Conditions","209","Met One BAM-1022 Mass Monitor w/ VSCC or TE-PM2.5C","19100","Dallas-Fort Worth-Arlington, TX","48","Texas","439","Tarrant","32.8058163","-97.3565263"
"05/15/2023","AQS","484391002","3","7.1","ug/m3 LC","39","Fort Worth Northwest","1","100.0000","88101","PM2.5 - Local Conditions","209","Met One BAM-1022 Mass Monitor w/ VSCC or TE-PM2.5C","19100","Dallas-Fort Worth-Arlington, TX","48","Texas","439","Tarrant","32.8058163","-97.3565263"
"05/16/2023","AQS","484391002","3","4.4","ug/m3 LC","24","Fort Worth Northwest","1","100.0000","88101","PM2.5 - Local Conditions","209","Met One BAM-1022 Mass Monitor w/ VSCC or TE-PM2.5C","19100","Dallas-Fort Worth-Arlington, TX","48","Texas","439","Tarrant","32.8058163","-97.3565263"
"05/17/2023","AQS","484391002","3","6.9","ug/m3 LC","38","Fort Worth Northwest","1","100.0000","88101","PM2.5 - Local Conditions","209","Met One BAM-1022 Mass Monitor w/ VSCC or TE-PM2.5C","19100","Dallas-Fort Worth-Arlington, TX","48","Texas","439","Tarrant","32.8058163","-97.3565263"
"05/18/2023","AQS","484391002","3","9.1","ug/m3 LC","51","Fort Worth Northwest","1","100.0000","88101","PM2.5 - Local Conditions","209","Met One BAM-1022 Mass Monitor w/ VSCC or TE-PM2.5C","19100","Dallas-Fort Worth-Arlington, TX","48","Texas","439","Tarrant","32.8058163","-97.3565263"
"05/19/2023","AQS","484391002","3","8.4","ug/m3 LC","47","Fort Worth Northwest","1","100.0000","88101","PM2.5 - Local Conditions","209","Met One BAM-1022 Mass Monitor w/ VSCC or TE-PM2.5C","19100","Dallas-Fort Worth-Arlington, TX","48","Texas","439","Tarrant","32.8058163","-97.3565263"
"05/20/2023","AQS","484391002","3","18.5","ug/m3 LC","69","Fort Worth Northwest","1","100.0000","88101","PM2.5 - Local Conditions","209","Met One BAM-1022 Mass Monitor w/ VSCC or TE-PM2.5C","19100","Dallas-Fort Worth-Arlington, TX","48","Texas","439","Tarrant","32.8058163","-97.3565263"
"05/21/2023","AQS","484391002","3","15.5","ug/m3 LC","63","Fort Worth Northwest","1","100.0000","88101","PM2.5 - Local Conditions","209","Met One BAM-1022 Mass Monitor w/ VSCC or TE-PM2.5C","19100","Dallas-Fort Worth-Arlington, TX","48","Texas","439","Tarrant","32.8058163","-97.3565263"
"05/22/2023","AQS","484391002","3","20.2","ug/m3 LC","72","Fort Worth Northwest","1","100.0000","88101","PM2.5 - Local Conditions","209","Met One BAM-1022 Mass Monitor w/ VSCC or TE-PM2.5C","19100","Dallas-Fort Worth-Arlington, TX","48","Texas","439","Tarrant","32.8058163","-97.3565263"
"05/23/2023","AQS","484391002","3","19.2","ug/m3 LC","70","Fort Worth Northwest","1","100.0000","88101","PM2.5 - Local Conditions","209","Met One BAM-1022 Mass Monitor w/ VSCC or TE-PM2.5C","19100","Dallas-Fort Worth-Arlington, TX","48","Texas","439","Tarrant","32.8058163","-97.3565263"
"05/24/2023","AQS","484391002","3","14.9","ug/m3 LC","62","Fort Worth Northwest","1","100.0000","88101","PM2.5 - Local Conditions","209","Met One BAM-1022 Mass Monitor w/ VSCC or TE-PM2.5C","19100","Dallas-Fort Worth-Arlington, TX","48","Texas","439","Tarrant","32.8058163","-97.3565263"
"05/25/2023","AQS","484391002","3","12.5","ug/m3 LC","57","Fort Worth Northwest","1","100.0000","88101","PM2.5 - Local Conditions","209","Met One BAM-1022 Mass Monitor w/ VSCC or TE-PM2.5C","19100","Dallas-Fort Worth-Arlington, TX","48","Texas","439","Tarrant","32.8058163","-97.3565263"
"05/26/2023","AQS","484391002","3","20.8","ug/m3 LC","73","Fort Worth Northwest","1","100.0000","88101","PM2.5 - Local Conditions","209","Met One BAM-1022 Mass Monitor w/ VSCC or TE-PM2.5C","19100","Dallas-Fort Worth-Arlington, TX","48","Texas","439","Tarrant","32.8058163","-97.3565263"
"05/29/2023","AQS","484391002","3","14","ug/m3 LC","60","Fort Worth Northwest","1","100.0000","88101","PM2.5 - Local Conditions","209","Met One BAM-1022 Mass Monitor w/ VSCC or TE-PM2.5C","19100","Dallas-Fort Worth-Arlington, TX","48","Texas","439","Tarrant","32.8058163","-97.3565263"
"05/30/2023","AQS","484391002","3","11.8","ug/m3 LC","56","Fort Worth Northwest","1","100.0000","88101","PM2.5 - Local Conditions","209","Met One BAM-1022 Mass Monitor w/ VSCC or TE-PM2.5C","19100","Dallas-Fort Worth-Arlington, TX","48","Texas","439","Tarrant","32.8058163","-97.3565263"
"05/31/2023","AQS","484391002","3","13.2","ug/m3 LC","59","Fort Worth Northwest","1","100.0000","88101","PM2.5 - Local Conditions","209","Met One BAM-1022 Mass Monitor w/ VSCC or TE-PM2.5C","19100","Dallas-Fort Worth-Arlington, TX","48","Texas","439","Tarrant","32.8058163","-97.3565263"
"06/01/2023","AQS","484391002","3","14.4","ug/m3 LC","61","Fort Worth Northwest","1","100.0000","88101","PM2.5 - Local Conditions","209","Met One BAM-1022 Mass Monitor w/ VSCC or TE-PM2.5C","19100","Dallas-Fort Worth-Arlington, TX","48","Texas","439","Tarrant","32.8058163","-97.3565263"
"06/02/2023","AQS","484391002","3","14.7","ug/m3 LC","61","Fort Worth Northwest","1","100.0000","88101","PM2.5 - Local Conditions","209","Met One BAM-1022 Mass Monitor w/ VSCC or TE-PM2.5C","19100","Dallas-Fort Worth-Arlington, TX","48","Texas","439","Tarrant","32.8058163","-97.3565263"
"06/03/2023","AQS","484391002","3","5.9","ug/m3 LC","33","Fort Worth Northwest","1","100.0000","88101","PM2.5 - Local Conditions","209","Met One BAM-1022 Mass Monitor w/ VSCC or TE-PM2.5C","19100","Dallas-Fort Worth-Arlington, TX","48","Texas","439","Tarrant","32.8058163","-97.3565263"
"06/04/2023","AQS","484391002","3","6.8","ug/m3 LC","38","Fort Worth Northwest","1","100.0000","88101","PM2.5 - Local Conditions","209","Met One BAM-1022 Mass Monitor w/ VSCC or TE-PM2.5C","19100","Dallas-Fort Worth-Arlington, TX","48","Texas","439","Tarrant","32.8058163","-97.3565263"
"06/05/2023","AQS","484391002","3","8.8","ug/m3 LC","49","Fort Worth Northwest","1","100.0000","88101","PM2.5 - Local Conditions","209","Met One BAM-1022 Mass Monitor w/ VSCC or TE-PM2.5C","19100","Dallas-Fort Worth-Arlington, TX","48","Texas","439","Tarrant","32.8058163","-97.3565263"
"06/06/2023","AQS","484391002","3","13.1","ug/m3 LC","58","Fort Worth Northwest","1","100.0000","88101","PM2.5 - Local Conditions","209","Met One BAM-1022 Mass Monitor w/ VSCC or TE-PM2.5C","19100","Dallas-Fort Worth-Arlington, TX","48","Texas","439","Tarrant","32.8058163","-97.3565263"
"06/07/2023","AQS","484391002","3","13.9","ug/m3 LC","60","Fort Worth Northwest","1","100.0000","88101","PM2.5 - Local Conditions","209","Met One BAM-1022 Mass Monitor w/ VSCC or TE-PM2.5C","19100","Dallas-Fort Worth-Arlington, TX","48","Texas","439","Tarrant","32.8058163","-97.3565263"
"06/08/2023","AQS","484391002","3","12.3","ug/m3 LC","57","Fort Worth Northwest","1","100.0000","88101","PM2.5 - Local Conditions","209","Met One BAM-1022 Mass Monitor w/ VSCC or TE-PM2.5C","19100","Dallas-Fort Worth-Arlington, TX","48","Texas","439","Tarrant","32.8058163","-97.3565263"
"06/09/2023","AQS","484391002","3","9.3","ug/m3 LC","51","Fort Worth Northwest","1","100.0000","88101","PM2.5 - Local Conditions","209","Met One BAM-1022 Mass Monitor w/ VSCC or TE-PM2.5C","19100","Dallas-Fort Worth-Arlington, TX","48","Texas","439","Tarrant","32.8058163","-97.3565263"
"06/10/2023","AQS","484391002","3","7.6","ug/m3 LC","42","Fort Worth Northwest","1","100.0000","88101","PM2.5 - Local Conditions","209","Met One BAM-1022 Mass Monitor w/ VSCC or TE-PM2.5C","19100","Dallas-Fort Worth-Arlington, TX","48","Texas","439","Tarrant","32.8058163","-97.3565263"
"06/11/2023","AQS","484391002","3","7","ug/m3 LC","39","Fort Worth Northwest","1","100.0000","88101","PM2.5 - Local Conditions","209","Met One BAM-1022 Mass Monitor w/ VSCC or TE-PM2.5C","19100","Dallas-Fort Worth-Arlington, TX","48","Texas","439","Tarrant","32.8058163","-97.3565263"
"06/12/2023","AQS","484391002","3","6.1","ug/m3 LC","34","Fort Worth Northwest","1","100.0000","88101","PM2.5 - Local Conditions","209","Met One BAM-1022 Mass Monitor w/ VSCC or TE-PM2.5C","19100","Dallas-Fort Worth-Arlington, TX","48","Texas","439","Tarrant","32.8058163","-97.3565263"
"06/13/2023","AQS","484391002","3","13.3","ug/m3 LC","59","Fort Worth Northwest","1","100.0000","88101","PM2.5 - Local Conditions","209","Met One BAM-1022 Mass Monitor w/ VSCC or TE-PM2.5C","19100","Dallas-Fort Worth-Arlington, TX","48","Texas","439","Tarrant","32.8058163","-97.3565263"
"06/14/2023","AQS","484391002","3","22.7","ug/m3 LC","76","Fort Worth Northwest","1","100.0000","88101","PM2.5 - Local Conditions","209","Met One BAM-1022 Mass Monitor w/ VSCC or TE-PM2.5C","19100","Dallas-Fort Worth-Arlington, TX","48","Texas","439","Tarrant","32.8058163","-97.3565263"
"06/15/2023","AQS","484391002","3","25","ug/m3 LC","81","Fort Worth Northwest","1","100.0000","88101","PM2.5 - Local Conditions","209","Met One BAM-1022 Mass Monitor w/ VSCC or TE-PM2.5C","19100","Dallas-Fort Worth-Arlington, TX","48","Texas","439","Tarrant","32.8058163","-97.3565263"
"06/16/2023","AQS","484391002","3","12.7","ug/m3 LC","58","Fort Worth Northwest","1","100.0000","88101","PM2.5 - Local Conditions","209","Met One BAM-1022 Mass Monitor w/ VSCC or TE-PM2.5C","19100","Dallas-Fort Worth-Arlington, TX","48","Texas","439","Tarrant","32.8058163","-97.3565263"
"06/17/2023","AQS","484391002","3","16.4","ug/m3 LC","65","Fort Worth Northwest","1","100.0000","88101","PM2.5 - Local Conditions","209","Met One BAM-1022 Mass Monitor w/ VSCC or TE-PM2.5C","19100","Dallas-Fort Worth-Arlington, TX","48","Texas","439","Tarrant","32.8058163","-97.3565263"
"06/20/2023","AQS","484391002","3","17.9","ug/m3 LC","67","Fort Worth Northwest","1","100.0000","88101","PM2.5 - Local Conditions","209","Met One BAM-1022 Mass Monitor w/ VSCC or TE-PM2.5C","19100","Dallas-Fort Worth-Arlington, TX","48","Texas","439","Tarrant","32.8058163","-97.3565263"
"06/21/2023","AQS","484391002","3","18.3","ug/m3 LC","68","Fort Worth Northwest","1","100.0000","88101","PM2.5 - Local Conditions","209","Met One BAM-1022 Mass Monitor w/ VSCC or TE-PM2.5C","19100","Dallas-Fort Worth-Arlington, TX","48","Texas","439","Tarrant","32.8058163","-97.3565263"
"06/22/2023","AQS","484391002","3","14.1","ug/m3 LC","60","Fort Worth Northwest","1","100.0000","88101","PM2.5 - Local Conditions","209","Met One BAM-1022 Mass Monitor w/ VSCC or TE-PM2.5C","19100","Dallas-Fort Worth-Arlington, TX","48","Texas","439","Tarrant","32.8058163","-97.3565263"
"06/23/2023","AQS","484391002","3","12.9","ug/m3 LC","58","Fort Worth Northwest","1","100.0000","88101","PM2.5 - Local Conditions","209","Met One BAM-1022 Mass Monitor w/ VSCC or TE-PM2.5C","19100","Dallas-Fort Worth-Arlington, TX","48","Texas","439","Tarrant","32.8058163","-97.3565263"
"06/24/2023","AQS","484391002","3","11.2","ug/m3 LC","55","Fort Worth Northwest","1","100.0000","88101","PM2.5 - Local Conditions","209","Met One BAM-1022 Mass Monitor w/ VSCC or TE-PM2.5C","19100","Dallas-Fort Worth-Arlington, TX","48","Texas","439","Tarrant","32.8058163","-97.3565263"
"06/25/2023","AQS","484391002","3","7.2","ug/m3 LC","40","Fort Worth Northwest","1","100.0000","88101","PM2.5 - Local Conditions","209","Met One BAM-1022 Mass Monitor w/ VSCC or TE-PM2.5C","19100","Dallas-Fort Worth-Arlington, TX","48","Texas","439","Tarrant","32.8058163","-97.3565263"
"06/26/2023","AQS","484391002","3","8.2","ug/m3 LC","46","Fort Worth Northwest","1","100.0000","88101","PM2.5 - Local Conditions","209","Met One BAM-1022 Mass Monitor w/ VSCC or TE-PM2.5C","19100","Dallas-Fort Worth-Arlington, TX","48","Texas","439","Tarrant","32.8058163","-97.3565263"
"06/27/2023","AQS","484391002","3","8.3","ug/m3 LC","46","Fort Worth Northwest","1","100.0000","88101","PM2.5 - Local Conditions","209","Met One BAM-1022 Mass Monitor w/ VSCC or TE-PM2.5C","19100","Dallas-Fort Worth-Arlington, TX","48","Texas","439","Tarrant","32.8058163","-97.3565263"
"06/28/2023","AQS","484391002","3","10.4","ug/m3 LC","53","Fort Worth Northwest","1","100.0000","88101","PM2.5 - Local Conditions","209","Met One BAM-1022 Mass Monitor w/ VSCC or TE-PM2.5C","19100","Dallas-Fort Worth-Arlington, TX","48","Texas","439","Tarrant","32.8058163","-97.3565263"
"06/29/2023","AQS","484391002","3","7.8","ug/m3 LC","43","Fort Worth Northwest","1","100.0000","88101","PM2.5 - Local Conditions","209","Met One BAM-1022 Mass Monitor w/ VSCC or TE-PM2.5C","19100","Dallas-Fort Worth-Arlington, TX","48","Texas","439","Tarrant","32.8058163","-97.3565263"
"06/30/2023","AQS","484391002","3","6.7","ug/m3 LC","37","Fort Worth Northwest","1","100.0000","88101","PM2.5 - Local Conditions","209","Met One BAM-1022 Mass Monitor w/ VSCC or TE-PM2.5C","19100","Dallas-Fort Worth-Arlington, TX","48","Texas","439","Tarrant","32.8058163","-97.3565263"
"07/01/2023","AQS","484391002","3","4.5","ug/m3 LC","25","Fort Worth Northwest","1","100.0000","88101","PM2.5 - Local Conditions","209","Met One BAM-1022 Mass Monitor w/ VSCC or TE-PM2.5C","19100","Dallas-Fort Worth-Arlington, TX","48","Texas","439","Tarrant","32.8058163","-97.3565263"
"07/02/2023","AQS","484391002","3","9.3","ug/m3 LC","51","Fort Worth Northwest","1","100.0000","88101","PM2.5 - Local Conditions","209","Met One BAM-1022 Mass Monitor w/ VSCC or TE-PM2.5C","19100","Dallas-Fort Worth-Arlington, TX","48","Texas","439","Tarrant","32.8058163","-97.3565263"
"07/03/2023","AQS","484391002","3","7.4","ug/m3 LC","41","Fort Worth Northwest","1","100.0000","88101","PM2.5 - Local Conditions","209","Met One BAM-1022 Mass Monitor w/ VSCC or TE-PM2.5C","19100","Dallas-Fort Worth-Arlington, TX","48","Texas","439","Tarrant","32.8058163","-97.3565263"
"07/04/2023","AQS","484391002","3","14.5","ug/m3 LC","61","Fort Worth Northwest","1","100.0000","88101","PM2.5 - Local Conditions","209","Met One BAM-1022 Mass Monitor w/ VSCC or TE-PM2.5C","19100","Dallas-Fort Worth-Arlington, TX","48","Texas","439","Tarrant","32.8058163","-97.3565263"
"07/05/2023","AQS","484391002","3","8.1","ug/m3 LC","45","Fort Worth Northwest","1","100.0000","88101","PM2.5 - Local Conditions","209","Met One BAM-1022 Mass Monitor w/ VSCC or TE-PM2.5C","19100","Dallas-Fort Worth-Arlington, TX","48","Texas","439","Tarrant","32.8058163","-97.3565263"
"07/06/2023","AQS","484391002","3","5","ug/m3 LC","28","Fort Worth Northwest","1","100.0000","88101","PM2.5 - Local Conditions","209","Met One BAM-1022 Mass Monitor w/ VSCC or TE-PM2.5C","19100","Dallas-Fort Worth-Arlington, TX","48","Texas","439","Tarrant","32.8058163","-97.3565263"
"07/07/2023","AQS","484391002","3","6.7","ug/m3 LC","37","Fort Worth Northwest","1","100.0000","88101","PM2.5 - Local Conditions","209","Met One BAM-1022 Mass Monitor w/ VSCC or TE-PM2.5C","19100","Dallas-Fort Worth-Arlington, TX","48","Texas","439","Tarrant","32.8058163","-97.3565263"
"07/08/2023","AQS","484391002","3","7.7","ug/m3 LC","43","Fort Worth Northwest","1","100.0000","88101","PM2.5 - Local Conditions","209","Met One BAM-1022 Mass Monitor w/ VSCC or TE-PM2.5C","19100","Dallas-Fort Worth-Arlington, TX","48","Texas","439","Tarrant","32.8058163","-97.3565263"
"07/09/2023","AQS","484391002","3","4.5","ug/m3 LC","25","Fort Worth Northwest","1","100.0000","88101","PM2.5 - Local Conditions","209","Met One BAM-1022 Mass Monitor w/ VSCC or TE-PM2.5C","19100","Dallas-Fort Worth-Arlington, TX","48","Texas","439","Tarrant","32.8058163","-97.3565263"
"07/10/2023","AQS","484391002","3","12.1","ug/m3 LC","57","Fort Worth Northwest","1","100.0000","88101","PM2.5 - Local Conditions","209","Met One BAM-1022 Mass Monitor w/ VSCC or TE-PM2.5C","19100","Dallas-Fort Worth-Arlington, TX","48","Texas","439","Tarrant","32.8058163","-97.3565263"
"07/11/2023","AQS","484391002","3","9.5","ug/m3 LC","52","Fort Worth Northwest","1","100.0000","88101","PM2.5 - Local Conditions","209","Met One BAM-1022 Mass Monitor w/ VSCC or TE-PM2.5C","19100","Dallas-Fort Worth-Arlington, TX","48","Texas","439","Tarrant","32.8058163","-97.3565263"
"07/12/2023","AQS","484391002","3","10.2","ug/m3 LC","53","Fort Worth Northwest","1","100.0000","88101","PM2.5 - Local Conditions","209","Met One BAM-1022 Mass Monitor w/ VSCC or TE-PM2.5C","19100","Dallas-Fort Worth-Arlington, TX","48","Texas","439","Tarrant","32.8058163","-97.3565263"
"07/13/2023","AQS","484391002","3","8.5","ug/m3 LC","47","Fort Worth Northwest","1","100.0000","88101","PM2.5 - Local Conditions","209","Met One BAM-1022 Mass Monitor w/ VSCC or TE-PM2.5C","19100","Dallas-Fort Worth-Arlington, TX","48","Texas","439","Tarrant","32.8058163","-97.3565263"
"07/14/2023","AQS","484391002","3","17","ug/m3 LC","66","Fort Worth Northwest","1","100.0000","88101","PM2.5 - Local Conditions","209","Met One BAM-1022 Mass Monitor w/ VSCC or TE-PM2.5C","19100","Dallas-Fort Worth-Arlington, TX","48","Texas","439","Tarrant","32.8058163","-97.3565263"
"07/15/2023","AQS","484391002","3","13.1","ug/m3 LC","58","Fort Worth Northwest","1","100.0000","88101","PM2.5 - Local Conditions","209","Met One BAM-1022 Mass Monitor w/ VSCC or TE-PM2.5C","19100","Dallas-Fort Worth-Arlington, TX","48","Texas","439","Tarrant","32.8058163","-97.3565263"
"07/16/2023","AQS","484391002","3","9.8","ug/m3 LC","52","Fort Worth Northwest","1","100.0000","88101","PM2.5 - Local Conditions","209","Met One BAM-1022 Mass Monitor w/ VSCC or TE-PM2.5C","19100","Dallas-Fort Worth-Arlington, TX","48","Texas","439","Tarrant","32.8058163","-97.3565263"
"07/17/2023","AQS","484391002","3","17.7","ug/m3 LC","67","Fort Worth Northwest","1","100.0000","88101","PM2.5 - Local Conditions","209","Met One BAM-1022 Mass Monitor w/ VSCC or TE-PM2.5C","19100","Dallas-Fort Worth-Arlington, TX","48","Texas","439","Tarrant","32.8058163","-97.3565263"
"07/18/2023","AQS","484391002","3","13.4","ug/m3 LC","59","Fort Worth Northwest","1","100.0000","88101","PM2.5 - Local Conditions","209","Met One BAM-1022 Mass Monitor w/ VSCC or TE-PM2.5C","19100","Dallas-Fort Worth-Arlington, TX","48","Texas","439","Tarrant","32.8058163","-97.3565263"
"07/19/2023","AQS","484391002","3","15.1","ug/m3 LC","62","Fort Worth Northwest","1","100.0000","88101","PM2.5 - Local Conditions","209","Met One BAM-1022 Mass Monitor w/ VSCC or TE-PM2.5C","19100","Dallas-Fort Worth-Arlington, TX","48","Texas","439","Tarrant","32.8058163","-97.3565263"
"07/20/2023","AQS","484391002","3","15.3","ug/m3 LC","63","Fort Worth Northwest","1","100.0000","88101","PM2.5 - Local Conditions","209","Met One BAM-1022 Mass Monitor w/ VSCC or TE-PM2.5C","19100","Dallas-Fort Worth-Arlington, TX","48","Texas","439","Tarrant","32.8058163","-97.3565263"
"07/26/2023","AQS","484391002","3","17","ug/m3 LC","66","Fort Worth Northwest","1","100.0000","88101","PM2.5 - Local Conditions","209","Met One BAM-1022 Mass Monitor w/ VSCC or TE-PM2.5C","19100","Dallas-Fort Worth-Arlington, TX","48","Texas","439","Tarrant","32.8058163","-97.3565263"
"07/27/2023","AQS","484391002","3","19.7","ug/m3 LC","71","Fort Worth Northwest","1","100.0000","88101","PM2.5 - Local Conditions","209","Met One BAM-1022 Mass Monitor w/ VSCC or TE-PM2.5C","19100","Dallas-Fort Worth-Arlington, TX","48","Texas","439","Tarrant","32.8058163","-97.3565263"
"08/02/2023","AQS","484391002","3","13.7","ug/m3 LC","60","Fort Worth Northwest","1","100.0000","88101","PM2.5 - Local Conditions","209","Met One BAM-1022 Mass Monitor w/ VSCC or TE-PM2.5C","19100","Dallas-Fort Worth-Arlington, TX","48","Texas","439","Tarrant","32.8058163","-97.3565263"
"08/03/2023","AQS","484391002","3","8.8","ug/m3 LC","49","Fort Worth Northwest","1","100.0000","88101","PM2.5 - Local Conditions","209","Met One BAM-1022 Mass Monitor w/ VSCC or TE-PM2.5C","19100","Dallas-Fort Worth-Arlington, TX","48","Texas","439","Tarrant","32.8058163","-97.3565263"
"08/10/2023","AQS","484391002","3","11","ug/m3 LC","55","Fort Worth Northwest","1","100.0000","88101","PM2.5 - Local Conditions","209","Met One BAM-1022 Mass Monitor w/ VSCC or TE-PM2.5C","19100","Dallas-Fort Worth-Arlington, TX","48","Texas","439","Tarrant","32.8058163","-97.3565263"
"08/11/2023","AQS","484391002","3","8.6","ug/m3 LC","48","Fort Worth Northwest","1","100.0000","88101","PM2.5 - Local Conditions","209","Met One BAM-1022 Mass Monitor w/ VSCC or TE-PM2.5C","19100","Dallas-Fort Worth-Arlington, TX","48","Texas","439","Tarrant","32.8058163","-97.3565263"
"08/12/2023","AQS","484391002","3","8.6","ug/m3 LC","48","Fort Worth Northwest","1","100.0000","88101","PM2.5 - Local Conditions","209","Met One BAM-1022 Mass Monitor w/ VSCC or TE-PM2.5C","19100","Dallas-Fort Worth-Arlington, TX","48","Texas","439","Tarrant","32.8058163","-97.3565263"
"08/13/2023","AQS","484391002","3","8","ug/m3 LC","44","Fort Worth Northwest","1","100.0000","88101","PM2.5 - Local Conditions","209","Met One BAM-1022 Mass Monitor w/ VSCC or TE-PM2.5C","19100","Dallas-Fort Worth-Arlington, TX","48","Texas","439","Tarrant","32.8058163","-97.3565263"
"08/14/2023","AQS","484391002","3","6.6","ug/m3 LC","37","Fort Worth Northwest","1","100.0000","88101","PM2.5 - Local Conditions","209","Met One BAM-1022 Mass Monitor w/ VSCC or TE-PM2.5C","19100","Dallas-Fort Worth-Arlington, TX","48","Texas","439","Tarrant","32.8058163","-97.3565263"
"08/15/2023","AQS","484391002","3","3.8","ug/m3 LC","21","Fort Worth Northwest","1","100.0000","88101","PM2.5 - Local Conditions","209","Met One BAM-1022 Mass Monitor w/ VSCC or TE-PM2.5C","19100","Dallas-Fort Worth-Arlington, TX","48","Texas","439","Tarrant","32.8058163","-97.3565263"
"08/16/2023","AQS","484391002","3","6.7","ug/m3 LC","37","Fort Worth Northwest","1","100.0000","88101","PM2.5 - Local Conditions","209","Met One BAM-1022 Mass Monitor w/ VSCC or TE-PM2.5C","19100","Dallas-Fort Worth-Arlington, TX","48","Texas","439","Tarrant","32.8058163","-97.3565263"
"08/17/2023","AQS","484391002","3","9.9","ug/m3 LC","52","Fort Worth Northwest","1","100.0000","88101","PM2.5 - Local Conditions","209","Met One BAM-1022 Mass Monitor w/ VSCC or TE-PM2.5C","19100","Dallas-Fort Worth-Arlington, TX","48","Texas","439","Tarrant","32.8058163","-97.3565263"
"08/18/2023","AQS","484391002","3","10.2","ug/m3 LC","53","Fort Worth Northwest","1","100.0000","88101","PM2.5 - Local Conditions","209","Met One BAM-1022 Mass Monitor w/ VSCC or TE-PM2.5C","19100","Dallas-Fort Worth-Arlington, TX","48","Texas","439","Tarrant","32.8058163","-97.3565263"
"08/19/2023","AQS","484391002","3","9.5","ug/m3 LC","52","Fort Worth Northwest","1","100.0000","88101","PM2.5 - Local Conditions","209","Met One BAM-1022 Mass Monitor w/ VSCC or TE-PM2.5C","19100","Dallas-Fort Worth-Arlington, TX","48","Texas","439","Tarrant","32.8058163","-97.3565263"
"08/20/2023","AQS","484391002","3","12.2","ug/m3 LC","57","Fort Worth Northwest","1","100.0000","88101","PM2.5 - Local Conditions","209","Met One BAM-1022 Mass Monitor w/ VSCC or TE-PM2.5C","19100","Dallas-Fort Worth-Arlington, TX","48","Texas","439","Tarrant","32.8058163","-97.3565263"
"08/21/2023","AQS","484391002","3","18.9","ug/m3 LC","69","Fort Worth Northwest","1","100.0000","88101","PM2.5 - Local Conditions","209","Met One BAM-1022 Mass Monitor w/ VSCC or TE-PM2.5C","19100","Dallas-Fort Worth-Arlington, TX","48","Texas","439","Tarrant","32.8058163","-97.3565263"
"08/22/2023","AQS","484391002","3","16.9","ug/m3 LC","66","Fort Worth Northwest","1","100.0000","88101","PM2.5 - Local Conditions","209","Met One BAM-1022 Mass Monitor w/ VSCC or TE-PM2.5C","19100","Dallas-Fort Worth-Arlington, TX","48","Texas","439","Tarrant","32.8058163","-97.3565263"
"08/23/2023","AQS","484391002","3","15.6","ug/m3 LC","63","Fort Worth Northwest","1","100.0000","88101","PM2.5 - Local Conditions","209","Met One BAM-1022 Mass Monitor w/ VSCC or TE-PM2.5C","19100","Dallas-Fort Worth-Arlington, TX","48","Texas","439","Tarrant","32.8058163","-97.3565263"
"08/24/2023","AQS","484391002","3","18.9","ug/m3 LC","69","Fort Worth Northwest","1","100.0000","88101","PM2.5 - Local Conditions","209","Met One BAM-1022 Mass Monitor w/ VSCC or TE-PM2.5C","19100","Dallas-Fort Worth-Arlington, TX","48","Texas","439","Tarrant","32.8058163","-97.3565263"
"08/25/2023","AQS","484391002","3","20","ug/m3 LC","71","Fort Worth Northwest","1","100.0000","88101","PM2.5 - Local Conditions","209","Met One BAM-1022 Mass Monitor w/ VSCC or TE-PM2.5C","19100","Dallas-Fort Worth-Arlington, TX","48","Texas","439","Tarrant","32.8058163","-97.3565263"
"08/26/2023","AQS","484391002","3","14.4","ug/m3 LC","61","Fort Worth Northwest","1","100.0000","88101","PM2.5 - Local Conditions","209","Met One BAM-1022 Mass Monitor w/ VSCC or TE-PM2.5C","19100","Dallas-Fort Worth-Arlington, TX","48","Texas","439","Tarrant","32.8058163","-97.3565263"
"08/27/2023","AQS","484391002","3","10.4","ug/m3 LC","53","Fort Worth Northwest","1","100.0000","88101","PM2.5 - Local Conditions","209","Met One BAM-1022 Mass Monitor w/ VSCC or TE-PM2.5C","19100","Dallas-Fort Worth-Arlington, TX","48","Texas","439","Tarrant","32.8058163","-97.3565263"
"08/28/2023","AQS","484391002","3","7.5","ug/m3 LC","42","Fort Worth Northwest","1","100.0000","88101","PM2.5 - Local Conditions","209","Met One BAM-1022 Mass Monitor w/ VSCC or TE-PM2.5C","19100","Dallas-Fort Worth-Arlington, TX","48","Texas","439","Tarrant","32.8058163","-97.3565263"
"08/29/2023","AQS","484391002","3","9.4","ug/m3 LC","52","Fort Worth Northwest","1","100.0000","88101","PM2.5 - Local Conditions","209","Met One BAM-1022 Mass Monitor w/ VSCC or TE-PM2.5C","19100","Dallas-Fort Worth-Arlington, TX","48","Texas","439","Tarrant","32.8058163","-97.3565263"
"08/30/2023","AQS","484391002","3","12.8","ug/m3 LC","58","Fort Worth Northwest","1","100.0000","88101","PM2.5 - Local Conditions","209","Met One BAM-1022 Mass Monitor w/ VSCC or TE-PM2.5C","19100","Dallas-Fort Worth-Arlington, TX","48","Texas","439","Tarrant","32.8058163","-97.3565263"
"08/31/2023","AQS","484391002","3","18.2","ug/m3 LC","68","Fort Worth Northwest","1","100.0000","88101","PM2.5 - Local Conditions","209","Met One BAM-1022 Mass Monitor w/ VSCC or TE-PM2.5C","19100","Dallas-Fort Worth-Arlington, TX","48","Texas","439","Tarrant","32.8058163","-97.3565263"
"09/01/2023","AQS","484391002","3","15.7","ug/m3 LC","63","Fort Worth Northwest","1","100.0000","88101","PM2.5 - Local Conditions","209","Met One BAM-1022 Mass Monitor w/ VSCC or TE-PM2.5C","19100","Dallas-Fort Worth-Arlington, TX","48","Texas","439","Tarrant","32.8058163","-97.3565263"
"09/02/2023","AQS","484391002","3","13.7","ug/m3 LC","60","Fort Worth Northwest","1","100.0000","88101","PM2.5 - Local Conditions","209","Met One BAM-1022 Mass Monitor w/ VSCC or TE-PM2.5C","19100","Dallas-Fort Worth-Arlington, TX","48","Texas","439","Tarrant","32.8058163","-97.3565263"
"09/03/2023","AQS","484391002","3","12.3","ug/m3 LC","57","Fort Worth Northwest","1","100.0000","88101","PM2.5 - Local Conditions","209","Met One BAM-1022 Mass Monitor w/ VSCC or TE-PM2.5C","19100","Dallas-Fort Worth-Arlington, TX","48","Texas","439","Tarrant","32.8058163","-97.3565263"
"09/04/2023","AQS","484391002","3","9.2","ug/m3 LC","51","Fort Worth Northwest","1","100.0000","88101","PM2.5 - Local Conditions","209","Met One BAM-1022 Mass Monitor w/ VSCC or TE-PM2.5C","19100","Dallas-Fort Worth-Arlington, TX","48","Texas","439","Tarrant","32.8058163","-97.3565263"
"09/05/2023","AQS","484391002","3","7.5","ug/m3 LC","42","Fort Worth Northwest","1","100.0000","88101","PM2.5 - Local Conditions","209","Met One BAM-1022 Mass Monitor w/ VSCC or TE-PM2.5C","19100","Dallas-Fort Worth-Arlington, TX","48","Texas","439","Tarrant","32.8058163","-97.3565263"
"09/06/2023","AQS","484391002","3","6.8","ug/m3 LC","38","Fort Worth Northwest","1","100.0000","88101","PM2.5 - Local Conditions","209","Met One BAM-1022 Mass Monitor w/ VSCC or TE-PM2.5C","19100","Dallas-Fort Worth-Arlington, TX","48","Texas","439","Tarrant","32.8058163","-97.3565263"
"09/07/2023","AQS","484391002","3","8","ug/m3 LC","44","Fort Worth Northwest","1","100.0000","88101","PM2.5 - Local Conditions","209","Met One BAM-1022 Mass Monitor w/ VSCC or TE-PM2.5C","19100","Dallas-Fort Worth-Arlington, TX","48","Texas","439","Tarrant","32.8058163","-97.3565263"
"09/08/2023","AQS","484391002","3","7.1","ug/m3 LC","39","Fort Worth Northwest","1","100.0000","88101","PM2.5 - Local Conditions","209","Met One BAM-1022 Mass Monitor w/ VSCC or TE-PM2.5C","19100","Dallas-Fort Worth-Arlington, TX","48","Texas","439","Tarrant","32.8058163","-97.3565263"
"09/09/2023","AQS","484391002","3","8.5","ug/m3 LC","47","Fort Worth Northwest","1","100.0000","88101","PM2.5 - Local Conditions","209","Met One BAM-1022 Mass Monitor w/ VSCC or TE-PM2.5C","19100","Dallas-Fort Worth-Arlington, TX","48","Texas","439","Tarrant","32.8058163","-97.3565263"
"09/10/2023","AQS","484391002","3","13.2","ug/m3 LC","59","Fort Worth Northwest","1","100.0000","88101","PM2.5 - Local Conditions","209","Met One BAM-1022 Mass Monitor w/ VSCC or TE-PM2.5C","19100","Dallas-Fort Worth-Arlington, TX","48","Texas","439","Tarrant","32.8058163","-97.3565263"
"09/11/2023","AQS","484391002","3","8.2","ug/m3 LC","46","Fort Worth Northwest","1","100.0000","88101","PM2.5 - Local Conditions","209","Met One BAM-1022 Mass Monitor w/ VSCC or TE-PM2.5C","19100","Dallas-Fort Worth-Arlington, TX","48","Texas","439","Tarrant","32.8058163","-97.3565263"
"09/12/2023","AQS","484391002","3","10.5","ug/m3 LC","54","Fort Worth Northwest","1","100.0000","88101","PM2.5 - Local Conditions","209","Met One BAM-1022 Mass Monitor w/ VSCC or TE-PM2.5C","19100","Dallas-Fort Worth-Arlington, TX","48","Texas","439","Tarrant","32.8058163","-97.3565263"
"09/13/2023","AQS","484391002","3","10.4","ug/m3 LC","53","Fort Worth Northwest","1","100.0000","88101","PM2.5 - Local Conditions","209","Met One BAM-1022 Mass Monitor w/ VSCC or TE-PM2.5C","19100","Dallas-Fort Worth-Arlington, TX","48","Texas","439","Tarrant","32.8058163","-97.3565263"
"09/14/2023","AQS","484391002","3","9.3","ug/m3 LC","51","Fort Worth Northwest","1","100.0000","88101","PM2.5 - Local Conditions","209","Met One BAM-1022 Mass Monitor w/ VSCC or TE-PM2.5C","19100","Dallas-Fort Worth-Arlington, TX","48","Texas","439","Tarrant","32.8058163","-97.3565263"
"09/15/2023","AQS","484391002","3","12.7","ug/m3 LC","58","Fort Worth Northwest","1","100.0000","88101","PM2.5 - Local Conditions","209","Met One BAM-1022 Mass Monitor w/ VSCC or TE-PM2.5C","19100","Dallas-Fort Worth-Arlington, TX","48","Texas","439","Tarrant","32.8058163","-97.3565263"
"09/16/2023","AQS","484391002","3","12.2","ug/m3 LC","57","Fort Worth Northwest","1","100.0000","88101","PM2.5 - Local Conditions","209","Met One BAM-1022 Mass Monitor w/ VSCC or TE-PM2.5C","19100","Dallas-Fort Worth-Arlington, TX","48","Texas","439","Tarrant","32.8058163","-97.3565263"
"09/17/2023","AQS","484391002","3","8","ug/m3 LC","44","Fort Worth Northwest","1","100.0000","88101","PM2.5 - Local Conditions","209","Met One BAM-1022 Mass Monitor w/ VSCC or TE-PM2.5C","19100","Dallas-Fort Worth-Arlington, TX","48","Texas","439","Tarrant","32.8058163","-97.3565263"
"09/18/2023","AQS","484391002","3","10.4","ug/m3 LC","53","Fort Worth Northwest","1","100.0000","88101","PM2.5 - Local Conditions","209","Met One BAM-1022 Mass Monitor w/ VSCC or TE-PM2.5C","19100","Dallas-Fort Worth-Arlington, TX","48","Texas","439","Tarrant","32.8058163","-97.3565263"
"09/19/2023","AQS","484391002","3","9.7","ug/m3 LC","52","Fort Worth Northwest","1","100.0000","88101","PM2.5 - Local Conditions","209","Met One BAM-1022 Mass Monitor w/ VSCC or TE-PM2.5C","19100","Dallas-Fort Worth-Arlington, TX","48","Texas","439","Tarrant","32.8058163","-97.3565263"
"09/20/2023","AQS","484391002","3","10.1","ug/m3 LC","53","Fort Worth Northwest","1","100.0000","88101","PM2.5 - Local Conditions","209","Met One BAM-1022 Mass Monitor w/ VSCC or TE-PM2.5C","19100","Dallas-Fort Worth-Arlington, TX","48","Texas","439","Tarrant","32.8058163","-97.3565263"
"09/21/2023","AQS","484391002","3","6","ug/m3 LC","33","Fort Worth Northwest","1","100.0000","88101","PM2.5 - Local Conditions","209","Met One BAM-1022 Mass Monitor w/ VSCC or TE-PM2.5C","19100","Dallas-Fort Worth-Arlington, TX","48","Texas","439","Tarrant","32.8058163","-97.3565263"
"09/22/2023","AQS","484391002","3","4.4","ug/m3 LC","24","Fort Worth Northwest","1","100.0000","88101","PM2.5 - Local Conditions","209","Met One BAM-1022 Mass Monitor w/ VSCC or TE-PM2.5C","19100","Dallas-Fort Worth-Arlington, TX","48","Texas","439","Tarrant","32.8058163","-97.3565263"
"09/23/2023","AQS","484391002","3","7.2","ug/m3 LC","40","Fort Worth Northwest","1","100.0000","88101","PM2.5 - Local Conditions","209","Met One BAM-1022 Mass Monitor w/ VSCC or TE-PM2.5C","19100","Dallas-Fort Worth-Arlington, TX","48","Texas","439","Tarrant","32.8058163","-97.3565263"
"09/24/2023","AQS","484391002","3","4.4","ug/m3 LC","24","Fort Worth Northwest","1","100.0000","88101","PM2.5 - Local Conditions","209","Met One BAM-1022 Mass Monitor w/ VSCC or TE-PM2.5C","19100","Dallas-Fort Worth-Arlington, TX","48","Texas","439","Tarrant","32.8058163","-97.3565263"
"09/25/2023","AQS","484391002","3","5.2","ug/m3 LC","29","Fort Worth Northwest","1","100.0000","88101","PM2.5 - Local Conditions","209","Met One BAM-1022 Mass Monitor w/ VSCC or TE-PM2.5C","19100","Dallas-Fort Worth-Arlington, TX","48","Texas","439","Tarrant","32.8058163","-97.3565263"
"09/26/2023","AQS","484391002","3","9.2","ug/m3 LC","51","Fort Worth Northwest","1","100.0000","88101","PM2.5 - Local Conditions","209","Met One BAM-1022 Mass Monitor w/ VSCC or TE-PM2.5C","19100","Dallas-Fort Worth-Arlington, TX","48","Texas","439","Tarrant","32.8058163","-97.3565263"
"09/27/2023","AQS","484391002","3","12.9","ug/m3 LC","58","Fort Worth Northwest","1","100.0000","88101","PM2.5 - Local Conditions","209","Met One BAM-1022 Mass Monitor w/ VSCC or TE-PM2.5C","19100","Dallas-Fort Worth-Arlington, TX","48","Texas","439","Tarrant","32.8058163","-97.3565263"
"09/28/2023","AQS","484391002","3","12.5","ug/m3 LC","57","Fort Worth Northwest","1","100.0000","88101","PM2.5 - Local Conditions","209","Met One BAM-1022 Mass Monitor w/ VSCC or TE-PM2.5C","19100","Dallas-Fort Worth-Arlington, TX","48","Texas","439","Tarrant","32.8058163","-97.3565263"
"09/29/2023","AQS","484391002","3","12","ug/m3 LC","56","Fort Worth Northwest","1","100.0000","88101","PM2.5 - Local Conditions","209","Met One BAM-1022 Mass Monitor w/ VSCC or TE-PM2.5C","19100","Dallas-Fort Worth-Arlington, TX","48","Texas","439","Tarrant","32.8058163","-97.3565263"
"09/30/2023","AQS","484391002","3","7.3","ug/m3 LC","41","Fort Worth Northwest","1","100.0000","88101","PM2.5 - Local Conditions","209","Met One BAM-1022 Mass Monitor w/ VSCC or TE-PM2.5C","19100","Dallas-Fort Worth-Arlington, TX","48","Texas","439","Tarrant","32.8058163","-97.3565263"
"10/01/2023","AQS","484391002","3","10.5","ug/m3 LC","54","Fort Worth Northwest","1","100.0000","88101","PM2.5 - Local Conditions","209","Met One BAM-1022 Mass Monitor w/ VSCC or TE-PM2.5C","19100","Dallas-Fort Worth-Arlington, TX","48","Texas","439","Tarrant","32.8058163","-97.3565263"
"10/02/2023","AQS","484391002","3","14.4","ug/m3 LC","61","Fort Worth Northwest","1","100.0000","88101","PM2.5 - Local Conditions","209","Met One BAM-1022 Mass Monitor w/ VSCC or TE-PM2.5C","19100","Dallas-Fort Worth-Arlington, TX","48","Texas","439","Tarrant","32.8058163","-97.3565263"
"10/03/2023","AQS","484391002","3","7.7","ug/m3 LC","43","Fort Worth Northwest","1","100.0000","88101","PM2.5 - Local Conditions","209","Met One BAM-1022 Mass Monitor w/ VSCC or TE-PM2.5C","19100","Dallas-Fort Worth-Arlington, TX","48","Texas","439","Tarrant","32.8058163","-97.3565263"
"10/04/2023","AQS","484391002","3","5.7","ug/m3 LC","32","Fort Worth Northwest","1","100.0000","88101","PM2.5 - Local Conditions","209","Met One BAM-1022 Mass Monitor w/ VSCC or TE-PM2.5C","19100","Dallas-Fort Worth-Arlington, TX","48","Texas","439","Tarrant","32.8058163","-97.3565263"
"10/05/2023","AQS","484391002","3","3.3","ug/m3 LC","18","Fort Worth Northwest","1","100.0000","88101","PM2.5 - Local Conditions","209","Met One BAM-1022 Mass Monitor w/ VSCC or TE-PM2.5C","19100","Dallas-Fort Worth-Arlington, TX","48","Texas","439","Tarrant","32.8058163","-97.3565263"
"10/06/2023","AQS","484391002","3","3.6","ug/m3 LC","20","Fort Worth Northwest","1","100.0000","88101","PM2.5 - Local Conditions","209","Met One BAM-1022 Mass Monitor w/ VSCC or TE-PM2.5C","19100","Dallas-Fort Worth-Arlington, TX","48","Texas","439","Tarrant","32.8058163","-97.3565263"
"10/07/2023","AQS","484391002","3","3.2","ug/m3 LC","18","Fort Worth Northwest","1","100.0000","88101","PM2.5 - Local Conditions","209","Met One BAM-1022 Mass Monitor w/ VSCC or TE-PM2.5C","19100","Dallas-Fort Worth-Arlington, TX","48","Texas","439","Tarrant","32.8058163","-97.3565263"
"10/08/2023","AQS","484391002","3","7.5","ug/m3 LC","42","Fort Worth Northwest","1","100.0000","88101","PM2.5 - Local Conditions","209","Met One BAM-1022 Mass Monitor w/ VSCC or TE-PM2.5C","19100","Dallas-Fort Worth-Arlington, TX","48","Texas","439","Tarrant","32.8058163","-97.3565263"
"10/09/2023","AQS","484391002","3","3.8","ug/m3 LC","21","Fort Worth Northwest","1","100.0000","88101","PM2.5 - Local Conditions","209","Met One BAM-1022 Mass Monitor w/ VSCC or TE-PM2.5C","19100","Dallas-Fort Worth-Arlington, TX","48","Texas","439","Tarrant","32.8058163","-97.3565263"
"10/10/2023","AQS","484391002","3","4","ug/m3 LC","22","Fort Worth Northwest","1","100.0000","88101","PM2.5 - Local Conditions","209","Met One BAM-1022 Mass Monitor w/ VSCC or TE-PM2.5C","19100","Dallas-Fort Worth-Arlington, TX","48","Texas","439","Tarrant","32.8058163","-97.3565263"
"10/11/2023","AQS","484391002","3","3.9","ug/m3 LC","22","Fort Worth Northwest","1","100.0000","88101","PM2.5 - Local Conditions","209","Met One BAM-1022 Mass Monitor w/ VSCC or TE-PM2.5C","19100","Dallas-Fort Worth-Arlington, TX","48","Texas","439","Tarrant","32.8058163","-97.3565263"
"10/12/2023","AQS","484391002","3","6.4","ug/m3 LC","36","Fort Worth Northwest","1","100.0000","88101","PM2.5 - Local Conditions","209","Met One BAM-1022 Mass Monitor w/ VSCC or TE-PM2.5C","19100","Dallas-Fort Worth-Arlington, TX","48","Texas","439","Tarrant","32.8058163","-97.3565263"
"10/13/2023","AQS","484391002","3","1.7","ug/m3 LC","9","Fort Worth Northwest","1","100.0000","88101","PM2.5 - Local Conditions","209","Met One BAM-1022 Mass Monitor w/ VSCC or TE-PM2.5C","19100","Dallas-Fort Worth-Arlington, TX","48","Texas","439","Tarrant","32.8058163","-97.3565263"
"10/14/2023","AQS","484391002","3","1.8","ug/m3 LC","10","Fort Worth Northwest","1","100.0000","88101","PM2.5 - Local Conditions","209","Met One BAM-1022 Mass Monitor w/ VSCC or TE-PM2.5C","19100","Dallas-Fort Worth-Arlington, TX","48","Texas","439","Tarrant","32.8058163","-97.3565263"
"10/15/2023","AQS","484391002","3","1.5","ug/m3 LC","8","Fort Worth Northwest","1","100.0000","88101","PM2.5 - Local Conditions","209","Met One BAM-1022 Mass Monitor w/ VSCC or TE-PM2.5C","19100","Dallas-Fort Worth-Arlington, TX","48","Texas","439","Tarrant","32.8058163","-97.3565263"
"10/16/2023","AQS","484391002","3","3.2","ug/m3 LC","18","Fort Worth Northwest","1","100.0000","88101","PM2.5 - Local Conditions","209","Met One BAM-1022 Mass Monitor w/ VSCC or TE-PM2.5C","19100","Dallas-Fort Worth-Arlington, TX","48","Texas","439","Tarrant","32.8058163","-97.3565263"
"10/17/2023","AQS","484391002","3","4.8","ug/m3 LC","27","Fort Worth Northwest","1","100.0000","88101","PM2.5 - Local Conditions","209","Met One BAM-1022 Mass Monitor w/ VSCC or TE-PM2.5C","19100","Dallas-Fort Worth-Arlington, TX","48","Texas","439","Tarrant","32.8058163","-97.3565263"
"10/18/2023","AQS","484391002","3","6.9","ug/m3 LC","38","Fort Worth Northwest","1","100.0000","88101","PM2.5 - Local Conditions","209","Met One BAM-1022 Mass Monitor w/ VSCC or TE-PM2.5C","19100","Dallas-Fort Worth-Arlington, TX","48","Texas","439","Tarrant","32.8058163","-97.3565263"
"10/19/2023","AQS","484391002","3","5","ug/m3 LC","28","Fort Worth Northwest","1","100.0000","88101","PM2.5 - Local Conditions","209","Met One BAM-1022 Mass Monitor w/ VSCC or TE-PM2.5C","19100","Dallas-Fort Worth-Arlington, TX","48","Texas","439","Tarrant","32.8058163","-97.3565263"
"10/20/2023","AQS","484391002","3","4.9","ug/m3 LC","27","Fort Worth Northwest","1","100.0000","88101","PM2.5 - Local Conditions","209","Met One BAM-1022 Mass Monitor w/ VSCC or TE-PM2.5C","19100","Dallas-Fort Worth-Arlington, TX","48","Texas","439","Tarrant","32.8058163","-97.3565263"
"10/21/2023","AQS","484391002","3","7.4","ug/m3 LC","41","Fort Worth Northwest","1","100.0000","88101","PM2.5 - Local Conditions","209","Met One BAM-1022 Mass Monitor w/ VSCC or TE-PM2.5C","19100","Dallas-Fort Worth-Arlington, TX","48","Texas","439","Tarrant","32.8058163","-97.3565263"
"10/22/2023","AQS","484391002","3","7.5","ug/m3 LC","42","Fort Worth Northwest","1","100.0000","88101","PM2.5 - Local Conditions","209","Met One BAM-1022 Mass Monitor w/ VSCC or TE-PM2.5C","19100","Dallas-Fort Worth-Arlington, TX","48","Texas","439","Tarrant","32.8058163","-97.3565263"
"10/23/2023","AQS","484391002","3","4.7","ug/m3 LC","26","Fort Worth Northwest","1","100.0000","88101","PM2.5 - Local Conditions","209","Met One BAM-1022 Mass Monitor w/ VSCC or TE-PM2.5C","19100","Dallas-Fort Worth-Arlington, TX","48","Texas","439","Tarrant","32.8058163","-97.3565263"
"10/24/2023","AQS","484391002","3","7.6","ug/m3 LC","42","Fort Worth Northwest","1","100.0000","88101","PM2.5 - Local Conditions","209","Met One BAM-1022 Mass Monitor w/ VSCC or TE-PM2.5C","19100","Dallas-Fort Worth-Arlington, TX","48","Texas","439","Tarrant","32.8058163","-97.3565263"
"10/25/2023","AQS","484391002","3","5.7","ug/m3 LC","32","Fort Worth Northwest","1","100.0000","88101","PM2.5 - Local Conditions","209","Met One BAM-1022 Mass Monitor w/ VSCC or TE-PM2.5C","19100","Dallas-Fort Worth-Arlington, TX","48","Texas","439","Tarrant","32.8058163","-97.3565263"
"10/26/2023","AQS","484391002","3","5","ug/m3 LC","28","Fort Worth Northwest","1","100.0000","88101","PM2.5 - Local Conditions","209","Met One BAM-1022 Mass Monitor w/ VSCC or TE-PM2.5C","19100","Dallas-Fort Worth-Arlington, TX","48","Texas","439","Tarrant","32.8058163","-97.3565263"
"10/27/2023","AQS","484391002","3","5.1","ug/m3 LC","28","Fort Worth Northwest","1","100.0000","88101","PM2.5 - Local Conditions","209","Met One BAM-1022 Mass Monitor w/ VSCC or TE-PM2.5C","19100","Dallas-Fort Worth-Arlington, TX","48","Texas","439","Tarrant","32.8058163","-97.3565263"
"10/28/2023","AQS","484391002","3","2.9","ug/m3 LC","16","Fort Worth Northwest","1","100.0000","88101","PM2.5 - Local Conditions","209","Met One BAM-1022 Mass Monitor w/ VSCC or TE-PM2.5C","19100","Dallas-Fort Worth-Arlington, TX","48","Texas","439","Tarrant","32.8058163","-97.3565263"
"10/29/2023","AQS","484391002","3","1.1","ug/m3 LC","6","Fort Worth Northwest","1","100.0000","88101","PM2.5 - Local Conditions","209","Met One BAM-1022 Mass Monitor w/ VSCC or TE-PM2.5C","19100","Dallas-Fort Worth-Arlington, TX","48","Texas","439","Tarrant","32.8058163","-97.3565263"
"10/30/2023","AQS","484391002","3","5.6","ug/m3 LC","31","Fort Worth Northwest","1","100.0000","88101","PM2.5 - Local Conditions","209","Met One BAM-1022 Mass Monitor w/ VSCC or TE-PM2.5C","19100","Dallas-Fort Worth-Arlington, TX","48","Texas","439","Tarrant","32.8058163","-97.3565263"
"10/31/2023","AQS","484391002","3","4.4","ug/m3 LC","24","Fort Worth Northwest","1","100.0000","88101","PM2.5 - Local Conditions","209","Met One BAM-1022 Mass Monitor w/ VSCC or TE-PM2.5C","19100","Dallas-Fort Worth-Arlington, TX","48","Texas","439","Tarrant","32.8058163","-97.3565263"
"11/01/2023","AQS","484391002","3","10.5","ug/m3 LC","54","Fort Worth Northwest","1","100.0000","88101","PM2.5 - Local Conditions","209","Met One BAM-1022 Mass Monitor w/ VSCC or TE-PM2.5C","19100","Dallas-Fort Worth-Arlington, TX","48","Texas","439","Tarrant","32.8058163","-97.3565263"
"11/02/2023","AQS","484391002","3","13.7","ug/m3 LC","60","Fort Worth Northwest","1","100.0000","88101","PM2.5 - Local Conditions","209","Met One BAM-1022 Mass Monitor w/ VSCC or TE-PM2.5C","19100","Dallas-Fort Worth-Arlington, TX","48","Texas","439","Tarrant","32.8058163","-97.3565263"
"11/03/2023","AQS","484391002","3","9.5","ug/m3 LC","52","Fort Worth Northwest","1","100.0000","88101","PM2.5 - Local Conditions","209","Met One BAM-1022 Mass Monitor w/ VSCC or TE-PM2.5C","19100","Dallas-Fort Worth-Arlington, TX","48","Texas","439","Tarrant","32.8058163","-97.3565263"
"11/04/2023","AQS","484391002","3","12.3","ug/m3 LC","57","Fort Worth Northwest","1","100.0000","88101","PM2.5 - Local Conditions","209","Met One BAM-1022 Mass Monitor w/ VSCC or TE-PM2.5C","19100","Dallas-Fort Worth-Arlington, TX","48","Texas","439","Tarrant","32.8058163","-97.3565263"
"11/05/2023","AQS","484391002","3","7.7","ug/m3 LC","43","Fort Worth Northwest","1","100.0000","88101","PM2.5 - Local Conditions","209","Met One BAM-1022 Mass Monitor w/ VSCC or TE-PM2.5C","19100","Dallas-Fort Worth-Arlington, TX","48","Texas","439","Tarrant","32.8058163","-97.3565263"
"11/06/2023","AQS","484391002","3","4.4","ug/m3 LC","24","Fort Worth Northwest","1","100.0000","88101","PM2.5 - Local Conditions","209","Met One BAM-1022 Mass Monitor w/ VSCC or TE-PM2.5C","19100","Dallas-Fort Worth-Arlington, TX","48","Texas","439","Tarrant","32.8058163","-97.3565263"
"11/07/2023","AQS","484391002","3","5","ug/m3 LC","28","Fort Worth Northwest","1","100.0000","88101","PM2.5 - Local Conditions","209","Met One BAM-1022 Mass Monitor w/ VSCC or TE-PM2.5C","19100","Dallas-Fort Worth-Arlington, TX","48","Texas","439","Tarrant","32.8058163","-97.3565263"
"11/08/2023","AQS","484391002","3","5.5","ug/m3 LC","31","Fort Worth Northwest","1","100.0000","88101","PM2.5 - Local Conditions","209","Met One BAM-1022 Mass Monitor w/ VSCC or TE-PM2.5C","19100","Dallas-Fort Worth-Arlington, TX","48","Texas","439","Tarrant","32.8058163","-97.3565263"
"11/09/2023","AQS","484391002","3","4.2","ug/m3 LC","23","Fort Worth Northwest","1","100.0000","88101","PM2.5 - Local Conditions","209","Met One BAM-1022 Mass Monitor w/ VSCC or TE-PM2.5C","19100","Dallas-Fort Worth-Arlington, TX","48","Texas","439","Tarrant","32.8058163","-97.3565263"
"11/10/2023","AQS","484391002","3","5.5","ug/m3 LC","31","Fort Worth Northwest","1","100.0000","88101","PM2.5 - Local Conditions","209","Met One BAM-1022 Mass Monitor w/ VSCC or TE-PM2.5C","19100","Dallas-Fort Worth-Arlington, TX","48","Texas","439","Tarrant","32.8058163","-97.3565263"
"11/11/2023","AQS","484391002","3","5.4","ug/m3 LC","30","Fort Worth Northwest","1","100.0000","88101","PM2.5 - Local Conditions","209","Met One BAM-1022 Mass Monitor w/ VSCC or TE-PM2.5C","19100","Dallas-Fort Worth-Arlington, TX","48","Texas","439","Tarrant","32.8058163","-97.3565263"
"11/12/2023","AQS","484391002","3","10.7","ug/m3 LC","54","Fort Worth Northwest","1","100.0000","88101","PM2.5 - Local Conditions","209","Met One BAM-1022 Mass Monitor w/ VSCC or TE-PM2.5C","19100","Dallas-Fort Worth-Arlington, TX","48","Texas","439","Tarrant","32.8058163","-97.3565263"
"11/13/2023","AQS","484391002","3","10.3","ug/m3 LC","53","Fort Worth Northwest","1","100.0000","88101","PM2.5 - Local Conditions","209","Met One BAM-1022 Mass Monitor w/ VSCC or TE-PM2.5C","19100","Dallas-Fort Worth-Arlington, TX","48","Texas","439","Tarrant","32.8058163","-97.3565263"
"11/14/2023","AQS","484391002","3","9.2","ug/m3 LC","51","Fort Worth Northwest","1","100.0000","88101","PM2.5 - Local Conditions","209","Met One BAM-1022 Mass Monitor w/ VSCC or TE-PM2.5C","19100","Dallas-Fort Worth-Arlington, TX","48","Texas","439","Tarrant","32.8058163","-97.3565263"
"11/15/2023","AQS","484391002","3","13.9","ug/m3 LC","60","Fort Worth Northwest","1","100.0000","88101","PM2.5 - Local Conditions","209","Met One BAM-1022 Mass Monitor w/ VSCC or TE-PM2.5C","19100","Dallas-Fort Worth-Arlington, TX","48","Texas","439","Tarrant","32.8058163","-97.3565263"
"11/16/2023","AQS","484391002","3","10.8","ug/m3 LC","54","Fort Worth Northwest","1","100.0000","88101","PM2.5 - Local Conditions","209","Met One BAM-1022 Mass Monitor w/ VSCC or TE-PM2.5C","19100","Dallas-Fort Worth-Arlington, TX","48","Texas","439","Tarrant","32.8058163","-97.3565263"
"11/17/2023","AQS","484391002","3","11.4","ug/m3 LC","55","Fort Worth Northwest","1","100.0000","88101","PM2.5 - Local Conditions","209","Met One BAM-1022 Mass Monitor w/ VSCC or TE-PM2.5C","19100","Dallas-Fort Worth-Arlington, TX","48","Texas","439","Tarrant","32.8058163","-97.3565263"
"11/18/2023","AQS","484391002","3","11.3","ug/m3 LC","55","Fort Worth Northwest","1","100.0000","88101","PM2.5 - Local Conditions","209","Met One BAM-1022 Mass Monitor w/ VSCC or TE-PM2.5C","19100","Dallas-Fort Worth-Arlington, TX","48","Texas","439","Tarrant","32.8058163","-97.3565263"
"11/19/2023","AQS","484391002","3","16.8","ug/m3 LC","65","Fort Worth Northwest","1","100.0000","88101","PM2.5 - Local Conditions","209","Met One BAM-1022 Mass Monitor w/ VSCC or TE-PM2.5C","19100","Dallas-Fort Worth-Arlington, TX","48","Texas","439","Tarrant","32.8058163","-97.3565263"
"11/20/2023","AQS","484391002","3","4.9","ug/m3 LC","27","Fort Worth Northwest","1","100.0000","88101","PM2.5 - Local Conditions","209","Met One BAM-1022 Mass Monitor w/ VSCC or TE-PM2.5C","19100","Dallas-Fort Worth-Arlington, TX","48","Texas","439","Tarrant","32.8058163","-97.3565263"
"11/21/2023","AQS","484391002","3","2.8","ug/m3 LC","16","Fort Worth Northwest","1","100.0000","88101","PM2.5 - Local Conditions","209","Met One BAM-1022 Mass Monitor w/ VSCC or TE-PM2.5C","19100","Dallas-Fort Worth-Arlington, TX","48","Texas","439","Tarrant","32.8058163","-97.3565263"
"11/22/2023","AQS","484391002","3","8.2","ug/m3 LC","46","Fort Worth Northwest","1","100.0000","88101","PM2.5 - Local Conditions","209","Met One BAM-1022 Mass Monitor w/ VSCC or TE-PM2.5C","19100","Dallas-Fort Worth-Arlington, TX","48","Texas","439","Tarrant","32.8058163","-97.3565263"
"11/23/2023","AQS","484391002","3","15.3","ug/m3 LC","63","Fort Worth Northwest","1","100.0000","88101","PM2.5 - Local Conditions","209","Met One BAM-1022 Mass Monitor w/ VSCC or TE-PM2.5C","19100","Dallas-Fort Worth-Arlington, TX","48","Texas","439","Tarrant","32.8058163","-97.3565263"
"11/24/2023","AQS","484391002","3","9.8","ug/m3 LC","52","Fort Worth Northwest","1","100.0000","88101","PM2.5 - Local Conditions","209","Met One BAM-1022 Mass Monitor w/ VSCC or TE-PM2.5C","19100","Dallas-Fort Worth-Arlington, TX","48","Texas","439","Tarrant","32.8058163","-97.3565263"
"11/25/2023","AQS","484391002","3","11.7","ug/m3 LC","56","Fort Worth Northwest","1","100.0000","88101","PM2.5 - Local Conditions","209","Met One BAM-1022 Mass Monitor w/ VSCC or TE-PM2.5C","19100","Dallas-Fort Worth-Arlington, TX","48","Texas","439","Tarrant","32.8058163","-97.3565263"
"11/26/2023","AQS","484391002","3","4.5","ug/m3 LC","25","Fort Worth Northwest","1","100.0000","88101","PM2.5 - Local Conditions","209","Met One BAM-1022 Mass Monitor w/ VSCC or TE-PM2.5C","19100","Dallas-Fort Worth-Arlington, TX","48","Texas","439","Tarrant","32.8058163","-97.3565263"
"11/27/2023","AQS","484391002","3","7","ug/m3 LC","39","Fort Worth Northwest","1","100.0000","88101","PM2.5 - Local Conditions","209","Met One BAM-1022 Mass Monitor w/ VSCC or TE-PM2.5C","19100","Dallas-Fort Worth-Arlington, TX","48","Texas","439","Tarrant","32.8058163","-97.3565263"
"11/28/2023","AQS","484391002","3","9.2","ug/m3 LC","51","Fort Worth Northwest","1","100.0000","88101","PM2.5 - Local Conditions","209","Met One BAM-1022 Mass Monitor w/ VSCC or TE-PM2.5C","19100","Dallas-Fort Worth-Arlington, TX","48","Texas","439","Tarrant","32.8058163","-97.3565263"
"11/29/2023","AQS","484391002","3","7","ug/m3 LC","39","Fort Worth Northwest","1","100.0000","88101","PM2.5 - Local Conditions","209","Met One BAM-1022 Mass Monitor w/ VSCC or TE-PM2.5C","19100","Dallas-Fort Worth-Arlington, TX","48","Texas","439","Tarrant","32.8058163","-97.3565263"
"11/30/2023","AQS","484391002","3","9.7","ug/m3 LC","52","Fort Worth Northwest","1","100.0000","88101","PM2.5 - Local Conditions","209","Met One BAM-1022 Mass Monitor w/ VSCC or TE-PM2.5C","19100","Dallas-Fort Worth-Arlington, TX","48","Texas","439","Tarrant","32.8058163","-97.3565263"
"12/01/2023","AQS","484391002","3","4","ug/m3 LC","22","Fort Worth Northwest","1","100.0000","88101","PM2.5 - Local Conditions","209","Met One BAM-1022 Mass Monitor w/ VSCC or TE-PM2.5C","19100","Dallas-Fort Worth-Arlington, TX","48","Texas","439","Tarrant","32.8058163","-97.3565263"
"12/02/2023","AQS","484391002","3","6.1","ug/m3 LC","34","Fort Worth Northwest","1","100.0000","88101","PM2.5 - Local Conditions","209","Met One BAM-1022 Mass Monitor w/ VSCC or TE-PM2.5C","19100","Dallas-Fort Worth-Arlington, TX","48","Texas","439","Tarrant","32.8058163","-97.3565263"
"12/03/2023","AQS","484391002","3","3.4","ug/m3 LC","19","Fort Worth Northwest","1","100.0000","88101","PM2.5 - Local Conditions","209","Met One BAM-1022 Mass Monitor w/ VSCC or TE-PM2.5C","19100","Dallas-Fort Worth-Arlington, TX","48","Texas","439","Tarrant","32.8058163","-97.3565263"
"12/04/2023","AQS","484391002","3","4.4","ug/m3 LC","24","Fort Worth Northwest","1","100.0000","88101","PM2.5 - Local Conditions","209","Met One BAM-1022 Mass Monitor w/ VSCC or TE-PM2.5C","19100","Dallas-Fort Worth-Arlington, TX","48","Texas","439","Tarrant","32.8058163","-97.3565263"
"12/05/2023","AQS","484391002","3","10","ug/m3 LC","53","Fort Worth Northwest","1","100.0000","88101","PM2.5 - Local Conditions","209","Met One BAM-1022 Mass Monitor w/ VSCC or TE-PM2.5C","19100","Dallas-Fort Worth-Arlington, TX","48","Texas","439","Tarrant","32.8058163","-97.3565263"
"12/06/2023","AQS","484391002","3","7.3","ug/m3 LC","41","Fort Worth Northwest","1","100.0000","88101","PM2.5 - Local Conditions","209","Met One BAM-1022 Mass Monitor w/ VSCC or TE-PM2.5C","19100","Dallas-Fort Worth-Arlington, TX","48","Texas","439","Tarrant","32.8058163","-97.3565263"
"12/07/2023","AQS","484391002","3","5.5","ug/m3 LC","31","Fort Worth Northwest","1","100.0000","88101","PM2.5 - Local Conditions","209","Met One BAM-1022 Mass Monitor w/ VSCC or TE-PM2.5C","19100","Dallas-Fort Worth-Arlington, TX","48","Texas","439","Tarrant","32.8058163","-97.3565263"
"12/08/2023","AQS","484391002","3","4.5","ug/m3 LC","25","Fort Worth Northwest","1","100.0000","88101","PM2.5 - Local Conditions","209","Met One BAM-1022 Mass Monitor w/ VSCC or TE-PM2.5C","19100","Dallas-Fort Worth-Arlington, TX","48","Texas","439","Tarrant","32.8058163","-97.3565263"
"12/09/2023","AQS","484391002","3","0.7","ug/m3 LC","4","Fort Worth Northwest","1","100.0000","88101","PM2.5 - Local Conditions","209","Met One BAM-1022 Mass Monitor w/ VSCC or TE-PM2.5C","19100","Dallas-Fort Worth-Arlington, TX","48","Texas","439","Tarrant","32.8058163","-97.3565263"
"12/10/2023","AQS","484391002","3","7","ug/m3 LC","39","Fort Worth Northwest","1","100.0000","88101","PM2.5 - Local Conditions","209","Met One BAM-1022 Mass Monitor w/ VSCC or TE-PM2.5C","19100","Dallas-Fort Worth-Arlington, TX","48","Texas","439","Tarrant","32.8058163","-97.3565263"
"12/11/2023","AQS","484391002","3","6.2","ug/m3 LC","34","Fort Worth Northwest","1","100.0000","88101","PM2.5 - Local Conditions","209","Met One BAM-1022 Mass Monitor w/ VSCC or TE-PM2.5C","19100","Dallas-Fort Worth-Arlington, TX","48","Texas","439","Tarrant","32.8058163","-97.3565263"
"12/12/2023","AQS","484391002","3","8","ug/m3 LC","44","Fort Worth Northwest","1","100.0000","88101","PM2.5 - Local Conditions","209","Met One BAM-1022 Mass Monitor w/ VSCC or TE-PM2.5C","19100","Dallas-Fort Worth-Arlington, TX","48","Texas","439","Tarrant","32.8058163","-97.3565263"
"12/13/2023","AQS","484391002","3","10.4","ug/m3 LC","53","Fort Worth Northwest","1","100.0000","88101","PM2.5 - Local Conditions","209","Met One BAM-1022 Mass Monitor w/ VSCC or TE-PM2.5C","19100","Dallas-Fort Worth-Arlington, TX","48","Texas","439","Tarrant","32.8058163","-97.3565263"
"12/14/2023","AQS","484391002","3","9.1","ug/m3 LC","51","Fort Worth Northwest","1","100.0000","88101","PM2.5 - Local Conditions","209","Met One BAM-1022 Mass Monitor w/ VSCC or TE-PM2.5C","19100","Dallas-Fort Worth-Arlington, TX","48","Texas","439","Tarrant","32.8058163","-97.3565263"
"12/15/2023","AQS","484391002","3","7.4","ug/m3 LC","41","Fort Worth Northwest","1","100.0000","88101","PM2.5 - Local Conditions","209","Met One BAM-1022 Mass Monitor w/ VSCC or TE-PM2.5C","19100","Dallas-Fort Worth-Arlington, TX","48","Texas","439","Tarrant","32.8058163","-97.3565263"
"12/16/2023","AQS","484391002","3","6.5","ug/m3 LC","36","Fort Worth Northwest","1","100.0000","88101","PM2.5 - Local Conditions","209","Met One BAM-1022 Mass Monitor w/ VSCC or TE-PM2.5C","19100","Dallas-Fort Worth-Arlington, TX","48","Texas","439","Tarrant","32.8058163","-97.3565263"
"12/17/2023","AQS","484391002","3","8.6","ug/m3 LC","48","Fort Worth Northwest","1","100.0000","88101","PM2.5 - Local Conditions","209","Met One BAM-1022 Mass Monitor w/ VSCC or TE-PM2.5C","19100","Dallas-Fort Worth-Arlington, TX","48","Texas","439","Tarrant","32.8058163","-97.3565263"
"12/18/2023","AQS","484391002","3","3.7","ug/m3 LC","21","Fort Worth Northwest","1","100.0000","88101","PM2.5 - Local Conditions","209","Met One BAM-1022 Mass Monitor w/ VSCC or TE-PM2.5C","19100","Dallas-Fort Worth-Arlington, TX","48","Texas","439","Tarrant","32.8058163","-97.3565263"
"12/19/2023","AQS","484391002","3","8.9","ug/m3 LC","49","Fort Worth Northwest","1","100.0000","88101","PM2.5 - Local Conditions","209","Met One BAM-1022 Mass Monitor w/ VSCC or TE-PM2.5C","19100","Dallas-Fort Worth-Arlington, TX","48","Texas","439","Tarrant","32.8058163","-97.3565263"
"12/20/2023","AQS","484391002","3","8.6","ug/m3 LC","48","Fort Worth Northwest","1","100.0000","88101","PM2.5 - Local Conditions","209","Met One BAM-1022 Mass Monitor w/ VSCC or TE-PM2.5C","19100","Dallas-Fort Worth-Arlington, TX","48","Texas","439","Tarrant","32.8058163","-97.3565263"
"12/21/2023","AQS","484391002","3","9.8","ug/m3 LC","52","Fort Worth Northwest","1","100.0000","88101","PM2.5 - Local Conditions","209","Met One BAM-1022 Mass Monitor w/ VSCC or TE-PM2.5C","19100","Dallas-Fort Worth-Arlington, TX","48","Texas","439","Tarrant","32.8058163","-97.3565263"
"12/22/2023","AQS","484391002","3","12.8","ug/m3 LC","58","Fort Worth Northwest","1","100.0000","88101","PM2.5 - Local Conditions","209","Met One BAM-1022 Mass Monitor w/ VSCC or TE-PM2.5C","19100","Dallas-Fort Worth-Arlington, TX","48","Texas","439","Tarrant","32.8058163","-97.3565263"
"12/23/2023","AQS","484391002","3","9.5","ug/m3 LC","52","Fort Worth Northwest","1","100.0000","88101","PM2.5 - Local Conditions","209","Met One BAM-1022 Mass Monitor w/ VSCC or TE-PM2.5C","19100","Dallas-Fort Worth-Arlington, TX","48","Texas","439","Tarrant","32.8058163","-97.3565263"
"12/24/2023","AQS","484391002","3","0.9","ug/m3 LC","5","Fort Worth Northwest","1","100.0000","88101","PM2.5 - Local Conditions","209","Met One BAM-1022 Mass Monitor w/ VSCC or TE-PM2.5C","19100","Dallas-Fort Worth-Arlington, TX","48","Texas","439","Tarrant","32.8058163","-97.3565263"
"12/25/2023","AQS","484391002","3","3.7","ug/m3 LC","21","Fort Worth Northwest","1","100.0000","88101","PM2.5 - Local Conditions","209","Met One BAM-1022 Mass Monitor w/ VSCC or TE-PM2.5C","19100","Dallas-Fort Worth-Arlington, TX","48","Texas","439","Tarrant","32.8058163","-97.3565263"
"12/26/2023","AQS","484391002","3","6.5","ug/m3 LC","36","Fort Worth Northwest","1","100.0000","88101","PM2.5 - Local Conditions","209","Met One BAM-1022 Mass Monitor w/ VSCC or TE-PM2.5C","19100","Dallas-Fort Worth-Arlington, TX","48","Texas","439","Tarrant","32.8058163","-97.3565263"
"12/27/2023","AQS","484391002","3","2.5","ug/m3 LC","14","Fort Worth Northwest","1","100.0000","88101","PM2.5 - Local Conditions","209","Met One BAM-1022 Mass Monitor w/ VSCC or TE-PM2.5C","19100","Dallas-Fort Worth-Arlington, TX","48","Texas","439","Tarrant","32.8058163","-97.3565263"
"12/28/2023","AQS","484391002","3","2.6","ug/m3 LC","14","Fort Worth Northwest","1","100.0000","88101","PM2.5 - Local Conditions","209","Met One BAM-1022 Mass Monitor w/ VSCC or TE-PM2.5C","19100","Dallas-Fort Worth-Arlington, TX","48","Texas","439","Tarrant","32.8058163","-97.3565263"
"12/29/2023","AQS","484391002","3","3.6","ug/m3 LC","20","Fort Worth Northwest","1","100.0000","88101","PM2.5 - Local Conditions","209","Met One BAM-1022 Mass Monitor w/ VSCC or TE-PM2.5C","19100","Dallas-Fort Worth-Arlington, TX","48","Texas","439","Tarrant","32.8058163","-97.3565263"
"12/30/2023","AQS","484391002","3","8.9","ug/m3 LC","49","Fort Worth Northwest","1","100.0000","88101","PM2.5 - Local Conditions","209","Met One BAM-1022 Mass Monitor w/ VSCC or TE-PM2.5C","19100","Dallas-Fort Worth-Arlington, TX","48","Texas","439","Tarrant","32.8058163","-97.3565263"
"12/31/2023","AQS","484391002","3","7","ug/m3 LC","39","Fort Worth Northwest","1","100.0000","88101","PM2.5 - Local Conditions","209","Met One BAM-1022 Mass Monitor w/ VSCC or TE-PM2.5C","19100","Dallas-Fort Worth-Arlington, TX","48","Texas","439","Tarrant","32.8058163","-97.3565263"
"01/05/2023","AQS","484391006","2","7.3","ug/m3 LC","41","Haws Athletic Center","1","100.0000","88101","PM2.5 - Local Conditions","209","Met One BAM-1022 Mass Monitor w/ VSCC or TE-PM2.5C","19100","Dallas-Fort Worth-Arlington, TX","48","Texas","439","Tarrant","32.7591484","-97.3423226"
"01/06/2023","AQS","484391006","2","10.7","ug/m3 LC","54","Haws Athletic Center","1","100.0000","88101","PM2.5 - Local Conditions","209","Met One BAM-1022 Mass Monitor w/ VSCC or TE-PM2.5C","19100","Dallas-Fort Worth-Arlington, TX","48","Texas","439","Tarrant","32.7591484","-97.3423226"
"01/07/2023","AQS","484391006","2","5.7","ug/m3 LC","32","Haws Athletic Center","1","100.0000","88101","PM2.5 - Local Conditions","209","Met One BAM-1022 Mass Monitor w/ VSCC or TE-PM2.5C","19100","Dallas-Fort Worth-Arlington, TX","48","Texas","439","Tarrant","32.7591484","-97.3423226"
"01/08/2023","AQS","484391006","2","10.6","ug/m3 LC","54","Haws Athletic Center","1","100.0000","88101","PM2.5 - Local Conditions","209","Met One BAM-1022 Mass Monitor w/ VSCC or TE-PM2.5C","19100","Dallas-Fort Worth-Arlington, TX","48","Texas","439","Tarrant","32.7591484","-97.3423226"
"01/09/2023","AQS","484391006","2","15.7","ug/m3 LC","63","Haws Athletic Center","1","100.0000","88101","PM2.5 - Local Conditions","209","Met One BAM-1022 Mass Monitor w/ VSCC or TE-PM2.5C","19100","Dallas-Fort Worth-Arlington, TX","48","Texas","439","Tarrant","32.7591484","-97.3423226"
"01/10/2023","AQS","484391006","2","6.9","ug/m3 LC","38","Haws Athletic Center","1","100.0000","88101","PM2.5 - Local Conditions","209","Met One BAM-1022 Mass Monitor w/ VSCC or TE-PM2.5C","19100","Dallas-Fort Worth-Arlington, TX","48","Texas","439","Tarrant","32.7591484","-97.3423226"
"01/11/2023","AQS","484391006","2","7.9","ug/m3 LC","44","Haws Athletic Center","1","100.0000","88101","PM2.5 - Local Conditions","209","Met One BAM-1022 Mass Monitor w/ VSCC or TE-PM2.5C","19100","Dallas-Fort Worth-Arlington, TX","48","Texas","439","Tarrant","32.7591484","-97.3423226"
"01/12/2023","AQS","484391006","2","4.8","ug/m3 LC","27","Haws Athletic Center","1","100.0000","88101","PM2.5 - Local Conditions","209","Met One BAM-1022 Mass Monitor w/ VSCC or TE-PM2.5C","19100","Dallas-Fort Worth-Arlington, TX","48","Texas","439","Tarrant","32.7591484","-97.3423226"
"01/13/2023","AQS","484391006","2","13.6","ug/m3 LC","59","Haws Athletic Center","1","100.0000","88101","PM2.5 - Local Conditions","209","Met One BAM-1022 Mass Monitor w/ VSCC or TE-PM2.5C","19100","Dallas-Fort Worth-Arlington, TX","48","Texas","439","Tarrant","32.7591484","-97.3423226"
"01/14/2023","AQS","484391006","2","10.4","ug/m3 LC","53","Haws Athletic Center","1","100.0000","88101","PM2.5 - Local Conditions","209","Met One BAM-1022 Mass Monitor w/ VSCC or TE-PM2.5C","19100","Dallas-Fort Worth-Arlington, TX","48","Texas","439","Tarrant","32.7591484","-97.3423226"
"01/15/2023","AQS","484391006","2","6.6","ug/m3 LC","37","Haws Athletic Center","1","100.0000","88101","PM2.5 - Local Conditions","209","Met One BAM-1022 Mass Monitor w/ VSCC or TE-PM2.5C","19100","Dallas-Fort Worth-Arlington, TX","48","Texas","439","Tarrant","32.7591484","-97.3423226"
"01/16/2023","AQS","484391006","2","5.8","ug/m3 LC","32","Haws Athletic Center","1","100.0000","88101","PM2.5 - Local Conditions","209","Met One BAM-1022 Mass Monitor w/ VSCC or TE-PM2.5C","19100","Dallas-Fort Worth-Arlington, TX","48","Texas","439","Tarrant","32.7591484","-97.3423226"
"01/17/2023","AQS","484391006","2","5.9","ug/m3 LC","33","Haws Athletic Center","1","100.0000","88101","PM2.5 - Local Conditions","209","Met One BAM-1022 Mass Monitor w/ VSCC or TE-PM2.5C","19100","Dallas-Fort Worth-Arlington, TX","48","Texas","439","Tarrant","32.7591484","-97.3423226"
"01/18/2023","AQS","484391006","2","8","ug/m3 LC","44","Haws Athletic Center","1","100.0000","88101","PM2.5 - Local Conditions","209","Met One BAM-1022 Mass Monitor w/ VSCC or TE-PM2.5C","19100","Dallas-Fort Worth-Arlington, TX","48","Texas","439","Tarrant","32.7591484","-97.3423226"
"01/19/2023","AQS","484391006","2","6.1","ug/m3 LC","34","Haws Athletic Center","1","100.0000","88101","PM2.5 - Local Conditions","209","Met One BAM-1022 Mass Monitor w/ VSCC or TE-PM2.5C","19100","Dallas-Fort Worth-Arlington, TX","48","Texas","439","Tarrant","32.7591484","-97.3423226"
"01/20/2023","AQS","484391006","2","8.5","ug/m3 LC","47","Haws Athletic Center","1","100.0000","88101","PM2.5 - Local Conditions","209","Met One BAM-1022 Mass Monitor w/ VSCC or TE-PM2.5C","19100","Dallas-Fort Worth-Arlington, TX","48","Texas","439","Tarrant","32.7591484","-97.3423226"
"01/21/2023","AQS","484391006","2","5.6","ug/m3 LC","31","Haws Athletic Center","1","100.0000","88101","PM2.5 - Local Conditions","209","Met One BAM-1022 Mass Monitor w/ VSCC or TE-PM2.5C","19100","Dallas-Fort Worth-Arlington, TX","48","Texas","439","Tarrant","32.7591484","-97.3423226"
"01/22/2023","AQS","484391006","2","5.2","ug/m3 LC","29","Haws Athletic Center","1","100.0000","88101","PM2.5 - Local Conditions","209","Met One BAM-1022 Mass Monitor w/ VSCC or TE-PM2.5C","19100","Dallas-Fort Worth-Arlington, TX","48","Texas","439","Tarrant","32.7591484","-97.3423226"
"01/23/2023","AQS","484391006","2","11.5","ug/m3 LC","55","Haws Athletic Center","1","100.0000","88101","PM2.5 - Local Conditions","209","Met One BAM-1022 Mass Monitor w/ VSCC or TE-PM2.5C","19100","Dallas-Fort Worth-Arlington, TX","48","Texas","439","Tarrant","32.7591484","-97.3423226"
"01/24/2023","AQS","484391006","2","5.8","ug/m3 LC","32","Haws Athletic Center","1","100.0000","88101","PM2.5 - Local Conditions","209","Met One BAM-1022 Mass Monitor w/ VSCC or TE-PM2.5C","19100","Dallas-Fort Worth-Arlington, TX","48","Texas","439","Tarrant","32.7591484","-97.3423226"
"01/25/2023","AQS","484391006","2","8","ug/m3 LC","44","Haws Athletic Center","1","100.0000","88101","PM2.5 - Local Conditions","209","Met One BAM-1022 Mass Monitor w/ VSCC or TE-PM2.5C","19100","Dallas-Fort Worth-Arlington, TX","48","Texas","439","Tarrant","32.7591484","-97.3423226"
"01/26/2023","AQS","484391006","2","7.7","ug/m3 LC","43","Haws Athletic Center","1","100.0000","88101","PM2.5 - Local Conditions","209","Met One BAM-1022 Mass Monitor w/ VSCC or TE-PM2.5C","19100","Dallas-Fort Worth-Arlington, TX","48","Texas","439","Tarrant","32.7591484","-97.3423226"
"01/27/2023","AQS","484391006","2","5.8","ug/m3 LC","32","Haws Athletic Center","1","100.0000","88101","PM2.5 - Local Conditions","209","Met One BAM-1022 Mass Monitor w/ VSCC or TE-PM2.5C","19100","Dallas-Fort Worth-Arlington, TX","48","Texas","439","Tarrant","32.7591484","-97.3423226"
"01/28/2023","AQS","484391006","2","6.3","ug/m3 LC","35","Haws Athletic Center","1","100.0000","88101","PM2.5 - Local Conditions","209","Met One BAM-1022 Mass Monitor w/ VSCC or TE-PM2.5C","19100","Dallas-Fort Worth-Arlington, TX","48","Texas","439","Tarrant","32.7591484","-97.3423226"
"01/29/2023","AQS","484391006","2","8.8","ug/m3 LC","49","Haws Athletic Center","1","100.0000","88101","PM2.5 - Local Conditions","209","Met One BAM-1022 Mass Monitor w/ VSCC or TE-PM2.5C","19100","Dallas-Fort Worth-Arlington, TX","48","Texas","439","Tarrant","32.7591484","-97.3423226"
"01/30/2023","AQS","484391006","2","5.2","ug/m3 LC","29","Haws Athletic Center","1","100.0000","88101","PM2.5 - Local Conditions","209","Met One BAM-1022 Mass Monitor w/ VSCC or TE-PM2.5C","19100","Dallas-Fort Worth-Arlington, TX","48","Texas","439","Tarrant","32.7591484","-97.3423226"
"01/31/2023","AQS","484391006","2","4.7","ug/m3 LC","26","Haws Athletic Center","1","100.0000","88101","PM2.5 - Local Conditions","209","Met One BAM-1022 Mass Monitor w/ VSCC or TE-PM2.5C","19100","Dallas-Fort Worth-Arlington, TX","48","Texas","439","Tarrant","32.7591484","-97.3423226"
"02/01/2023","AQS","484391006","2","5.8","ug/m3 LC","32","Haws Athletic Center","1","100.0000","88101","PM2.5 - Local Conditions","209","Met One BAM-1022 Mass Monitor w/ VSCC or TE-PM2.5C","19100","Dallas-Fort Worth-Arlington, TX","48","Texas","439","Tarrant","32.7591484","-97.3423226"
"02/02/2023","AQS","484391006","2","9.4","ug/m3 LC","52","Haws Athletic Center","1","100.0000","88101","PM2.5 - Local Conditions","209","Met One BAM-1022 Mass Monitor w/ VSCC or TE-PM2.5C","19100","Dallas-Fort Worth-Arlington, TX","48","Texas","439","Tarrant","32.7591484","-97.3423226"
"02/03/2023","AQS","484391006","2","16.9","ug/m3 LC","66","Haws Athletic Center","1","100.0000","88101","PM2.5 - Local Conditions","209","Met One BAM-1022 Mass Monitor w/ VSCC or TE-PM2.5C","19100","Dallas-Fort Worth-Arlington, TX","48","Texas","439","Tarrant","32.7591484","-97.3423226"
"02/04/2023","AQS","484391006","2","16.9","ug/m3 LC","66","Haws Athletic Center","1","100.0000","88101","PM2.5 - Local Conditions","209","Met One BAM-1022 Mass Monitor w/ VSCC or TE-PM2.5C","19100","Dallas-Fort Worth-Arlington, TX","48","Texas","439","Tarrant","32.7591484","-97.3423226"
"02/05/2023","AQS","484391006","2","7.3","ug/m3 LC","41","Haws Athletic Center","1","100.0000","88101","PM2.5 - Local Conditions","209","Met One BAM-1022 Mass Monitor w/ VSCC or TE-PM2.5C","19100","Dallas-Fort Worth-Arlington, TX","48","Texas","439","Tarrant","32.7591484","-97.3423226"
"02/06/2023","AQS","484391006","2","6.6","ug/m3 LC","37","Haws Athletic Center","1","100.0000","88101","PM2.5 - Local Conditions","209","Met One BAM-1022 Mass Monitor w/ VSCC or TE-PM2.5C","19100","Dallas-Fort Worth-Arlington, TX","48","Texas","439","Tarrant","32.7591484","-97.3423226"
"02/07/2023","AQS","484391006","2","4.9","ug/m3 LC","27","Haws Athletic Center","1","100.0000","88101","PM2.5 - Local Conditions","209","Met One BAM-1022 Mass Monitor w/ VSCC or TE-PM2.5C","19100","Dallas-Fort Worth-Arlington, TX","48","Texas","439","Tarrant","32.7591484","-97.3423226"
"02/08/2023","AQS","484391006","2","2.8","ug/m3 LC","16","Haws Athletic Center","1","100.0000","88101","PM2.5 - Local Conditions","209","Met One BAM-1022 Mass Monitor w/ VSCC or TE-PM2.5C","19100","Dallas-Fort Worth-Arlington, TX","48","Texas","439","Tarrant","32.7591484","-97.3423226"
"02/09/2023","AQS","484391006","2","8.5","ug/m3 LC","47","Haws Athletic Center","1","100.0000","88101","PM2.5 - Local Conditions","209","Met One BAM-1022 Mass Monitor w/ VSCC or TE-PM2.5C","19100","Dallas-Fort Worth-Arlington, TX","48","Texas","439","Tarrant","32.7591484","-97.3423226"
"02/10/2023","AQS","484391006","2","4.5","ug/m3 LC","25","Haws Athletic Center","1","100.0000","88101","PM2.5 - Local Conditions","209","Met One BAM-1022 Mass Monitor w/ VSCC or TE-PM2.5C","19100","Dallas-Fort Worth-Arlington, TX","48","Texas","439","Tarrant","32.7591484","-97.3423226"
"02/11/2023","AQS","484391006","2","8","ug/m3 LC","44","Haws Athletic Center","1","100.0000","88101","PM2.5 - Local Conditions","209","Met One BAM-1022 Mass Monitor w/ VSCC or TE-PM2.5C","19100","Dallas-Fort Worth-Arlington, TX","48","Texas","439","Tarrant","32.7591484","-97.3423226"
"02/12/2023","AQS","484391006","2","7.4","ug/m3 LC","41","Haws Athletic Center","1","100.0000","88101","PM2.5 - Local Conditions","209","Met One BAM-1022 Mass Monitor w/ VSCC or TE-PM2.5C","19100","Dallas-Fort Worth-Arlington, TX","48","Texas","439","Tarrant","32.7591484","-97.3423226"
"02/13/2023","AQS","484391006","2","5.7","ug/m3 LC","32","Haws Athletic Center","1","100.0000","88101","PM2.5 - Local Conditions","209","Met One BAM-1022 Mass Monitor w/ VSCC or TE-PM2.5C","19100","Dallas-Fort Worth-Arlington, TX","48","Texas","439","Tarrant","32.7591484","-97.3423226"
"02/14/2023","AQS","484391006","2","3.9","ug/m3 LC","22","Haws Athletic Center","1","100.0000","88101","PM2.5 - Local Conditions","209","Met One BAM-1022 Mass Monitor w/ VSCC or TE-PM2.5C","19100","Dallas-Fort Worth-Arlington, TX","48","Texas","439","Tarrant","32.7591484","-97.3423226"
"02/15/2023","AQS","484391006","2","13.4","ug/m3 LC","59","Haws Athletic Center","1","100.0000","88101","PM2.5 - Local Conditions","209","Met One BAM-1022 Mass Monitor w/ VSCC or TE-PM2.5C","19100","Dallas-Fort Worth-Arlington, TX","48","Texas","439","Tarrant","32.7591484","-97.3423226"
"02/16/2023","AQS","484391006","2","3","ug/m3 LC","17","Haws Athletic Center","1","100.0000","88101","PM2.5 - Local Conditions","209","Met One BAM-1022 Mass Monitor w/ VSCC or TE-PM2.5C","19100","Dallas-Fort Worth-Arlington, TX","48","Texas","439","Tarrant","32.7591484","-97.3423226"
"02/17/2023","AQS","484391006","2","5.1","ug/m3 LC","28","Haws Athletic Center","1","100.0000","88101","PM2.5 - Local Conditions","209","Met One BAM-1022 Mass Monitor w/ VSCC or TE-PM2.5C","19100","Dallas-Fort Worth-Arlington, TX","48","Texas","439","Tarrant","32.7591484","-97.3423226"
"02/18/2023","AQS","484391006","2","8.5","ug/m3 LC","47","Haws Athletic Center","1","100.0000","88101","PM2.5 - Local Conditions","209","Met One BAM-1022 Mass Monitor w/ VSCC or TE-PM2.5C","19100","Dallas-Fort Worth-Arlington, TX","48","Texas","439","Tarrant","32.7591484","-97.3423226"
"02/19/2023","AQS","484391006","2","5.6","ug/m3 LC","31","Haws Athletic Center","1","100.0000","88101","PM2.5 - Local Conditions","209","Met One BAM-1022 Mass Monitor w/ VSCC or TE-PM2.5C","19100","Dallas-Fort Worth-Arlington, TX","48","Texas","439","Tarrant","32.7591484","-97.3423226"
"02/20/2023","AQS","484391006","2","5.4","ug/m3 LC","30","Haws Athletic Center","1","100.0000","88101","PM2.5 - Local Conditions","209","Met One BAM-1022 Mass Monitor w/ VSCC or TE-PM2.5C","19100","Dallas-Fort Worth-Arlington, TX","48","Texas","439","Tarrant","32.7591484","-97.3423226"
"02/21/2023","AQS","484391006","2","7.9","ug/m3 LC","44","Haws Athletic Center","1","100.0000","88101","PM2.5 - Local Conditions","209","Met One BAM-1022 Mass Monitor w/ VSCC or TE-PM2.5C","19100","Dallas-Fort Worth-Arlington, TX","48","Texas","439","Tarrant","32.7591484","-97.3423226"
"02/22/2023","AQS","484391006","2","6.7","ug/m3 LC","37","Haws Athletic Center","1","100.0000","88101","PM2.5 - Local Conditions","209","Met One BAM-1022 Mass Monitor w/ VSCC or TE-PM2.5C","19100","Dallas-Fort Worth-Arlington, TX","48","Texas","439","Tarrant","32.7591484","-97.3423226"
"02/23/2023","AQS","484391006","2","6","ug/m3 LC","33","Haws Athletic Center","1","100.0000","88101","PM2.5 - Local Conditions","209","Met One BAM-1022 Mass Monitor w/ VSCC or TE-PM2.5C","19100","Dallas-Fort Worth-Arlington, TX","48","Texas","439","Tarrant","32.7591484","-97.3423226"
"02/24/2023","AQS","484391006","2","6.7","ug/m3 LC","37","Haws Athletic Center","1","100.0000","88101","PM2.5 - Local Conditions","209","Met One BAM-1022 Mass Monitor w/ VSCC or TE-PM2.5C","19100","Dallas-Fort Worth-Arlington, TX","48","Texas","439","Tarrant","32.7591484","-97.3423226"
"02/25/2023","AQS","484391006","2","14.8","ug/m3 LC","62","Haws Athletic Center","1","100.0000","88101","PM2.5 - Local Conditions","209","Met One BAM-1022 Mass Monitor w/ VSCC or TE-PM2.5C","19100","Dallas-Fort Worth-Arlington, TX","48","Texas","439","Tarrant","32.7591484","-97.3423226"
"02/26/2023","AQS","484391006","2","26.2","ug/m3 LC","83","Haws Athletic Center","1","100.0000","88101","PM2.5 - Local Conditions","209","Met One BAM-1022 Mass Monitor w/ VSCC or TE-PM2.5C","19100","Dallas-Fort Worth-Arlington, TX","48","Texas","439","Tarrant","32.7591484","-97.3423226"
"02/27/2023","AQS","484391006","2","39.8","ug/m3 LC","112","Haws Athletic Center","1","100.0000","88101","PM2.5 - Local Conditions","209","Met One BAM-1022 Mass Monitor w/ VSCC or TE-PM2.5C","19100","Dallas-Fort Worth-Arlington, TX","48","Texas","439","Tarrant","32.7591484","-97.3423226"
"02/28/2023","AQS","484391006","2","6.3","ug/m3 LC","35","Haws Athletic Center","1","100.0000","88101","PM2.5 - Local Conditions","209","Met One BAM-1022 Mass Monitor w/ VSCC or TE-PM2.5C","19100","Dallas-Fort Worth-Arlington, TX","48","Texas","439","Tarrant","32.7591484","-97.3423226"
"03/01/2023","AQS","484391006","2","13.5","ug/m3 LC","59","Haws Athletic Center","1","100.0000","88101","PM2.5 - Local Conditions","209","Met One BAM-1022 Mass Monitor w/ VSCC or TE-PM2.5C","19100","Dallas-Fort Worth-Arlington, TX","48","Texas","439","Tarrant","32.7591484","-97.3423226"
"03/02/2023","AQS","484391006","2","16","ug/m3 LC","64","Haws Athletic Center","1","100.0000","88101","PM2.5 - Local Conditions","209","Met One BAM-1022 Mass Monitor w/ VSCC or TE-PM2.5C","19100","Dallas-Fort Worth-Arlington, TX","48","Texas","439","Tarrant","32.7591484","-97.3423226"
"03/03/2023","AQS","484391006","2","7.6","ug/m3 LC","42","Haws Athletic Center","1","100.0000","88101","PM2.5 - Local Conditions","209","Met One BAM-1022 Mass Monitor w/ VSCC or TE-PM2.5C","19100","Dallas-Fort Worth-Arlington, TX","48","Texas","439","Tarrant","32.7591484","-97.3423226"
"03/04/2023","AQS","484391006","2","8.6","ug/m3 LC","48","Haws Athletic Center","1","100.0000","88101","PM2.5 - Local Conditions","209","Met One BAM-1022 Mass Monitor w/ VSCC or TE-PM2.5C","19100","Dallas-Fort Worth-Arlington, TX","48","Texas","439","Tarrant","32.7591484","-97.3423226"
"03/05/2023","AQS","484391006","2","7.4","ug/m3 LC","41","Haws Athletic Center","1","100.0000","88101","PM2.5 - Local Conditions","209","Met One BAM-1022 Mass Monitor w/ VSCC or TE-PM2.5C","19100","Dallas-Fort Worth-Arlington, TX","48","Texas","439","Tarrant","32.7591484","-97.3423226"
"03/06/2023","AQS","484391006","2","9","ug/m3 LC","50","Haws Athletic Center","1","100.0000","88101","PM2.5 - Local Conditions","209","Met One BAM-1022 Mass Monitor w/ VSCC or TE-PM2.5C","19100","Dallas-Fort Worth-Arlington, TX","48","Texas","439","Tarrant","32.7591484","-97.3423226"
"03/07/2023","AQS","484391006","2","17.4","ug/m3 LC","66","Haws Athletic Center","1","100.0000","88101","PM2.5 - Local Conditions","209","Met One BAM-1022 Mass Monitor w/ VSCC or TE-PM2.5C","19100","Dallas-Fort Worth-Arlington, TX","48","Texas","439","Tarrant","32.7591484","-97.3423226"
"03/08/2023","AQS","484391006","2","12","ug/m3 LC","56","Haws Athletic Center","1","100.0000","88101","PM2.5 - Local Conditions","209","Met One BAM-1022 Mass Monitor w/ VSCC or TE-PM2.5C","19100","Dallas-Fort Worth-Arlington, TX","48","Texas","439","Tarrant","32.7591484","-97.3423226"
"03/09/2023","AQS","484391006","2","14.4","ug/m3 LC","61","Haws Athletic Center","1","100.0000","88101","PM2.5 - Local Conditions","209","Met One BAM-1022 Mass Monitor w/ VSCC or TE-PM2.5C","19100","Dallas-Fort Worth-Arlington, TX","48","Texas","439","Tarrant","32.7591484","-97.3423226"
"03/10/2023","AQS","484391006","2","7.1","ug/m3 LC","39","Haws Athletic Center","1","100.0000","88101","PM2.5 - Local Conditions","209","Met One BAM-1022 Mass Monitor w/ VSCC or TE-PM2.5C","19100","Dallas-Fort Worth-Arlington, TX","48","Texas","439","Tarrant","32.7591484","-97.3423226"
"03/11/2023","AQS","484391006","2","12.1","ug/m3 LC","57","Haws Athletic Center","1","100.0000","88101","PM2.5 - Local Conditions","209","Met One BAM-1022 Mass Monitor w/ VSCC or TE-PM2.5C","19100","Dallas-Fort Worth-Arlington, TX","48","Texas","439","Tarrant","32.7591484","-97.3423226"
"03/12/2023","AQS","484391006","2","3.6","ug/m3 LC","20","Haws Athletic Center","1","100.0000","88101","PM2.5 - Local Conditions","209","Met One BAM-1022 Mass Monitor w/ VSCC or TE-PM2.5C","19100","Dallas-Fort Worth-Arlington, TX","48","Texas","439","Tarrant","32.7591484","-97.3423226"
"03/13/2023","AQS","484391006","2","4.8","ug/m3 LC","27","Haws Athletic Center","1","100.0000","88101","PM2.5 - Local Conditions","209","Met One BAM-1022 Mass Monitor w/ VSCC or TE-PM2.5C","19100","Dallas-Fort Worth-Arlington, TX","48","Texas","439","Tarrant","32.7591484","-97.3423226"
"03/14/2023","AQS","484391006","2","8.3","ug/m3 LC","46","Haws Athletic Center","1","100.0000","88101","PM2.5 - Local Conditions","209","Met One BAM-1022 Mass Monitor w/ VSCC or TE-PM2.5C","19100","Dallas-Fort Worth-Arlington, TX","48","Texas","439","Tarrant","32.7591484","-97.3423226"
"03/15/2023","AQS","484391006","2","11.9","ug/m3 LC","56","Haws Athletic Center","1","100.0000","88101","PM2.5 - Local Conditions","209","Met One BAM-1022 Mass Monitor w/ VSCC or TE-PM2.5C","19100","Dallas-Fort Worth-Arlington, TX","48","Texas","439","Tarrant","32.7591484","-97.3423226"
"03/16/2023","AQS","484391006","2","5.5","ug/m3 LC","31","Haws Athletic Center","1","100.0000","88101","PM2.5 - Local Conditions","209","Met One BAM-1022 Mass Monitor w/ VSCC or TE-PM2.5C","19100","Dallas-Fort Worth-Arlington, TX","48","Texas","439","Tarrant","32.7591484","-97.3423226"
"03/17/2023","AQS","484391006","2","4.6","ug/m3 LC","26","Haws Athletic Center","1","100.0000","88101","PM2.5 - Local Conditions","209","Met One BAM-1022 Mass Monitor w/ VSCC or TE-PM2.5C","19100","Dallas-Fort Worth-Arlington, TX","48","Texas","439","Tarrant","32.7591484","-97.3423226"
"03/18/2023","AQS","484391006","2","6.4","ug/m3 LC","36","Haws Athletic Center","1","100.0000","88101","PM2.5 - Local Conditions","209","Met One BAM-1022 Mass Monitor w/ VSCC or TE-PM2.5C","19100","Dallas-Fort Worth-Arlington, TX","48","Texas","439","Tarrant","32.7591484","-97.3423226"
"03/19/2023","AQS","484391006","2","8.9","ug/m3 LC","49","Haws Athletic Center","1","100.0000","88101","PM2.5 - Local Conditions","209","Met One BAM-1022 Mass Monitor w/ VSCC or TE-PM2.5C","19100","Dallas-Fort Worth-Arlington, TX","48","Texas","439","Tarrant","32.7591484","-97.3423226"
"03/20/2023","AQS","484391006","2","8","ug/m3 LC","44","Haws Athletic Center","1","100.0000","88101","PM2.5 - Local Conditions","209","Met One BAM-1022 Mass Monitor w/ VSCC or TE-PM2.5C","19100","Dallas-Fort Worth-Arlington, TX","48","Texas","439","Tarrant","32.7591484","-97.3423226"
"03/21/2023","AQS","484391006","2","5.3","ug/m3 LC","29","Haws Athletic Center","1","100.0000","88101","PM2.5 - Local Conditions","209","Met One BAM-1022 Mass Monitor w/ VSCC or TE-PM2.5C","19100","Dallas-Fort Worth-Arlington, TX","48","Texas","439","Tarrant","32.7591484","-97.3423226"
"03/22/2023","AQS","484391006","2","9.1","ug/m3 LC","51","Haws Athletic Center","1","100.0000","88101","PM2.5 - Local Conditions","209","Met One BAM-1022 Mass Monitor w/ VSCC or TE-PM2.5C","19100","Dallas-Fort Worth-Arlington, TX","48","Texas","439","Tarrant","32.7591484","-97.3423226"
"03/23/2023","AQS","484391006","2","10.2","ug/m3 LC","53","Haws Athletic Center","1","100.0000","88101","PM2.5 - Local Conditions","209","Met One BAM-1022 Mass Monitor w/ VSCC or TE-PM2.5C","19100","Dallas-Fort Worth-Arlington, TX","48","Texas","439","Tarrant","32.7591484","-97.3423226"
"03/24/2023","AQS","484391006","2","7.9","ug/m3 LC","44","Haws Athletic Center","1","100.0000","88101","PM2.5 - Local Conditions","209","Met One BAM-1022 Mass Monitor w/ VSCC or TE-PM2.5C","19100","Dallas-Fort Worth-Arlington, TX","48","Texas","439","Tarrant","32.7591484","-97.3423226"
"03/25/2023","AQS","484391006","2","17.2","ug/m3 LC","66","Haws Athletic Center","1","100.0000","88101","PM2.5 - Local Conditions","209","Met One BAM-1022 Mass Monitor w/ VSCC or TE-PM2.5C","19100","Dallas-Fort Worth-Arlington, TX","48","Texas","439","Tarrant","32.7591484","-97.3423226"
"03/26/2023","AQS","484391006","2","12.9","ug/m3 LC","58","Haws Athletic Center","1","100.0000","88101","PM2.5 - Local Conditions","209","Met One BAM-1022 Mass Monitor w/ VSCC or TE-PM2.5C","19100","Dallas-Fort Worth-Arlington, TX","48","Texas","439","Tarrant","32.7591484","-97.3423226"
"03/27/2023","AQS","484391006","2","9","ug/m3 LC","50","Haws Athletic Center","1","100.0000","88101","PM2.5 - Local Conditions","209","Met One BAM-1022 Mass Monitor w/ VSCC or TE-PM2.5C","19100","Dallas-Fort Worth-Arlington, TX","48","Texas","439","Tarrant","32.7591484","-97.3423226"
"03/28/2023","AQS","484391006","2","9.9","ug/m3 LC","52","Haws Athletic Center","1","100.0000","88101","PM2.5 - Local Conditions","209","Met One BAM-1022 Mass Monitor w/ VSCC or TE-PM2.5C","19100","Dallas-Fort Worth-Arlington, TX","48","Texas","439","Tarrant","32.7591484","-97.3423226"
"03/29/2023","AQS","484391006","2","12.8","ug/m3 LC","58","Haws Athletic Center","1","100.0000","88101","PM2.5 - Local Conditions","209","Met One BAM-1022 Mass Monitor w/ VSCC or TE-PM2.5C","19100","Dallas-Fort Worth-Arlington, TX","48","Texas","439","Tarrant","32.7591484","-97.3423226"
"03/30/2023","AQS","484391006","2","13.4","ug/m3 LC","59","Haws Athletic Center","1","100.0000","88101","PM2.5 - Local Conditions","209","Met One BAM-1022 Mass Monitor w/ VSCC or TE-PM2.5C","19100","Dallas-Fort Worth-Arlington, TX","48","Texas","439","Tarrant","32.7591484","-97.3423226"
"03/31/2023","AQS","484391006","2","13.4","ug/m3 LC","59","Haws Athletic Center","1","100.0000","88101","PM2.5 - Local Conditions","209","Met One BAM-1022 Mass Monitor w/ VSCC or TE-PM2.5C","19100","Dallas-Fort Worth-Arlington, TX","48","Texas","439","Tarrant","32.7591484","-97.3423226"
"04/01/2023","AQS","484391006","2","8.1","ug/m3 LC","45","Haws Athletic Center","1","100.0000","88101","PM2.5 - Local Conditions","209","Met One BAM-1022 Mass Monitor w/ VSCC or TE-PM2.5C","19100","Dallas-Fort Worth-Arlington, TX","48","Texas","439","Tarrant","32.7591484","-97.3423226"
"04/02/2023","AQS","484391006","2","12.9","ug/m3 LC","58","Haws Athletic Center","1","100.0000","88101","PM2.5 - Local Conditions","209","Met One BAM-1022 Mass Monitor w/ VSCC or TE-PM2.5C","19100","Dallas-Fort Worth-Arlington, TX","48","Texas","439","Tarrant","32.7591484","-97.3423226"
"04/03/2023","AQS","484391006","2","14.9","ug/m3 LC","62","Haws Athletic Center","1","100.0000","88101","PM2.5 - Local Conditions","209","Met One BAM-1022 Mass Monitor w/ VSCC or TE-PM2.5C","19100","Dallas-Fort Worth-Arlington, TX","48","Texas","439","Tarrant","32.7591484","-97.3423226"
"04/04/2023","AQS","484391006","2","20.1","ug/m3 LC","71","Haws Athletic Center","1","100.0000","88101","PM2.5 - Local Conditions","209","Met One BAM-1022 Mass Monitor w/ VSCC or TE-PM2.5C","19100","Dallas-Fort Worth-Arlington, TX","48","Texas","439","Tarrant","32.7591484","-97.3423226"
"04/05/2023","AQS","484391006","2","8.1","ug/m3 LC","45","Haws Athletic Center","1","100.0000","88101","PM2.5 - Local Conditions","209","Met One BAM-1022 Mass Monitor w/ VSCC or TE-PM2.5C","19100","Dallas-Fort Worth-Arlington, TX","48","Texas","439","Tarrant","32.7591484","-97.3423226"
"04/06/2023","AQS","484391006","2","4.1","ug/m3 LC","23","Haws Athletic Center","1","100.0000","88101","PM2.5 - Local Conditions","209","Met One BAM-1022 Mass Monitor w/ VSCC or TE-PM2.5C","19100","Dallas-Fort Worth-Arlington, TX","48","Texas","439","Tarrant","32.7591484","-97.3423226"
"04/07/2023","AQS","484391006","2","6.5","ug/m3 LC","36","Haws Athletic Center","1","100.0000","88101","PM2.5 - Local Conditions","209","Met One BAM-1022 Mass Monitor w/ VSCC or TE-PM2.5C","19100","Dallas-Fort Worth-Arlington, TX","48","Texas","439","Tarrant","32.7591484","-97.3423226"
"04/08/2023","AQS","484391006","2","9","ug/m3 LC","50","Haws Athletic Center","1","100.0000","88101","PM2.5 - Local Conditions","209","Met One BAM-1022 Mass Monitor w/ VSCC or TE-PM2.5C","19100","Dallas-Fort Worth-Arlington, TX","48","Texas","439","Tarrant","32.7591484","-97.3423226"
"04/09/2023","AQS","484391006","2","14.3","ug/m3 LC","61","Haws Athletic Center","1","100.0000","88101","PM2.5 - Local Conditions","209","Met One BAM-1022 Mass Monitor w/ VSCC or TE-PM2.5C","19100","Dallas-Fort Worth-Arlington, TX","48","Texas","439","Tarrant","32.7591484","-97.3423226"
"04/10/2023","AQS","484391006","2","9.7","ug/m3 LC","52","Haws Athletic Center","1","100.0000","88101","PM2.5 - Local Conditions","209","Met One BAM-1022 Mass Monitor w/ VSCC or TE-PM2.5C","19100","Dallas-Fort Worth-Arlington, TX","48","Texas","439","Tarrant","32.7591484","-97.3423226"
"04/11/2023","AQS","484391006","2","8.1","ug/m3 LC","45","Haws Athletic Center","1","100.0000","88101","PM2.5 - Local Conditions","209","Met One BAM-1022 Mass Monitor w/ VSCC or TE-PM2.5C","19100","Dallas-Fort Worth-Arlington, TX","48","Texas","439","Tarrant","32.7591484","-97.3423226"
"04/12/2023","AQS","484391006","2","13.3","ug/m3 LC","59","Haws Athletic Center","1","100.0000","88101","PM2.5 - Local Conditions","209","Met One BAM-1022 Mass Monitor w/ VSCC or TE-PM2.5C","19100","Dallas-Fort Worth-Arlington, TX","48","Texas","439","Tarrant","32.7591484","-97.3423226"
"04/13/2023","AQS","484391006","2","7.7","ug/m3 LC","43","Haws Athletic Center","1","100.0000","88101","PM2.5 - Local Conditions","209","Met One BAM-1022 Mass Monitor w/ VSCC or TE-PM2.5C","19100","Dallas-Fort Worth-Arlington, TX","48","Texas","439","Tarrant","32.7591484","-97.3423226"
"04/14/2023","AQS","484391006","2","7.6","ug/m3 LC","42","Haws Athletic Center","1","100.0000","88101","PM2.5 - Local Conditions","209","Met One BAM-1022 Mass Monitor w/ VSCC or TE-PM2.5C","19100","Dallas-Fort Worth-Arlington, TX","48","Texas","439","Tarrant","32.7591484","-97.3423226"
"04/15/2023","AQS","484391006","2","6.7","ug/m3 LC","37","Haws Athletic Center","1","100.0000","88101","PM2.5 - Local Conditions","209","Met One BAM-1022 Mass Monitor w/ VSCC or TE-PM2.5C","19100","Dallas-Fort Worth-Arlington, TX","48","Texas","439","Tarrant","32.7591484","-97.3423226"
"04/16/2023","AQS","484391006","2","5.7","ug/m3 LC","32","Haws Athletic Center","1","100.0000","88101","PM2.5 - Local Conditions","209","Met One BAM-1022 Mass Monitor w/ VSCC or TE-PM2.5C","19100","Dallas-Fort Worth-Arlington, TX","48","Texas","439","Tarrant","32.7591484","-97.3423226"
"04/17/2023","AQS","484391006","2","8.2","ug/m3 LC","46","Haws Athletic Center","1","100.0000","88101","PM2.5 - Local Conditions","209","Met One BAM-1022 Mass Monitor w/ VSCC or TE-PM2.5C","19100","Dallas-Fort Worth-Arlington, TX","48","Texas","439","Tarrant","32.7591484","-97.3423226"
"04/18/2023","AQS","484391006","2","10.5","ug/m3 LC","54","Haws Athletic Center","1","100.0000","88101","PM2.5 - Local Conditions","209","Met One BAM-1022 Mass Monitor w/ VSCC or TE-PM2.5C","19100","Dallas-Fort Worth-Arlington, TX","48","Texas","439","Tarrant","32.7591484","-97.3423226"
"04/19/2023","AQS","484391006","2","9.5","ug/m3 LC","52","Haws Athletic Center","1","100.0000","88101","PM2.5 - Local Conditions","209","Met One BAM-1022 Mass Monitor w/ VSCC or TE-PM2.5C","19100","Dallas-Fort Worth-Arlington, TX","48","Texas","439","Tarrant","32.7591484","-97.3423226"
"04/20/2023","AQS","484391006","2","22.3","ug/m3 LC","76","Haws Athletic Center","1","100.0000","88101","PM2.5 - Local Conditions","209","Met One BAM-1022 Mass Monitor w/ VSCC or TE-PM2.5C","19100","Dallas-Fort Worth-Arlington, TX","48","Texas","439","Tarrant","32.7591484","-97.3423226"
"04/21/2023","AQS","484391006","2","10.6","ug/m3 LC","54","Haws Athletic Center","1","100.0000","88101","PM2.5 - Local Conditions","209","Met One BAM-1022 Mass Monitor w/ VSCC or TE-PM2.5C","19100","Dallas-Fort Worth-Arlington, TX","48","Texas","439","Tarrant","32.7591484","-97.3423226"
"04/22/2023","AQS","484391006","2","9.8","ug/m3 LC","52","Haws Athletic Center","1","100.0000","88101","PM2.5 - Local Conditions","209","Met One BAM-1022 Mass Monitor w/ VSCC or TE-PM2.5C","19100","Dallas-Fort Worth-Arlington, TX","48","Texas","439","Tarrant","32.7591484","-97.3423226"
"04/23/2023","AQS","484391006","2","6.5","ug/m3 LC","36","Haws Athletic Center","1","100.0000","88101","PM2.5 - Local Conditions","209","Met One BAM-1022 Mass Monitor w/ VSCC or TE-PM2.5C","19100","Dallas-Fort Worth-Arlington, TX","48","Texas","439","Tarrant","32.7591484","-97.3423226"
"04/24/2023","AQS","484391006","2","8.2","ug/m3 LC","46","Haws Athletic Center","1","100.0000","88101","PM2.5 - Local Conditions","209","Met One BAM-1022 Mass Monitor w/ VSCC or TE-PM2.5C","19100","Dallas-Fort Worth-Arlington, TX","48","Texas","439","Tarrant","32.7591484","-97.3423226"
"04/25/2023","AQS","484391006","2","9.9","ug/m3 LC","52","Haws Athletic Center","1","100.0000","88101","PM2.5 - Local Conditions","209","Met One BAM-1022 Mass Monitor w/ VSCC or TE-PM2.5C","19100","Dallas-Fort Worth-Arlington, TX","48","Texas","439","Tarrant","32.7591484","-97.3423226"
"04/26/2023","AQS","484391006","2","8.3","ug/m3 LC","46","Haws Athletic Center","1","100.0000","88101","PM2.5 - Local Conditions","209","Met One BAM-1022 Mass Monitor w/ VSCC or TE-PM2.5C","19100","Dallas-Fort Worth-Arlington, TX","48","Texas","439","Tarrant","32.7591484","-97.3423226"
"04/27/2023","AQS","484391006","2","5.7","ug/m3 LC","32","Haws Athletic Center","1","100.0000","88101","PM2.5 - Local Conditions","209","Met One BAM-1022 Mass Monitor w/ VSCC or TE-PM2.5C","19100","Dallas-Fort Worth-Arlington, TX","48","Texas","439","Tarrant","32.7591484","-97.3423226"
"04/28/2023","AQS","484391006","2","6.1","ug/m3 LC","34","Haws Athletic Center","1","100.0000","88101","PM2.5 - Local Conditions","209","Met One BAM-1022 Mass Monitor w/ VSCC or TE-PM2.5C","19100","Dallas-Fort Worth-Arlington, TX","48","Texas","439","Tarrant","32.7591484","-97.3423226"
"04/29/2023","AQS","484391006","2","3.1","ug/m3 LC","17","Haws Athletic Center","1","100.0000","88101","PM2.5 - Local Conditions","209","Met One BAM-1022 Mass Monitor w/ VSCC or TE-PM2.5C","19100","Dallas-Fort Worth-Arlington, TX","48","Texas","439","Tarrant","32.7591484","-97.3423226"
"04/30/2023","AQS","484391006","2","5.3","ug/m3 LC","29","Haws Athletic Center","1","100.0000","88101","PM2.5 - Local Conditions","209","Met One BAM-1022 Mass Monitor w/ VSCC or TE-PM2.5C","19100","Dallas-Fort Worth-Arlington, TX","48","Texas","439","Tarrant","32.7591484","-97.3423226"
"05/01/2023","AQS","484391006","2","5.6","ug/m3 LC","31","Haws Athletic Center","1","100.0000","88101","PM2.5 - Local Conditions","209","Met One BAM-1022 Mass Monitor w/ VSCC or TE-PM2.5C","19100","Dallas-Fort Worth-Arlington, TX","48","Texas","439","Tarrant","32.7591484","-97.3423226"
"05/02/2023","AQS","484391006","2","11","ug/m3 LC","55","Haws Athletic Center","1","100.0000","88101","PM2.5 - Local Conditions","209","Met One BAM-1022 Mass Monitor w/ VSCC or TE-PM2.5C","19100","Dallas-Fort Worth-Arlington, TX","48","Texas","439","Tarrant","32.7591484","-97.3423226"
"05/03/2023","AQS","484391006","2","10.5","ug/m3 LC","54","Haws Athletic Center","1","100.0000","88101","PM2.5 - Local Conditions","209","Met One BAM-1022 Mass Monitor w/ VSCC or TE-PM2.5C","19100","Dallas-Fort Worth-Arlington, TX","48","Texas","439","Tarrant","32.7591484","-97.3423226"
"05/04/2023","AQS","484391006","2","12.4","ug/m3 LC","57","Haws Athletic Center","1","100.0000","88101","PM2.5 - Local Conditions","209","Met One BAM-1022 Mass Monitor w/ VSCC or TE-PM2.5C","19100","Dallas-Fort Worth-Arlington, TX","48","Texas","439","Tarrant","32.7591484","-97.3423226"
"05/05/2023","AQS","484391006","2","13.7","ug/m3 LC","60","Haws Athletic Center","1","100.0000","88101","PM2.5 - Local Conditions","209","Met One BAM-1022 Mass Monitor w/ VSCC or TE-PM2.5C","19100","Dallas-Fort Worth-Arlington, TX","48","Texas","439","Tarrant","32.7591484","-97.3423226"
"05/06/2023","AQS","484391006","2","15.1","ug/m3 LC","62","Haws Athletic Center","1","100.0000","88101","PM2.5 - Local Conditions","209","Met One BAM-1022 Mass Monitor w/ VSCC or TE-PM2.5C","19100","Dallas-Fort Worth-Arlington, TX","48","Texas","439","Tarrant","32.7591484","-97.3423226"
"05/07/2023","AQS","484391006","2","11.9","ug/m3 LC","56","Haws Athletic Center","1","100.0000","88101","PM2.5 - Local Conditions","209","Met One BAM-1022 Mass Monitor w/ VSCC or TE-PM2.5C","19100","Dallas-Fort Worth-Arlington, TX","48","Texas","439","Tarrant","32.7591484","-97.3423226"
"05/08/2023","AQS","484391006","2","14.1","ug/m3 LC","60","Haws Athletic Center","1","100.0000","88101","PM2.5 - Local Conditions","209","Met One BAM-1022 Mass Monitor w/ VSCC or TE-PM2.5C","19100","Dallas-Fort Worth-Arlington, TX","48","Texas","439","Tarrant","32.7591484","-97.3423226"
"05/09/2023","AQS","484391006","2","14.5","ug/m3 LC","61","Haws Athletic Center","1","100.0000","88101","PM2.5 - Local Conditions","209","Met One BAM-1022 Mass Monitor w/ VSCC or TE-PM2.5C","19100","Dallas-Fort Worth-Arlington, TX","48","Texas","439","Tarrant","32.7591484","-97.3423226"
"05/10/2023","AQS","484391006","2","7.8","ug/m3 LC","43","Haws Athletic Center","1","100.0000","88101","PM2.5 - Local Conditions","209","Met One BAM-1022 Mass Monitor w/ VSCC or TE-PM2.5C","19100","Dallas-Fort Worth-Arlington, TX","48","Texas","439","Tarrant","32.7591484","-97.3423226"
"05/11/2023","AQS","484391006","2","19.8","ug/m3 LC","71","Haws Athletic Center","1","100.0000","88101","PM2.5 - Local Conditions","209","Met One BAM-1022 Mass Monitor w/ VSCC or TE-PM2.5C","19100","Dallas-Fort Worth-Arlington, TX","48","Texas","439","Tarrant","32.7591484","-97.3423226"
"05/12/2023","AQS","484391006","2","24.6","ug/m3 LC","80","Haws Athletic Center","1","100.0000","88101","PM2.5 - Local Conditions","209","Met One BAM-1022 Mass Monitor w/ VSCC or TE-PM2.5C","19100","Dallas-Fort Worth-Arlington, TX","48","Texas","439","Tarrant","32.7591484","-97.3423226"
"05/13/2023","AQS","484391006","2","6.7","ug/m3 LC","37","Haws Athletic Center","1","100.0000","88101","PM2.5 - Local Conditions","209","Met One BAM-1022 Mass Monitor w/ VSCC or TE-PM2.5C","19100","Dallas-Fort Worth-Arlington, TX","48","Texas","439","Tarrant","32.7591484","-97.3423226"
"05/14/2023","AQS","484391006","2","7.2","ug/m3 LC","40","Haws Athletic Center","1","100.0000","88101","PM2.5 - Local Conditions","209","Met One BAM-1022 Mass Monitor w/ VSCC or TE-PM2.5C","19100","Dallas-Fort Worth-Arlington, TX","48","Texas","439","Tarrant","32.7591484","-97.3423226"
"05/15/2023","AQS","484391006","2","9.5","ug/m3 LC","52","Haws Athletic Center","1","100.0000","88101","PM2.5 - Local Conditions","209","Met One BAM-1022 Mass Monitor w/ VSCC or TE-PM2.5C","19100","Dallas-Fort Worth-Arlington, TX","48","Texas","439","Tarrant","32.7591484","-97.3423226"
"05/16/2023","AQS","484391006","2","4.6","ug/m3 LC","26","Haws Athletic Center","1","100.0000","88101","PM2.5 - Local Conditions","209","Met One BAM-1022 Mass Monitor w/ VSCC or TE-PM2.5C","19100","Dallas-Fort Worth-Arlington, TX","48","Texas","439","Tarrant","32.7591484","-97.3423226"
"05/17/2023","AQS","484391006","2","8.2","ug/m3 LC","46","Haws Athletic Center","1","100.0000","88101","PM2.5 - Local Conditions","209","Met One BAM-1022 Mass Monitor w/ VSCC or TE-PM2.5C","19100","Dallas-Fort Worth-Arlington, TX","48","Texas","439","Tarrant","32.7591484","-97.3423226"
"05/18/2023","AQS","484391006","2","9.6","ug/m3 LC","52","Haws Athletic Center","1","100.0000","88101","PM2.5 - Local Conditions","209","Met One BAM-1022 Mass Monitor w/ VSCC or TE-PM2.5C","19100","Dallas-Fort Worth-Arlington, TX","48","Texas","439","Tarrant","32.7591484","-97.3423226"
"05/19/2023","AQS","484391006","2","8.8","ug/m3 LC","49","Haws Athletic Center","1","100.0000","88101","PM2.5 - Local Conditions","209","Met One BAM-1022 Mass Monitor w/ VSCC or TE-PM2.5C","19100","Dallas-Fort Worth-Arlington, TX","48","Texas","439","Tarrant","32.7591484","-97.3423226"
"05/20/2023","AQS","484391006","2","22.4","ug/m3 LC","76","Haws Athletic Center","1","100.0000","88101","PM2.5 - Local Conditions","209","Met One BAM-1022 Mass Monitor w/ VSCC or TE-PM2.5C","19100","Dallas-Fort Worth-Arlington, TX","48","Texas","439","Tarrant","32.7591484","-97.3423226"
"05/21/2023","AQS","484391006","2","18.5","ug/m3 LC","69","Haws Athletic Center","1","100.0000","88101","PM2.5 - Local Conditions","209","Met One BAM-1022 Mass Monitor w/ VSCC or TE-PM2.5C","19100","Dallas-Fort Worth-Arlington, TX","48","Texas","439","Tarrant","32.7591484","-97.3423226"
"05/22/2023","AQS","484391006","2","22.9","ug/m3 LC","77","Haws Athletic Center","1","100.0000","88101","PM2.5 - Local Conditions","209","Met One BAM-1022 Mass Monitor w/ VSCC or TE-PM2.5C","19100","Dallas-Fort Worth-Arlington, TX","48","Texas","439","Tarrant","32.7591484","-97.3423226"
"05/23/2023","AQS","484391006","2","19.8","ug/m3 LC","71","Haws Athletic Center","1","100.0000","88101","PM2.5 - Local Conditions","209","Met One BAM-1022 Mass Monitor w/ VSCC or TE-PM2.5C","19100","Dallas-Fort Worth-Arlington, TX","48","Texas","439","Tarrant","32.7591484","-97.3423226"
"05/24/2023","AQS","484391006","2","18.6","ug/m3 LC","69","Haws Athletic Center","1","100.0000","88101","PM2.5 - Local Conditions","209","Met One BAM-1022 Mass Monitor w/ VSCC or TE-PM2.5C","19100","Dallas-Fort Worth-Arlington, TX","48","Texas","439","Tarrant","32.7591484","-97.3423226"
"05/25/2023","AQS","484391006","2","13","ug/m3 LC","58","Haws Athletic Center","1","100.0000","88101","PM2.5 - Local Conditions","209","Met One BAM-1022 Mass Monitor w/ VSCC or TE-PM2.5C","19100","Dallas-Fort Worth-Arlington, TX","48","Texas","439","Tarrant","32.7591484","-97.3423226"
"05/26/2023","AQS","484391006","2","21.9","ug/m3 LC","75","Haws Athletic Center","1","100.0000","88101","PM2.5 - Local Conditions","209","Met One BAM-1022 Mass Monitor w/ VSCC or TE-PM2.5C","19100","Dallas-Fort Worth-Arlington, TX","48","Texas","439","Tarrant","32.7591484","-97.3423226"
"05/27/2023","AQS","484391006","2","23.7","ug/m3 LC","78","Haws Athletic Center","1","100.0000","88101","PM2.5 - Local Conditions","209","Met One BAM-1022 Mass Monitor w/ VSCC or TE-PM2.5C","19100","Dallas-Fort Worth-Arlington, TX","48","Texas","439","Tarrant","32.7591484","-97.3423226"
"05/28/2023","AQS","484391006","2","21.1","ug/m3 LC","73","Haws Athletic Center","1","100.0000","88101","PM2.5 - Local Conditions","209","Met One BAM-1022 Mass Monitor w/ VSCC or TE-PM2.5C","19100","Dallas-Fort Worth-Arlington, TX","48","Texas","439","Tarrant","32.7591484","-97.3423226"
"05/29/2023","AQS","484391006","2","13.9","ug/m3 LC","60","Haws Athletic Center","1","100.0000","88101","PM2.5 - Local Conditions","209","Met One BAM-1022 Mass Monitor w/ VSCC or TE-PM2.5C","19100","Dallas-Fort Worth-Arlington, TX","48","Texas","439","Tarrant","32.7591484","-97.3423226"
"05/30/2023","AQS","484391006","2","12.4","ug/m3 LC","57","Haws Athletic Center","1","100.0000","88101","PM2.5 - Local Conditions","209","Met One BAM-1022 Mass Monitor w/ VSCC or TE-PM2.5C","19100","Dallas-Fort Worth-Arlington, TX","48","Texas","439","Tarrant","32.7591484","-97.3423226"
"05/31/2023","AQS","484391006","2","13.4","ug/m3 LC","59","Haws Athletic Center","1","100.0000","88101","PM2.5 - Local Conditions","209","Met One BAM-1022 Mass Monitor w/ VSCC or TE-PM2.5C","19100","Dallas-Fort Worth-Arlington, TX","48","Texas","439","Tarrant","32.7591484","-97.3423226"
"06/01/2023","AQS","484391006","2","13.8","ug/m3 LC","60","Haws Athletic Center","1","100.0000","88101","PM2.5 - Local Conditions","209","Met One BAM-1022 Mass Monitor w/ VSCC or TE-PM2.5C","19100","Dallas-Fort Worth-Arlington, TX","48","Texas","439","Tarrant","32.7591484","-97.3423226"
"06/02/2023","AQS","484391006","2","15.2","ug/m3 LC","62","Haws Athletic Center","1","100.0000","88101","PM2.5 - Local Conditions","209","Met One BAM-1022 Mass Monitor w/ VSCC or TE-PM2.5C","19100","Dallas-Fort Worth-Arlington, TX","48","Texas","439","Tarrant","32.7591484","-97.3423226"
"06/03/2023","AQS","484391006","2","6.8","ug/m3 LC","38","Haws Athletic Center","1","100.0000","88101","PM2.5 - Local Conditions","209","Met One BAM-1022 Mass Monitor w/ VSCC or TE-PM2.5C","19100","Dallas-Fort Worth-Arlington, TX","48","Texas","439","Tarrant","32.7591484","-97.3423226"
"06/04/2023","AQS","484391006","2","7.5","ug/m3 LC","42","Haws Athletic Center","1","100.0000","88101","PM2.5 - Local Conditions","209","Met One BAM-1022 Mass Monitor w/ VSCC or TE-PM2.5C","19100","Dallas-Fort Worth-Arlington, TX","48","Texas","439","Tarrant","32.7591484","-97.3423226"
"06/05/2023","AQS","484391006","2","9.5","ug/m3 LC","52","Haws Athletic Center","1","100.0000","88101","PM2.5 - Local Conditions","209","Met One BAM-1022 Mass Monitor w/ VSCC or TE-PM2.5C","19100","Dallas-Fort Worth-Arlington, TX","48","Texas","439","Tarrant","32.7591484","-97.3423226"
"06/06/2023","AQS","484391006","2","18.7","ug/m3 LC","69","Haws Athletic Center","1","100.0000","88101","PM2.5 - Local Conditions","209","Met One BAM-1022 Mass Monitor w/ VSCC or TE-PM2.5C","19100","Dallas-Fort Worth-Arlington, TX","48","Texas","439","Tarrant","32.7591484","-97.3423226"
"06/07/2023","AQS","484391006","2","19.3","ug/m3 LC","70","Haws Athletic Center","1","100.0000","88101","PM2.5 - Local Conditions","209","Met One BAM-1022 Mass Monitor w/ VSCC or TE-PM2.5C","19100","Dallas-Fort Worth-Arlington, TX","48","Texas","439","Tarrant","32.7591484","-97.3423226"
"06/08/2023","AQS","484391006","2","13.7","ug/m3 LC","60","Haws Athletic Center","1","100.0000","88101","PM2.5 - Local Conditions","209","Met One BAM-1022 Mass Monitor w/ VSCC or TE-PM2.5C","19100","Dallas-Fort Worth-Arlington, TX","48","Texas","439","Tarrant","32.7591484","-97.3423226"
"06/09/2023","AQS","484391006","2","9.8","ug/m3 LC","52","Haws Athletic Center","1","100.0000","88101","PM2.5 - Local Conditions","209","Met One BAM-1022 Mass Monitor w/ VSCC or TE-PM2.5C","19100","Dallas-Fort Worth-Arlington, TX","48","Texas","439","Tarrant","32.7591484","-97.3423226"
"06/10/2023","AQS","484391006","2","9","ug/m3 LC","50","Haws Athletic Center","1","100.0000","88101","PM2.5 - Local Conditions","209","Met One BAM-1022 Mass Monitor w/ VSCC or TE-PM2.5C","19100","Dallas-Fort Worth-Arlington, TX","48","Texas","439","Tarrant","32.7591484","-97.3423226"
"06/11/2023","AQS","484391006","2","8.7","ug/m3 LC","48","Haws Athletic Center","1","100.0000","88101","PM2.5 - Local Conditions","209","Met One BAM-1022 Mass Monitor w/ VSCC or TE-PM2.5C","19100","Dallas-Fort Worth-Arlington, TX","48","Texas","439","Tarrant","32.7591484","-97.3423226"
"06/12/2023","AQS","484391006","2","7.1","ug/m3 LC","39","Haws Athletic Center","1","100.0000","88101","PM2.5 - Local Conditions","209","Met One BAM-1022 Mass Monitor w/ VSCC or TE-PM2.5C","19100","Dallas-Fort Worth-Arlington, TX","48","Texas","439","Tarrant","32.7591484","-97.3423226"
"06/13/2023","AQS","484391006","2","15.6","ug/m3 LC","63","Haws Athletic Center","1","100.0000","88101","PM2.5 - Local Conditions","209","Met One BAM-1022 Mass Monitor w/ VSCC or TE-PM2.5C","19100","Dallas-Fort Worth-Arlington, TX","48","Texas","439","Tarrant","32.7591484","-97.3423226"
"06/14/2023","AQS","484391006","2","25","ug/m3 LC","81","Haws Athletic Center","1","100.0000","88101","PM2.5 - Local Conditions","209","Met One BAM-1022 Mass Monitor w/ VSCC or TE-PM2.5C","19100","Dallas-Fort Worth-Arlington, TX","48","Texas","439","Tarrant","32.7591484","-97.3423226"
"06/15/2023","AQS","484391006","2","27.8","ug/m3 LC","86","Haws Athletic Center","1","100.0000","88101","PM2.5 - Local Conditions","209","Met One BAM-1022 Mass Monitor w/ VSCC or TE-PM2.5C","19100","Dallas-Fort Worth-Arlington, TX","48","Texas","439","Tarrant","32.7591484","-97.3423226"
"06/16/2023","AQS","484391006","2","14.2","ug/m3 LC","61","Haws Athletic Center","1","100.0000","88101","PM2.5 - Local Conditions","209","Met One BAM-1022 Mass Monitor w/ VSCC or TE-PM2.5C","19100","Dallas-Fort Worth-Arlington, TX","48","Texas","439","Tarrant","32.7591484","-97.3423226"
"06/17/2023","AQS","484391006","2","17.6","ug/m3 LC","67","Haws Athletic Center","1","100.0000","88101","PM2.5 - Local Conditions","209","Met One BAM-1022 Mass Monitor w/ VSCC or TE-PM2.5C","19100","Dallas-Fort Worth-Arlington, TX","48","Texas","439","Tarrant","32.7591484","-97.3423226"
"06/18/2023","AQS","484391006","2","13.9","ug/m3 LC","60","Haws Athletic Center","1","100.0000","88101","PM2.5 - Local Conditions","209","Met One BAM-1022 Mass Monitor w/ VSCC or TE-PM2.5C","19100","Dallas-Fort Worth-Arlington, TX","48","Texas","439","Tarrant","32.7591484","-97.3423226"
"06/19/2023","AQS","484391006","2","16.4","ug/m3 LC","65","Haws Athletic Center","1","100.0000","88101","PM2.5 - Local Conditions","209","Met One BAM-1022 Mass Monitor w/ VSCC or TE-PM2.5C","19100","Dallas-Fort Worth-Arlington, TX","48","Texas","439","Tarrant","32.7591484","-97.3423226"
"06/20/2023","AQS","484391006","2","20.2","ug/m3 LC","72","Haws Athletic Center","1","100.0000","88101","PM2.5 - Local Conditions","209","Met One BAM-1022 Mass Monitor w/ VSCC or TE-PM2.5C","19100","Dallas-Fort Worth-Arlington, TX","48","Texas","439","Tarrant","32.7591484","-97.3423226"
"06/21/2023","AQS","484391006","2","21.6","ug/m3 LC","74","Haws Athletic Center","1","100.0000","88101","PM2.5 - Local Conditions","209","Met One BAM-1022 Mass Monitor w/ VSCC or TE-PM2.5C","19100","Dallas-Fort Worth-Arlington, TX","48","Texas","439","Tarrant","32.7591484","-97.3423226"
"06/22/2023","AQS","484391006","2","16.1","ug/m3 LC","64","Haws Athletic Center","1","100.0000","88101","PM2.5 - Local Conditions","209","Met One BAM-1022 Mass Monitor w/ VSCC or TE-PM2.5C","19100","Dallas-Fort Worth-Arlington, TX","48","Texas","439","Tarrant","32.7591484","-97.3423226"
"06/23/2023","AQS","484391006","2","14.9","ug/m3 LC","62","Haws Athletic Center","1","100.0000","88101","PM2.5 - Local Conditions","209","Met One BAM-1022 Mass Monitor w/ VSCC or TE-PM2.5C","19100","Dallas-Fort Worth-Arlington, TX","48","Texas","439","Tarrant","32.7591484","-97.3423226"
"06/24/2023","AQS","484391006","2","11.3","ug/m3 LC","55","Haws Athletic Center","1","100.0000","88101","PM2.5 - Local Conditions","209","Met One BAM-1022 Mass Monitor w/ VSCC or TE-PM2.5C","19100","Dallas-Fort Worth-Arlington, TX","48","Texas","439","Tarrant","32.7591484","-97.3423226"
"06/25/2023","AQS","484391006","2","9","ug/m3 LC","50","Haws Athletic Center","1","100.0000","88101","PM2.5 - Local Conditions","209","Met One BAM-1022 Mass Monitor w/ VSCC or TE-PM2.5C","19100","Dallas-Fort Worth-Arlington, TX","48","Texas","439","Tarrant","32.7591484","-97.3423226"
"06/26/2023","AQS","484391006","2","9.2","ug/m3 LC","51","Haws Athletic Center","1","100.0000","88101","PM2.5 - Local Conditions","209","Met One BAM-1022 Mass Monitor w/ VSCC or TE-PM2.5C","19100","Dallas-Fort Worth-Arlington, TX","48","Texas","439","Tarrant","32.7591484","-97.3423226"
"06/27/2023","AQS","484391006","2","9.7","ug/m3 LC","52","Haws Athletic Center","1","100.0000","88101","PM2.5 - Local Conditions","209","Met One BAM-1022 Mass Monitor w/ VSCC or TE-PM2.5C","19100","Dallas-Fort Worth-Arlington, TX","48","Texas","439","Tarrant","32.7591484","-97.3423226"
"06/28/2023","AQS","484391006","2","12","ug/m3 LC","56","Haws Athletic Center","1","100.0000","88101","PM2.5 - Local Conditions","209","Met One BAM-1022 Mass Monitor w/ VSCC or TE-PM2.5C","19100","Dallas-Fort Worth-Arlington, TX","48","Texas","439","Tarrant","32.7591484","-97.3423226"
"06/29/2023","AQS","484391006","2","9.7","ug/m3 LC","52","Haws Athletic Center","1","100.0000","88101","PM2.5 - Local Conditions","209","Met One BAM-1022 Mass Monitor w/ VSCC or TE-PM2.5C","19100","Dallas-Fort Worth-Arlington, TX","48","Texas","439","Tarrant","32.7591484","-97.3423226"
"06/30/2023","AQS","484391006","2","8","ug/m3 LC","44","Haws Athletic Center","1","100.0000","88101","PM2.5 - Local Conditions","209","Met One BAM-1022 Mass Monitor w/ VSCC or TE-PM2.5C","19100","Dallas-Fort Worth-Arlington, TX","48","Texas","439","Tarrant","32.7591484","-97.3423226"
"07/01/2023","AQS","484391006","2","6.1","ug/m3 LC","34","Haws Athletic Center","1","100.0000","88101","PM2.5 - Local Conditions","209","Met One BAM-1022 Mass Monitor w/ VSCC or TE-PM2.5C","19100","Dallas-Fort Worth-Arlington, TX","48","Texas","439","Tarrant","32.7591484","-97.3423226"
"07/02/2023","AQS","484391006","2","9.7","ug/m3 LC","52","Haws Athletic Center","1","100.0000","88101","PM2.5 - Local Conditions","209","Met One BAM-1022 Mass Monitor w/ VSCC or TE-PM2.5C","19100","Dallas-Fort Worth-Arlington, TX","48","Texas","439","Tarrant","32.7591484","-97.3423226"
"07/03/2023","AQS","484391006","2","9.1","ug/m3 LC","51","Haws Athletic Center","1","100.0000","88101","PM2.5 - Local Conditions","209","Met One BAM-1022 Mass Monitor w/ VSCC or TE-PM2.5C","19100","Dallas-Fort Worth-Arlington, TX","48","Texas","439","Tarrant","32.7591484","-97.3423226"
"07/04/2023","AQS","484391006","2","10.4","ug/m3 LC","53","Haws Athletic Center","1","100.0000","88101","PM2.5 - Local Conditions","209","Met One BAM-1022 Mass Monitor w/ VSCC or TE-PM2.5C","19100","Dallas-Fort Worth-Arlington, TX","48","Texas","439","Tarrant","32.7591484","-97.3423226"
"07/05/2023","AQS","484391006","2","8.6","ug/m3 LC","48","Haws Athletic Center","1","100.0000","88101","PM2.5 - Local Conditions","209","Met One BAM-1022 Mass Monitor w/ VSCC or TE-PM2.5C","19100","Dallas-Fort Worth-Arlington, TX","48","Texas","439","Tarrant","32.7591484","-97.3423226"
"07/06/2023","AQS","484391006","2","7.3","ug/m3 LC","41","Haws Athletic Center","1","100.0000","88101","PM2.5 - Local Conditions","209","Met One BAM-1022 Mass Monitor w/ VSCC or TE-PM2.5C","19100","Dallas-Fort Worth-Arlington, TX","48","Texas","439","Tarrant","32.7591484","-97.3423226"
"07/07/2023","AQS","484391006","2","7.7","ug/m3 LC","43","Haws Athletic Center","1","100.0000","88101","PM2.5 - Local Conditions","209","Met One BAM-1022 Mass Monitor w/ VSCC or TE-PM2.5C","19100","Dallas-Fort Worth-Arlington, TX","48","Texas","439","Tarrant","32.7591484","-97.3423226"
"07/08/2023","AQS","484391006","2","8.9","ug/m3 LC","49","Haws Athletic Center","1","100.0000","88101","PM2.5 - Local Conditions","209","Met One BAM-1022 Mass Monitor w/ VSCC or TE-PM2.5C","19100","Dallas-Fort Worth-Arlington, TX","48","Texas","439","Tarrant","32.7591484","-97.3423226"
"07/09/2023","AQS","484391006","2","5.7","ug/m3 LC","32","Haws Athletic Center","1","100.0000","88101","PM2.5 - Local Conditions","209","Met One BAM-1022 Mass Monitor w/ VSCC or TE-PM2.5C","19100","Dallas-Fort Worth-Arlington, TX","48","Texas","439","Tarrant","32.7591484","-97.3423226"
"07/10/2023","AQS","484391006","2","13.2","ug/m3 LC","59","Haws Athletic Center","1","100.0000","88101","PM2.5 - Local Conditions","209","Met One BAM-1022 Mass Monitor w/ VSCC or TE-PM2.5C","19100","Dallas-Fort Worth-Arlington, TX","48","Texas","439","Tarrant","32.7591484","-97.3423226"
"07/11/2023","AQS","484391006","2","10.8","ug/m3 LC","54","Haws Athletic Center","1","100.0000","88101","PM2.5 - Local Conditions","209","Met One BAM-1022 Mass Monitor w/ VSCC or TE-PM2.5C","19100","Dallas-Fort Worth-Arlington, TX","48","Texas","439","Tarrant","32.7591484","-97.3423226"
"07/12/2023","AQS","484391006","2","11.4","ug/m3 LC","55","Haws Athletic Center","1","100.0000","88101","PM2.5 - Local Conditions","209","Met One BAM-1022 Mass Monitor w/ VSCC or TE-PM2.5C","19100","Dallas-Fort Worth-Arlington, TX","48","Texas","439","Tarrant","32.7591484","-97.3423226"
"07/13/2023","AQS","484391006","2","9.4","ug/m3 LC","52","Haws Athletic Center","1","100.0000","88101","PM2.5 - Local Conditions","209","Met One BAM-1022 Mass Monitor w/ VSCC or TE-PM2.5C","19100","Dallas-Fort Worth-Arlington, TX","48","Texas","439","Tarrant","32.7591484","-97.3423226"
"07/14/2023","AQS","484391006","2","19.1","ug/m3 LC","70","Haws Athletic Center","1","100.0000","88101","PM2.5 - Local Conditions","209","Met One BAM-1022 Mass Monitor w/ VSCC or TE-PM2.5C","19100","Dallas-Fort Worth-Arlington, TX","48","Texas","439","Tarrant","32.7591484","-97.3423226"
"07/15/2023","AQS","484391006","2","16.1","ug/m3 LC","64","Haws Athletic Center","1","100.0000","88101","PM2.5 - Local Conditions","209","Met One BAM-1022 Mass Monitor w/ VSCC or TE-PM2.5C","19100","Dallas-Fort Worth-Arlington, TX","48","Texas","439","Tarrant","32.7591484","-97.3423226"
"07/16/2023","AQS","484391006","2","12.9","ug/m3 LC","58","Haws Athletic Center","1","100.0000","88101","PM2.5 - Local Conditions","209","Met One BAM-1022 Mass Monitor w/ VSCC or TE-PM2.5C","19100","Dallas-Fort Worth-Arlington, TX","48","Texas","439","Tarrant","32.7591484","-97.3423226"
"07/17/2023","AQS","484391006","2","20.1","ug/m3 LC","71","Haws Athletic Center","1","100.0000","88101","PM2.5 - Local Conditions","209","Met One BAM-1022 Mass Monitor w/ VSCC or TE-PM2.5C","19100","Dallas-Fort Worth-Arlington, TX","48","Texas","439","Tarrant","32.7591484","-97.3423226"
"07/18/2023","AQS","484391006","2","15.7","ug/m3 LC","63","Haws Athletic Center","1","100.0000","88101","PM2.5 - Local Conditions","209","Met One BAM-1022 Mass Monitor w/ VSCC or TE-PM2.5C","19100","Dallas-Fort Worth-Arlington, TX","48","Texas","439","Tarrant","32.7591484","-97.3423226"
"07/19/2023","AQS","484391006","2","18.3","ug/m3 LC","68","Haws Athletic Center","1","100.0000","88101","PM2.5 - Local Conditions","209","Met One BAM-1022 Mass Monitor w/ VSCC or TE-PM2.5C","19100","Dallas-Fort Worth-Arlington, TX","48","Texas","439","Tarrant","32.7591484","-97.3423226"
"07/20/2023","AQS","484391006","2","17.8","ug/m3 LC","67","Haws Athletic Center","1","100.0000","88101","PM2.5 - Local Conditions","209","Met One BAM-1022 Mass Monitor w/ VSCC or TE-PM2.5C","19100","Dallas-Fort Worth-Arlington, TX","48","Texas","439","Tarrant","32.7591484","-97.3423226"
"07/21/2023","AQS","484391006","2","16.5","ug/m3 LC","65","Haws Athletic Center","1","100.0000","88101","PM2.5 - Local Conditions","209","Met One BAM-1022 Mass Monitor w/ VSCC or TE-PM2.5C","19100","Dallas-Fort Worth-Arlington, TX","48","Texas","439","Tarrant","32.7591484","-97.3423226"
"07/22/2023","AQS","484391006","2","7.1","ug/m3 LC","39","Haws Athletic Center","1","100.0000","88101","PM2.5 - Local Conditions","209","Met One BAM-1022 Mass Monitor w/ VSCC or TE-PM2.5C","19100","Dallas-Fort Worth-Arlington, TX","48","Texas","439","Tarrant","32.7591484","-97.3423226"
"07/23/2023","AQS","484391006","2","11.8","ug/m3 LC","56","Haws Athletic Center","1","100.0000","88101","PM2.5 - Local Conditions","209","Met One BAM-1022 Mass Monitor w/ VSCC or TE-PM2.5C","19100","Dallas-Fort Worth-Arlington, TX","48","Texas","439","Tarrant","32.7591484","-97.3423226"
"07/24/2023","AQS","484391006","2","12","ug/m3 LC","56","Haws Athletic Center","1","100.0000","88101","PM2.5 - Local Conditions","209","Met One BAM-1022 Mass Monitor w/ VSCC or TE-PM2.5C","19100","Dallas-Fort Worth-Arlington, TX","48","Texas","439","Tarrant","32.7591484","-97.3423226"
"07/27/2023","AQS","484391006","2","21.1","ug/m3 LC","73","Haws Athletic Center","1","100.0000","88101","PM2.5 - Local Conditions","209","Met One BAM-1022 Mass Monitor w/ VSCC or TE-PM2.5C","19100","Dallas-Fort Worth-Arlington, TX","48","Texas","439","Tarrant","32.7591484","-97.3423226"
"07/28/2023","AQS","484391006","2","19.3","ug/m3 LC","70","Haws Athletic Center","1","100.0000","88101","PM2.5 - Local Conditions","209","Met One BAM-1022 Mass Monitor w/ VSCC or TE-PM2.5C","19100","Dallas-Fort Worth-Arlington, TX","48","Texas","439","Tarrant","32.7591484","-97.3423226"
"07/29/2023","AQS","484391006","2","19.2","ug/m3 LC","70","Haws Athletic Center","1","100.0000","88101","PM2.5 - Local Conditions","209","Met One BAM-1022 Mass Monitor w/ VSCC or TE-PM2.5C","19100","Dallas-Fort Worth-Arlington, TX","48","Texas","439","Tarrant","32.7591484","-97.3423226"
"07/30/2023","AQS","484391006","2","17.2","ug/m3 LC","66","Haws Athletic Center","1","100.0000","88101","PM2.5 - Local Conditions","209","Met One BAM-1022 Mass Monitor w/ VSCC or TE-PM2.5C","19100","Dallas-Fort Worth-Arlington, TX","48","Texas","439","Tarrant","32.7591484","-97.3423226"
"07/31/2023","AQS","484391006","2","16.3","ug/m3 LC","64","Haws Athletic Center","1","100.0000","88101","PM2.5 - Local Conditions","209","Met One BAM-1022 Mass Monitor w/ VSCC or TE-PM2.5C","19100","Dallas-Fort Worth-Arlington, TX","48","Texas","439","Tarrant","32.7591484","-97.3423226"
"08/01/2023","AQS","484391006","2","16","ug/m3 LC","64","Haws Athletic Center","1","100.0000","88101","PM2.5 - Local Conditions","209","Met One BAM-1022 Mass Monitor w/ VSCC or TE-PM2.5C","19100","Dallas-Fort Worth-Arlington, TX","48","Texas","439","Tarrant","32.7591484","-97.3423226"
"08/02/2023","AQS","484391006","2","12.3","ug/m3 LC","57","Haws Athletic Center","1","100.0000","88101","PM2.5 - Local Conditions","209","Met One BAM-1022 Mass Monitor w/ VSCC or TE-PM2.5C","19100","Dallas-Fort Worth-Arlington, TX","48","Texas","439","Tarrant","32.7591484","-97.3423226"
"08/03/2023","AQS","484391006","2","9.7","ug/m3 LC","52","Haws Athletic Center","1","100.0000","88101","PM2.5 - Local Conditions","209","Met One BAM-1022 Mass Monitor w/ VSCC or TE-PM2.5C","19100","Dallas-Fort Worth-Arlington, TX","48","Texas","439","Tarrant","32.7591484","-97.3423226"
"08/04/2023","AQS","484391006","2","8.1","ug/m3 LC","45","Haws Athletic Center","1","100.0000","88101","PM2.5 - Local Conditions","209","Met One BAM-1022 Mass Monitor w/ VSCC or TE-PM2.5C","19100","Dallas-Fort Worth-Arlington, TX","48","Texas","439","Tarrant","32.7591484","-97.3423226"
"08/05/2023","AQS","484391006","2","10.1","ug/m3 LC","53","Haws Athletic Center","1","100.0000","88101","PM2.5 - Local Conditions","209","Met One BAM-1022 Mass Monitor w/ VSCC or TE-PM2.5C","19100","Dallas-Fort Worth-Arlington, TX","48","Texas","439","Tarrant","32.7591484","-97.3423226"
"08/06/2023","AQS","484391006","2","8.9","ug/m3 LC","49","Haws Athletic Center","1","100.0000","88101","PM2.5 - Local Conditions","209","Met One BAM-1022 Mass Monitor w/ VSCC or TE-PM2.5C","19100","Dallas-Fort Worth-Arlington, TX","48","Texas","439","Tarrant","32.7591484","-97.3423226"
"08/07/2023","AQS","484391006","2","9.5","ug/m3 LC","52","Haws Athletic Center","1","100.0000","88101","PM2.5 - Local Conditions","209","Met One BAM-1022 Mass Monitor w/ VSCC or TE-PM2.5C","19100","Dallas-Fort Worth-Arlington, TX","48","Texas","439","Tarrant","32.7591484","-97.3423226"
"08/08/2023","AQS","484391006","2","10.8","ug/m3 LC","54","Haws Athletic Center","1","100.0000","88101","PM2.5 - Local Conditions","209","Met One BAM-1022 Mass Monitor w/ VSCC or TE-PM2.5C","19100","Dallas-Fort Worth-Arlington, TX","48","Texas","439","Tarrant","32.7591484","-97.3423226"
"08/09/2023","AQS","484391006","2","8.4","ug/m3 LC","47","Haws Athletic Center","1","100.0000","88101","PM2.5 - Local Conditions","209","Met One BAM-1022 Mass Monitor w/ VSCC or TE-PM2.5C","19100","Dallas-Fort Worth-Arlington, TX","48","Texas","439","Tarrant","32.7591484","-97.3423226"
"08/10/2023","AQS","484391006","2","12.4","ug/m3 LC","57","Haws Athletic Center","1","100.0000","88101","PM2.5 - Local Conditions","209","Met One BAM-1022 Mass Monitor w/ VSCC or TE-PM2.5C","19100","Dallas-Fort Worth-Arlington, TX","48","Texas","439","Tarrant","32.7591484","-97.3423226"
"08/11/2023","AQS","484391006","2","10.4","ug/m3 LC","53","Haws Athletic Center","1","100.0000","88101","PM2.5 - Local Conditions","209","Met One BAM-1022 Mass Monitor w/ VSCC or TE-PM2.5C","19100","Dallas-Fort Worth-Arlington, TX","48","Texas","439","Tarrant","32.7591484","-97.3423226"
"08/12/2023","AQS","484391006","2","10.2","ug/m3 LC","53","Haws Athletic Center","1","100.0000","88101","PM2.5 - Local Conditions","209","Met One BAM-1022 Mass Monitor w/ VSCC or TE-PM2.5C","19100","Dallas-Fort Worth-Arlington, TX","48","Texas","439","Tarrant","32.7591484","-97.3423226"
"08/13/2023","AQS","484391006","2","9.4","ug/m3 LC","52","Haws Athletic Center","1","100.0000","88101","PM2.5 - Local Conditions","209","Met One BAM-1022 Mass Monitor w/ VSCC or TE-PM2.5C","19100","Dallas-Fort Worth-Arlington, TX","48","Texas","439","Tarrant","32.7591484","-97.3423226"
"08/14/2023","AQS","484391006","2","9.4","ug/m3 LC","52","Haws Athletic Center","1","100.0000","88101","PM2.5 - Local Conditions","209","Met One BAM-1022 Mass Monitor w/ VSCC or TE-PM2.5C","19100","Dallas-Fort Worth-Arlington, TX","48","Texas","439","Tarrant","32.7591484","-97.3423226"
"08/15/2023","AQS","484391006","2","5.8","ug/m3 LC","32","Haws Athletic Center","1","100.0000","88101","PM2.5 - Local Conditions","209","Met One BAM-1022 Mass Monitor w/ VSCC or TE-PM2.5C","19100","Dallas-Fort Worth-Arlington, TX","48","Texas","439","Tarrant","32.7591484","-97.3423226"
"08/16/2023","AQS","484391006","2","7.9","ug/m3 LC","44","Haws Athletic Center","1","100.0000","88101","PM2.5 - Local Conditions","209","Met One BAM-1022 Mass Monitor w/ VSCC or TE-PM2.5C","19100","Dallas-Fort Worth-Arlington, TX","48","Texas","439","Tarrant","32.7591484","-97.3423226"
"08/17/2023","AQS","484391006","2","9.2","ug/m3 LC","51","Haws Athletic Center","1","100.0000","88101","PM2.5 - Local Conditions","209","Met One BAM-1022 Mass Monitor w/ VSCC or TE-PM2.5C","19100","Dallas-Fort Worth-Arlington, TX","48","Texas","439","Tarrant","32.7591484","-97.3423226"
"08/18/2023","AQS","484391006","2","11.3","ug/m3 LC","55","Haws Athletic Center","1","100.0000","88101","PM2.5 - Local Conditions","209","Met One BAM-1022 Mass Monitor w/ VSCC or TE-PM2.5C","19100","Dallas-Fort Worth-Arlington, TX","48","Texas","439","Tarrant","32.7591484","-97.3423226"
"08/19/2023","AQS","484391006","2","11.9","ug/m3 LC","56","Haws Athletic Center","1","100.0000","88101","PM2.5 - Local Conditions","209","Met One BAM-1022 Mass Monitor w/ VSCC or TE-PM2.5C","19100","Dallas-Fort Worth-Arlington, TX","48","Texas","439","Tarrant","32.7591484","-97.3423226"
"08/20/2023","AQS","484391006","2","14","ug/m3 LC","60","Haws Athletic Center","1","100.0000","88101","PM2.5 - Local Conditions","209","Met One BAM-1022 Mass Monitor w/ VSCC or TE-PM2.5C","19100","Dallas-Fort Worth-Arlington, TX","48","Texas","439","Tarrant","32.7591484","-97.3423226"
"08/21/2023","AQS","484391006","2","23.2","ug/m3 LC","77","Haws Athletic Center","1","100.0000","88101","PM2.5 - Local Conditions","209","Met One BAM-1022 Mass Monitor w/ VSCC or TE-PM2.5C","19100","Dallas-Fort Worth-Arlington, TX","48","Texas","439","Tarrant","32.7591484","-97.3423226"
"08/22/2023","AQS","484391006","2","19.5","ug/m3 LC","70","Haws Athletic Center","1","100.0000","88101","PM2.5 - Local Conditions","209","Met One BAM-1022 Mass Monitor w/ VSCC or TE-PM2.5C","19100","Dallas-Fort Worth-Arlington, TX","48","Texas","439","Tarrant","32.7591484","-97.3423226"
"08/23/2023","AQS","484391006","2","18.1","ug/m3 LC","68","Haws Athletic Center","1","100.0000","88101","PM2.5 - Local Conditions","209","Met One BAM-1022 Mass Monitor w/ VSCC or TE-PM2.5C","19100","Dallas-Fort Worth-Arlington, TX","48","Texas","439","Tarrant","32.7591484","-97.3423226"
"08/24/2023","AQS","484391006","2","21.2","ug/m3 LC","74","Haws Athletic Center","1","100.0000","88101","PM2.5 - Local Conditions","209","Met One BAM-1022 Mass Monitor w/ VSCC or TE-PM2.5C","19100","Dallas-Fort Worth-Arlington, TX","48","Texas","439","Tarrant","32.7591484","-97.3423226"
"08/25/2023","AQS","484391006","2","21.9","ug/m3 LC","75","Haws Athletic Center","1","100.0000","88101","PM2.5 - Local Conditions","209","Met One BAM-1022 Mass Monitor w/ VSCC or TE-PM2.5C","19100","Dallas-Fort Worth-Arlington, TX","48","Texas","439","Tarrant","32.7591484","-97.3423226"
"08/26/2023","AQS","484391006","2","18","ug/m3 LC","68","Haws Athletic Center","1","100.0000","88101","PM2.5 - Local Conditions","209","Met One BAM-1022 Mass Monitor w/ VSCC or TE-PM2.5C","19100","Dallas-Fort Worth-Arlington, TX","48","Texas","439","Tarrant","32.7591484","-97.3423226"
"08/27/2023","AQS","484391006","2","11.9","ug/m3 LC","56","Haws Athletic Center","1","100.0000","88101","PM2.5 - Local Conditions","209","Met One BAM-1022 Mass Monitor w/ VSCC or TE-PM2.5C","19100","Dallas-Fort Worth-Arlington, TX","48","Texas","439","Tarrant","32.7591484","-97.3423226"
"08/28/2023","AQS","484391006","2","8.8","ug/m3 LC","49","Haws Athletic Center","1","100.0000","88101","PM2.5 - Local Conditions","209","Met One BAM-1022 Mass Monitor w/ VSCC or TE-PM2.5C","19100","Dallas-Fort Worth-Arlington, TX","48","Texas","439","Tarrant","32.7591484","-97.3423226"
"08/29/2023","AQS","484391006","2","11.7","ug/m3 LC","56","Haws Athletic Center","1","100.0000","88101","PM2.5 - Local Conditions","209","Met One BAM-1022 Mass Monitor w/ VSCC or TE-PM2.5C","19100","Dallas-Fort Worth-Arlington, TX","48","Texas","439","Tarrant","32.7591484","-97.3423226"
"08/30/2023","AQS","484391006","2","22.2","ug/m3 LC","75","Haws Athletic Center","1","100.0000","88101","PM2.5 - Local Conditions","209","Met One BAM-1022 Mass Monitor w/ VSCC or TE-PM2.5C","19100","Dallas-Fort Worth-Arlington, TX","48","Texas","439","Tarrant","32.7591484","-97.3423226"
"08/31/2023","AQS","484391006","2","22.6","ug/m3 LC","76","Haws Athletic Center","1","100.0000","88101","PM2.5 - Local Conditions","209","Met One BAM-1022 Mass Monitor w/ VSCC or TE-PM2.5C","19100","Dallas-Fort Worth-Arlington, TX","48","Texas","439","Tarrant","32.7591484","-97.3423226"
"09/01/2023","AQS","484391006","2","16","ug/m3 LC","64","Haws Athletic Center","1","100.0000","88101","PM2.5 - Local Conditions","209","Met One BAM-1022 Mass Monitor w/ VSCC or TE-PM2.5C","19100","Dallas-Fort Worth-Arlington, TX","48","Texas","439","Tarrant","32.7591484","-97.3423226"
"09/02/2023","AQS","484391006","2","15.2","ug/m3 LC","62","Haws Athletic Center","1","100.0000","88101","PM2.5 - Local Conditions","209","Met One BAM-1022 Mass Monitor w/ VSCC or TE-PM2.5C","19100","Dallas-Fort Worth-Arlington, TX","48","Texas","439","Tarrant","32.7591484","-97.3423226"
"09/03/2023","AQS","484391006","2","20.5","ug/m3 LC","72","Haws Athletic Center","1","100.0000","88101","PM2.5 - Local Conditions","209","Met One BAM-1022 Mass Monitor w/ VSCC or TE-PM2.5C","19100","Dallas-Fort Worth-Arlington, TX","48","Texas","439","Tarrant","32.7591484","-97.3423226"
"09/04/2023","AQS","484391006","2","12.9","ug/m3 LC","58","Haws Athletic Center","1","100.0000","88101","PM2.5 - Local Conditions","209","Met One BAM-1022 Mass Monitor w/ VSCC or TE-PM2.5C","19100","Dallas-Fort Worth-Arlington, TX","48","Texas","439","Tarrant","32.7591484","-97.3423226"
"09/05/2023","AQS","484391006","2","8.8","ug/m3 LC","49","Haws Athletic Center","1","100.0000","88101","PM2.5 - Local Conditions","209","Met One BAM-1022 Mass Monitor w/ VSCC or TE-PM2.5C","19100","Dallas-Fort Worth-Arlington, TX","48","Texas","439","Tarrant","32.7591484","-97.3423226"
"09/06/2023","AQS","484391006","2","8.7","ug/m3 LC","48","Haws Athletic Center","1","100.0000","88101","PM2.5 - Local Conditions","209","Met One BAM-1022 Mass Monitor w/ VSCC or TE-PM2.5C","19100","Dallas-Fort Worth-Arlington, TX","48","Texas","439","Tarrant","32.7591484","-97.3423226"
"09/07/2023","AQS","484391006","2","9.2","ug/m3 LC","51","Haws Athletic Center","1","100.0000","88101","PM2.5 - Local Conditions","209","Met One BAM-1022 Mass Monitor w/ VSCC or TE-PM2.5C","19100","Dallas-Fort Worth-Arlington, TX","48","Texas","439","Tarrant","32.7591484","-97.3423226"
"09/08/2023","AQS","484391006","2","8.6","ug/m3 LC","48","Haws Athletic Center","1","100.0000","88101","PM2.5 - Local Conditions","209","Met One BAM-1022 Mass Monitor w/ VSCC or TE-PM2.5C","19100","Dallas-Fort Worth-Arlington, TX","48","Texas","439","Tarrant","32.7591484","-97.3423226"
"09/09/2023","AQS","484391006","2","10.8","ug/m3 LC","54","Haws Athletic Center","1","100.0000","88101","PM2.5 - Local Conditions","209","Met One BAM-1022 Mass Monitor w/ VSCC or TE-PM2.5C","19100","Dallas-Fort Worth-Arlington, TX","48","Texas","439","Tarrant","32.7591484","-97.3423226"
"09/10/2023","AQS","484391006","2","14.5","ug/m3 LC","61","Haws Athletic Center","1","100.0000","88101","PM2.5 - Local Conditions","209","Met One BAM-1022 Mass Monitor w/ VSCC or TE-PM2.5C","19100","Dallas-Fort Worth-Arlington, TX","48","Texas","439","Tarrant","32.7591484","-97.3423226"
"09/11/2023","AQS","484391006","2","11.3","ug/m3 LC","55","Haws Athletic Center","1","100.0000","88101","PM2.5 - Local Conditions","209","Met One BAM-1022 Mass Monitor w/ VSCC or TE-PM2.5C","19100","Dallas-Fort Worth-Arlington, TX","48","Texas","439","Tarrant","32.7591484","-97.3423226"
"09/12/2023","AQS","484391006","2","13.1","ug/m3 LC","58","Haws Athletic Center","1","100.0000","88101","PM2.5 - Local Conditions","209","Met One BAM-1022 Mass Monitor w/ VSCC or TE-PM2.5C","19100","Dallas-Fort Worth-Arlington, TX","48","Texas","439","Tarrant","32.7591484","-97.3423226"
"09/13/2023","AQS","484391006","2","12.9","ug/m3 LC","58","Haws Athletic Center","1","100.0000","88101","PM2.5 - Local Conditions","209","Met One BAM-1022 Mass Monitor w/ VSCC or TE-PM2.5C","19100","Dallas-Fort Worth-Arlington, TX","48","Texas","439","Tarrant","32.7591484","-97.3423226"
"09/14/2023","AQS","484391006","2","12","ug/m3 LC","56","Haws Athletic Center","1","100.0000","88101","PM2.5 - Local Conditions","209","Met One BAM-1022 Mass Monitor w/ VSCC or TE-PM2.5C","19100","Dallas-Fort Worth-Arlington, TX","48","Texas","439","Tarrant","32.7591484","-97.3423226"
"09/15/2023","AQS","484391006","2","13.8","ug/m3 LC","60","Haws Athletic Center","1","100.0000","88101","PM2.5 - Local Conditions","209","Met One BAM-1022 Mass Monitor w/ VSCC or TE-PM2.5C","19100","Dallas-Fort Worth-Arlington, TX","48","Texas","439","Tarrant","32.7591484","-97.3423226"
"09/16/2023","AQS","484391006","2","16","ug/m3 LC","64","Haws Athletic Center","1","100.0000","88101","PM2.5 - Local Conditions","209","Met One BAM-1022 Mass Monitor w/ VSCC or TE-PM2.5C","19100","Dallas-Fort Worth-Arlington, TX","48","Texas","439","Tarrant","32.7591484","-97.3423226"
"09/17/2023","AQS","484391006","2","10.4","ug/m3 LC","53","Haws Athletic Center","1","100.0000","88101","PM2.5 - Local Conditions","209","Met One BAM-1022 Mass Monitor w/ VSCC or TE-PM2.5C","19100","Dallas-Fort Worth-Arlington, TX","48","Texas","439","Tarrant","32.7591484","-97.3423226"
"09/18/2023","AQS","484391006","2","9.9","ug/m3 LC","52","Haws Athletic Center","1","100.0000","88101","PM2.5 - Local Conditions","209","Met One BAM-1022 Mass Monitor w/ VSCC or TE-PM2.5C","19100","Dallas-Fort Worth-Arlington, TX","48","Texas","439","Tarrant","32.7591484","-97.3423226"
"09/19/2023","AQS","484391006","2","11.6","ug/m3 LC","56","Haws Athletic Center","1","100.0000","88101","PM2.5 - Local Conditions","209","Met One BAM-1022 Mass Monitor w/ VSCC or TE-PM2.5C","19100","Dallas-Fort Worth-Arlington, TX","48","Texas","439","Tarrant","32.7591484","-97.3423226"
"09/20/2023","AQS","484391006","2","10.8","ug/m3 LC","54","Haws Athletic Center","1","100.0000","88101","PM2.5 - Local Conditions","209","Met One BAM-1022 Mass Monitor w/ VSCC or TE-PM2.5C","19100","Dallas-Fort Worth-Arlington, TX","48","Texas","439","Tarrant","32.7591484","-97.3423226"
"09/21/2023","AQS","484391006","2","6.6","ug/m3 LC","37","Haws Athletic Center","1","100.0000","88101","PM2.5 - Local Conditions","209","Met One BAM-1022 Mass Monitor w/ VSCC or TE-PM2.5C","19100","Dallas-Fort Worth-Arlington, TX","48","Texas","439","Tarrant","32.7591484","-97.3423226"
"09/22/2023","AQS","484391006","2","5.7","ug/m3 LC","32","Haws Athletic Center","1","100.0000","88101","PM2.5 - Local Conditions","209","Met One BAM-1022 Mass Monitor w/ VSCC or TE-PM2.5C","19100","Dallas-Fort Worth-Arlington, TX","48","Texas","439","Tarrant","32.7591484","-97.3423226"
"09/23/2023","AQS","484391006","2","7.1","ug/m3 LC","39","Haws Athletic Center","1","100.0000","88101","PM2.5 - Local Conditions","209","Met One BAM-1022 Mass Monitor w/ VSCC or TE-PM2.5C","19100","Dallas-Fort Worth-Arlington, TX","48","Texas","439","Tarrant","32.7591484","-97.3423226"
"09/24/2023","AQS","484391006","2","6.3","ug/m3 LC","35","Haws Athletic Center","1","100.0000","88101","PM2.5 - Local Conditions","209","Met One BAM-1022 Mass Monitor w/ VSCC or TE-PM2.5C","19100","Dallas-Fort Worth-Arlington, TX","48","Texas","439","Tarrant","32.7591484","-97.3423226"
"09/26/2023","AQS","484391006","2","22.5","ug/m3 LC","76","Haws Athletic Center","1","100.0000","88101","PM2.5 - Local Conditions","209","Met One BAM-1022 Mass Monitor w/ VSCC or TE-PM2.5C","19100","Dallas-Fort Worth-Arlington, TX","48","Texas","439","Tarrant","32.7591484","-97.3423226"
"09/27/2023","AQS","484391006","2","21.4","ug/m3 LC","74","Haws Athletic Center","1","100.0000","88101","PM2.5 - Local Conditions","209","Met One BAM-1022 Mass Monitor w/ VSCC or TE-PM2.5C","19100","Dallas-Fort Worth-Arlington, TX","48","Texas","439","Tarrant","32.7591484","-97.3423226"
"09/28/2023","AQS","484391006","2","13.2","ug/m3 LC","59","Haws Athletic Center","1","100.0000","88101","PM2.5 - Local Conditions","209","Met One BAM-1022 Mass Monitor w/ VSCC or TE-PM2.5C","19100","Dallas-Fort Worth-Arlington, TX","48","Texas","439","Tarrant","32.7591484","-97.3423226"
"09/29/2023","AQS","484391006","2","12.4","ug/m3 LC","57","Haws Athletic Center","1","100.0000","88101","PM2.5 - Local Conditions","209","Met One BAM-1022 Mass Monitor w/ VSCC or TE-PM2.5C","19100","Dallas-Fort Worth-Arlington, TX","48","Texas","439","Tarrant","32.7591484","-97.3423226"
"09/30/2023","AQS","484391006","2","8","ug/m3 LC","44","Haws Athletic Center","1","100.0000","88101","PM2.5 - Local Conditions","209","Met One BAM-1022 Mass Monitor w/ VSCC or TE-PM2.5C","19100","Dallas-Fort Worth-Arlington, TX","48","Texas","439","Tarrant","32.7591484","-97.3423226"
"10/01/2023","AQS","484391006","2","11.1","ug/m3 LC","55","Haws Athletic Center","1","100.0000","88101","PM2.5 - Local Conditions","209","Met One BAM-1022 Mass Monitor w/ VSCC or TE-PM2.5C","19100","Dallas-Fort Worth-Arlington, TX","48","Texas","439","Tarrant","32.7591484","-97.3423226"
"10/02/2023","AQS","484391006","2","44.8","ug/m3 LC","124","Haws Athletic Center","1","100.0000","88101","PM2.5 - Local Conditions","209","Met One BAM-1022 Mass Monitor w/ VSCC or TE-PM2.5C","19100","Dallas-Fort Worth-Arlington, TX","48","Texas","439","Tarrant","32.7591484","-97.3423226"
"10/03/2023","AQS","484391006","2","9.7","ug/m3 LC","52","Haws Athletic Center","1","100.0000","88101","PM2.5 - Local Conditions","209","Met One BAM-1022 Mass Monitor w/ VSCC or TE-PM2.5C","19100","Dallas-Fort Worth-Arlington, TX","48","Texas","439","Tarrant","32.7591484","-97.3423226"
"10/05/2023","AQS","484391006","2","4.8","ug/m3 LC","27","Haws Athletic Center","1","100.0000","88101","PM2.5 - Local Conditions","209","Met One BAM-1022 Mass Monitor w/ VSCC or TE-PM2.5C","19100","Dallas-Fort Worth-Arlington, TX","48","Texas","439","Tarrant","32.7591484","-97.3423226"
"10/06/2023","AQS","484391006","2","16.5","ug/m3 LC","65","Haws Athletic Center","1","100.0000","88101","PM2.5 - Local Conditions","209","Met One BAM-1022 Mass Monitor w/ VSCC or TE-PM2.5C","19100","Dallas-Fort Worth-Arlington, TX","48","Texas","439","Tarrant","32.7591484","-97.3423226"
"10/07/2023","AQS","484391006","2","3.8","ug/m3 LC","21","Haws Athletic Center","1","100.0000","88101","PM2.5 - Local Conditions","209","Met One BAM-1022 Mass Monitor w/ VSCC or TE-PM2.5C","19100","Dallas-Fort Worth-Arlington, TX","48","Texas","439","Tarrant","32.7591484","-97.3423226"
"10/08/2023","AQS","484391006","2","7.7","ug/m3 LC","43","Haws Athletic Center","1","100.0000","88101","PM2.5 - Local Conditions","209","Met One BAM-1022 Mass Monitor w/ VSCC or TE-PM2.5C","19100","Dallas-Fort Worth-Arlington, TX","48","Texas","439","Tarrant","32.7591484","-97.3423226"
"10/09/2023","AQS","484391006","2","5.1","ug/m3 LC","28","Haws Athletic Center","1","100.0000","88101","PM2.5 - Local Conditions","209","Met One BAM-1022 Mass Monitor w/ VSCC or TE-PM2.5C","19100","Dallas-Fort Worth-Arlington, TX","48","Texas","439","Tarrant","32.7591484","-97.3423226"
"10/10/2023","AQS","484391006","2","5.7","ug/m3 LC","32","Haws Athletic Center","1","100.0000","88101","PM2.5 - Local Conditions","209","Met One BAM-1022 Mass Monitor w/ VSCC or TE-PM2.5C","19100","Dallas-Fort Worth-Arlington, TX","48","Texas","439","Tarrant","32.7591484","-97.3423226"
"10/11/2023","AQS","484391006","2","6.1","ug/m3 LC","34","Haws Athletic Center","1","100.0000","88101","PM2.5 - Local Conditions","209","Met One BAM-1022 Mass Monitor w/ VSCC or TE-PM2.5C","19100","Dallas-Fort Worth-Arlington, TX","48","Texas","439","Tarrant","32.7591484","-97.3423226"
"10/12/2023","AQS","484391006","2","6.7","ug/m3 LC","37","Haws Athletic Center","1","100.0000","88101","PM2.5 - Local Conditions","209","Met One BAM-1022 Mass Monitor w/ VSCC or TE-PM2.5C","19100","Dallas-Fort Worth-Arlington, TX","48","Texas","439","Tarrant","32.7591484","-97.3423226"
"10/13/2023","AQS","484391006","2","3.2","ug/m3 LC","18","Haws Athletic Center","1","100.0000","88101","PM2.5 - Local Conditions","209","Met One BAM-1022 Mass Monitor w/ VSCC or TE-PM2.5C","19100","Dallas-Fort Worth-Arlington, TX","48","Texas","439","Tarrant","32.7591484","-97.3423226"
"10/14/2023","AQS","484391006","2","2.3","ug/m3 LC","13","Haws Athletic Center","1","100.0000","88101","PM2.5 - Local Conditions","209","Met One BAM-1022 Mass Monitor w/ VSCC or TE-PM2.5C","19100","Dallas-Fort Worth-Arlington, TX","48","Texas","439","Tarrant","32.7591484","-97.3423226"
"10/15/2023","AQS","484391006","2","2","ug/m3 LC","11","Haws Athletic Center","1","100.0000","88101","PM2.5 - Local Conditions","209","Met One BAM-1022 Mass Monitor w/ VSCC or TE-PM2.5C","19100","Dallas-Fort Worth-Arlington, TX","48","Texas","439","Tarrant","32.7591484","-97.3423226"
"10/16/2023","AQS","484391006","2","11.4","ug/m3 LC","55","Haws Athletic Center","1","100.0000","88101","PM2.5 - Local Conditions","209","Met One BAM-1022 Mass Monitor w/ VSCC or TE-PM2.5C","19100","Dallas-Fort Worth-Arlington, TX","48","Texas","439","Tarrant","32.7591484","-97.3423226"
"10/17/2023","AQS","484391006","2","5.3","ug/m3 LC","29","Haws Athletic Center","1","100.0000","88101","PM2.5 - Local Conditions","209","Met One BAM-1022 Mass Monitor w/ VSCC or TE-PM2.5C","19100","Dallas-Fort Worth-Arlington, TX","48","Texas","439","Tarrant","32.7591484","-97.3423226"
"10/18/2023","AQS","484391006","2","5.5","ug/m3 LC","31","Haws Athletic Center","1","100.0000","88101","PM2.5 - Local Conditions","209","Met One BAM-1022 Mass Monitor w/ VSCC or TE-PM2.5C","19100","Dallas-Fort Worth-Arlington, TX","48","Texas","439","Tarrant","32.7591484","-97.3423226"
"10/19/2023","AQS","484391006","2","10.4","ug/m3 LC","53","Haws Athletic Center","1","100.0000","88101","PM2.5 - Local Conditions","209","Met One BAM-1022 Mass Monitor w/ VSCC or TE-PM2.5C","19100","Dallas-Fort Worth-Arlington, TX","48","Texas","439","Tarrant","32.7591484","-97.3423226"
"10/20/2023","AQS","484391006","2","7.8","ug/m3 LC","43","Haws Athletic Center","1","100.0000","88101","PM2.5 - Local Conditions","209","Met One BAM-1022 Mass Monitor w/ VSCC or TE-PM2.5C","19100","Dallas-Fort Worth-Arlington, TX","48","Texas","439","Tarrant","32.7591484","-97.3423226"
"10/21/2023","AQS","484391006","2","10.5","ug/m3 LC","54","Haws Athletic Center","1","100.0000","88101","PM2.5 - Local Conditions","209","Met One BAM-1022 Mass Monitor w/ VSCC or TE-PM2.5C","19100","Dallas-Fort Worth-Arlington, TX","48","Texas","439","Tarrant","32.7591484","-97.3423226"
"10/22/2023","AQS","484391006","2","8.7","ug/m3 LC","48","Haws Athletic Center","1","100.0000","88101","PM2.5 - Local Conditions","209","Met One BAM-1022 Mass Monitor w/ VSCC or TE-PM2.5C","19100","Dallas-Fort Worth-Arlington, TX","48","Texas","439","Tarrant","32.7591484","-97.3423226"
"10/23/2023","AQS","484391006","2","5.3","ug/m3 LC","29","Haws Athletic Center","1","100.0000","88101","PM2.5 - Local Conditions","209","Met One BAM-1022 Mass Monitor w/ VSCC or TE-PM2.5C","19100","Dallas-Fort Worth-Arlington, TX","48","Texas","439","Tarrant","32.7591484","-97.3423226"
"10/26/2023","AQS","484391006","2","5","ug/m3 LC","28","Haws Athletic Center","1","100.0000","88101","PM2.5 - Local Conditions","209","Met One BAM-1022 Mass Monitor w/ VSCC or TE-PM2.5C","19100","Dallas-Fort Worth-Arlington, TX","48","Texas","439","Tarrant","32.7591484","-97.3423226"
"10/27/2023","AQS","484391006","2","7.4","ug/m3 LC","41","Haws Athletic Center","1","100.0000","88101","PM2.5 - Local Conditions","209","Met One BAM-1022 Mass Monitor w/ VSCC or TE-PM2.5C","19100","Dallas-Fort Worth-Arlington, TX","48","Texas","439","Tarrant","32.7591484","-97.3423226"
"10/28/2023","AQS","484391006","2","4.5","ug/m3 LC","25","Haws Athletic Center","1","100.0000","88101","PM2.5 - Local Conditions","209","Met One BAM-1022 Mass Monitor w/ VSCC or TE-PM2.5C","19100","Dallas-Fort Worth-Arlington, TX","48","Texas","439","Tarrant","32.7591484","-97.3423226"
"10/29/2023","AQS","484391006","2","1.1","ug/m3 LC","6","Haws Athletic Center","1","100.0000","88101","PM2.5 - Local Conditions","209","Met One BAM-1022 Mass Monitor w/ VSCC or TE-PM2.5C","19100","Dallas-Fort Worth-Arlington, TX","48","Texas","439","Tarrant","32.7591484","-97.3423226"
"10/30/2023","AQS","484391006","2","4.1","ug/m3 LC","23","Haws Athletic Center","1","100.0000","88101","PM2.5 - Local Conditions","209","Met One BAM-1022 Mass Monitor w/ VSCC or TE-PM2.5C","19100","Dallas-Fort Worth-Arlington, TX","48","Texas","439","Tarrant","32.7591484","-97.3423226"
"10/31/2023","AQS","484391006","2","6.6","ug/m3 LC","37","Haws Athletic Center","1","100.0000","88101","PM2.5 - Local Conditions","209","Met One BAM-1022 Mass Monitor w/ VSCC or TE-PM2.5C","19100","Dallas-Fort Worth-Arlington, TX","48","Texas","439","Tarrant","32.7591484","-97.3423226"
"11/01/2023","AQS","484391006","2","7.8","ug/m3 LC","43","Haws Athletic Center","1","100.0000","88101","PM2.5 - Local Conditions","209","Met One BAM-1022 Mass Monitor w/ VSCC or TE-PM2.5C","19100","Dallas-Fort Worth-Arlington, TX","48","Texas","439","Tarrant","32.7591484","-97.3423226"
"11/02/2023","AQS","484391006","2","9.7","ug/m3 LC","52","Haws Athletic Center","1","100.0000","88101","PM2.5 - Local Conditions","209","Met One BAM-1022 Mass Monitor w/ VSCC or TE-PM2.5C","19100","Dallas-Fort Worth-Arlington, TX","48","Texas","439","Tarrant","32.7591484","-97.3423226"
"11/03/2023","AQS","484391006","2","10","ug/m3 LC","53","Haws Athletic Center","1","100.0000","88101","PM2.5 - Local Conditions","209","Met One BAM-1022 Mass Monitor w/ VSCC or TE-PM2.5C","19100","Dallas-Fort Worth-Arlington, TX","48","Texas","439","Tarrant","32.7591484","-97.3423226"
"11/04/2023","AQS","484391006","2","10.6","ug/m3 LC","54","Haws Athletic Center","1","100.0000","88101","PM2.5 - Local Conditions","209","Met One BAM-1022 Mass Monitor w/ VSCC or TE-PM2.5C","19100","Dallas-Fort Worth-Arlington, TX","48","Texas","439","Tarrant","32.7591484","-97.3423226"
"11/05/2023","AQS","484391006","2","7.4","ug/m3 LC","41","Haws Athletic Center","1","100.0000","88101","PM2.5 - Local Conditions","209","Met One BAM-1022 Mass Monitor w/ VSCC or TE-PM2.5C","19100","Dallas-Fort Worth-Arlington, TX","48","Texas","439","Tarrant","32.7591484","-97.3423226"
"11/06/2023","AQS","484391006","2","5.7","ug/m3 LC","32","Haws Athletic Center","1","100.0000","88101","PM2.5 - Local Conditions","209","Met One BAM-1022 Mass Monitor w/ VSCC or TE-PM2.5C","19100","Dallas-Fort Worth-Arlington, TX","48","Texas","439","Tarrant","32.7591484","-97.3423226"
"11/07/2023","AQS","484391006","2","5.3","ug/m3 LC","29","Haws Athletic Center","1","100.0000","88101","PM2.5 - Local Conditions","209","Met One BAM-1022 Mass Monitor w/ VSCC or TE-PM2.5C","19100","Dallas-Fort Worth-Arlington, TX","48","Texas","439","Tarrant","32.7591484","-97.3423226"
"11/08/2023","AQS","484391006","2","6.1","ug/m3 LC","34","Haws Athletic Center","1","100.0000","88101","PM2.5 - Local Conditions","209","Met One BAM-1022 Mass Monitor w/ VSCC or TE-PM2.5C","19100","Dallas-Fort Worth-Arlington, TX","48","Texas","439","Tarrant","32.7591484","-97.3423226"
"11/09/2023","AQS","484391006","2","6.9","ug/m3 LC","38","Haws Athletic Center","1","100.0000","88101","PM2.5 - Local Conditions","209","Met One BAM-1022 Mass Monitor w/ VSCC or TE-PM2.5C","19100","Dallas-Fort Worth-Arlington, TX","48","Texas","439","Tarrant","32.7591484","-97.3423226"
"11/10/2023","AQS","484391006","2","6","ug/m3 LC","33","Haws Athletic Center","1","100.0000","88101","PM2.5 - Local Conditions","209","Met One BAM-1022 Mass Monitor w/ VSCC or TE-PM2.5C","19100","Dallas-Fort Worth-Arlington, TX","48","Texas","439","Tarrant","32.7591484","-97.3423226"
"11/11/2023","AQS","484391006","2","6.2","ug/m3 LC","34","Haws Athletic Center","1","100.0000","88101","PM2.5 - Local Conditions","209","Met One BAM-1022 Mass Monitor w/ VSCC or TE-PM2.5C","19100","Dallas-Fort Worth-Arlington, TX","48","Texas","439","Tarrant","32.7591484","-97.3423226"
"11/12/2023","AQS","484391006","2","13.1","ug/m3 LC","58","Haws Athletic Center","1","100.0000","88101","PM2.5 - Local Conditions","209","Met One BAM-1022 Mass Monitor w/ VSCC or TE-PM2.5C","19100","Dallas-Fort Worth-Arlington, TX","48","Texas","439","Tarrant","32.7591484","-97.3423226"
"11/13/2023","AQS","484391006","2","13.4","ug/m3 LC","59","Haws Athletic Center","1","100.0000","88101","PM2.5 - Local Conditions","209","Met One BAM-1022 Mass Monitor w/ VSCC or TE-PM2.5C","19100","Dallas-Fort Worth-Arlington, TX","48","Texas","439","Tarrant","32.7591484","-97.3423226"
"11/14/2023","AQS","484391006","2","19.4","ug/m3 LC","70","Haws Athletic Center","1","100.0000","88101","PM2.5 - Local Conditions","209","Met One BAM-1022 Mass Monitor w/ VSCC or TE-PM2.5C","19100","Dallas-Fort Worth-Arlington, TX","48","Texas","439","Tarrant","32.7591484","-97.3423226"
"11/15/2023","AQS","484391006","2","19.3","ug/m3 LC","70","Haws Athletic Center","1","100.0000","88101","PM2.5 - Local Conditions","209","Met One BAM-1022 Mass Monitor w/ VSCC or TE-PM2.5C","19100","Dallas-Fort Worth-Arlington, TX","48","Texas","439","Tarrant","32.7591484","-97.3423226"
"11/16/2023","AQS","484391006","2","11.1","ug/m3 LC","55","Haws Athletic Center","1","100.0000","88101","PM2.5 - Local Conditions","209","Met One BAM-1022 Mass Monitor w/ VSCC or TE-PM2.5C","19100","Dallas-Fort Worth-Arlington, TX","48","Texas","439","Tarrant","32.7591484","-97.3423226"
"11/17/2023","AQS","484391006","2","14.2","ug/m3 LC","61","Haws Athletic Center","1","100.0000","88101","PM2.5 - Local Conditions","209","Met One BAM-1022 Mass Monitor w/ VSCC or TE-PM2.5C","19100","Dallas-Fort Worth-Arlington, TX","48","Texas","439","Tarrant","32.7591484","-97.3423226"
"11/18/2023","AQS","484391006","2","11.3","ug/m3 LC","55","Haws Athletic Center","1","100.0000","88101","PM2.5 - Local Conditions","209","Met One BAM-1022 Mass Monitor w/ VSCC or TE-PM2.5C","19100","Dallas-Fort Worth-Arlington, TX","48","Texas","439","Tarrant","32.7591484","-97.3423226"
"11/19/2023","AQS","484391006","2","16","ug/m3 LC","64","Haws Athletic Center","1","100.0000","88101","PM2.5 - Local Conditions","209","Met One BAM-1022 Mass Monitor w/ VSCC or TE-PM2.5C","19100","Dallas-Fort Worth-Arlington, TX","48","Texas","439","Tarrant","32.7591484","-97.3423226"
"11/20/2023","AQS","484391006","2","7","ug/m3 LC","39","Haws Athletic Center","1","100.0000","88101","PM2.5 - Local Conditions","209","Met One BAM-1022 Mass Monitor w/ VSCC or TE-PM2.5C","19100","Dallas-Fort Worth-Arlington, TX","48","Texas","439","Tarrant","32.7591484","-97.3423226"
"11/21/2023","AQS","484391006","2","4.5","ug/m3 LC","25","Haws Athletic Center","1","100.0000","88101","PM2.5 - Local Conditions","209","Met One BAM-1022 Mass Monitor w/ VSCC or TE-PM2.5C","19100","Dallas-Fort Worth-Arlington, TX","48","Texas","439","Tarrant","32.7591484","-97.3423226"
"11/22/2023","AQS","484391006","2","8.6","ug/m3 LC","48","Haws Athletic Center","1","100.0000","88101","PM2.5 - Local Conditions","209","Met One BAM-1022 Mass Monitor w/ VSCC or TE-PM2.5C","19100","Dallas-Fort Worth-Arlington, TX","48","Texas","439","Tarrant","32.7591484","-97.3423226"
"11/23/2023","AQS","484391006","2","11.9","ug/m3 LC","56","Haws Athletic Center","1","100.0000","88101","PM2.5 - Local Conditions","209","Met One BAM-1022 Mass Monitor w/ VSCC or TE-PM2.5C","19100","Dallas-Fort Worth-Arlington, TX","48","Texas","439","Tarrant","32.7591484","-97.3423226"
"11/24/2023","AQS","484391006","2","10.2","ug/m3 LC","53","Haws Athletic Center","1","100.0000","88101","PM2.5 - Local Conditions","209","Met One BAM-1022 Mass Monitor w/ VSCC or TE-PM2.5C","19100","Dallas-Fort Worth-Arlington, TX","48","Texas","439","Tarrant","32.7591484","-97.3423226"
"11/25/2023","AQS","484391006","2","15.3","ug/m3 LC","63","Haws Athletic Center","1","100.0000","88101","PM2.5 - Local Conditions","209","Met One BAM-1022 Mass Monitor w/ VSCC or TE-PM2.5C","19100","Dallas-Fort Worth-Arlington, TX","48","Texas","439","Tarrant","32.7591484","-97.3423226"
"11/26/2023","AQS","484391006","2","4.8","ug/m3 LC","27","Haws Athletic Center","1","100.0000","88101","PM2.5 - Local Conditions","209","Met One BAM-1022 Mass Monitor w/ VSCC or TE-PM2.5C","19100","Dallas-Fort Worth-Arlington, TX","48","Texas","439","Tarrant","32.7591484","-97.3423226"
"11/27/2023","AQS","484391006","2","11.8","ug/m3 LC","56","Haws Athletic Center","1","100.0000","88101","PM2.5 - Local Conditions","209","Met One BAM-1022 Mass Monitor w/ VSCC or TE-PM2.5C","19100","Dallas-Fort Worth-Arlington, TX","48","Texas","439","Tarrant","32.7591484","-97.3423226"
"11/28/2023","AQS","484391006","2","12.3","ug/m3 LC","57","Haws Athletic Center","1","100.0000","88101","PM2.5 - Local Conditions","209","Met One BAM-1022 Mass Monitor w/ VSCC or TE-PM2.5C","19100","Dallas-Fort Worth-Arlington, TX","48","Texas","439","Tarrant","32.7591484","-97.3423226"
"11/29/2023","AQS","484391006","2","8.2","ug/m3 LC","46","Haws Athletic Center","1","100.0000","88101","PM2.5 - Local Conditions","209","Met One BAM-1022 Mass Monitor w/ VSCC or TE-PM2.5C","19100","Dallas-Fort Worth-Arlington, TX","48","Texas","439","Tarrant","32.7591484","-97.3423226"
"11/30/2023","AQS","484391006","2","9","ug/m3 LC","50","Haws Athletic Center","1","100.0000","88101","PM2.5 - Local Conditions","209","Met One BAM-1022 Mass Monitor w/ VSCC or TE-PM2.5C","19100","Dallas-Fort Worth-Arlington, TX","48","Texas","439","Tarrant","32.7591484","-97.3423226"
"12/01/2023","AQS","484391006","2","6.6","ug/m3 LC","37","Haws Athletic Center","1","100.0000","88101","PM2.5 - Local Conditions","209","Met One BAM-1022 Mass Monitor w/ VSCC or TE-PM2.5C","19100","Dallas-Fort Worth-Arlington, TX","48","Texas","439","Tarrant","32.7591484","-97.3423226"
"12/02/2023","AQS","484391006","2","8.7","ug/m3 LC","48","Haws Athletic Center","1","100.0000","88101","PM2.5 - Local Conditions","209","Met One BAM-1022 Mass Monitor w/ VSCC or TE-PM2.5C","19100","Dallas-Fort Worth-Arlington, TX","48","Texas","439","Tarrant","32.7591484","-97.3423226"
"12/03/2023","AQS","484391006","2","4.3","ug/m3 LC","24","Haws Athletic Center","1","100.0000","88101","PM2.5 - Local Conditions","209","Met One BAM-1022 Mass Monitor w/ VSCC or TE-PM2.5C","19100","Dallas-Fort Worth-Arlington, TX","48","Texas","439","Tarrant","32.7591484","-97.3423226"
"12/04/2023","AQS","484391006","2","7.3","ug/m3 LC","41","Haws Athletic Center","1","100.0000","88101","PM2.5 - Local Conditions","209","Met One BAM-1022 Mass Monitor w/ VSCC or TE-PM2.5C","19100","Dallas-Fort Worth-Arlington, TX","48","Texas","439","Tarrant","32.7591484","-97.3423226"
"12/05/2023","AQS","484391006","2","13.2","ug/m3 LC","59","Haws Athletic Center","1","100.0000","88101","PM2.5 - Local Conditions","209","Met One BAM-1022 Mass Monitor w/ VSCC or TE-PM2.5C","19100","Dallas-Fort Worth-Arlington, TX","48","Texas","439","Tarrant","32.7591484","-97.3423226"
"12/06/2023","AQS","484391006","2","14.9","ug/m3 LC","62","Haws Athletic Center","1","100.0000","88101","PM2.5 - Local Conditions","209","Met One BAM-1022 Mass Monitor w/ VSCC or TE-PM2.5C","19100","Dallas-Fort Worth-Arlington, TX","48","Texas","439","Tarrant","32.7591484","-97.3423226"
"12/07/2023","AQS","484391006","2","6.9","ug/m3 LC","38","Haws Athletic Center","1","100.0000","88101","PM2.5 - Local Conditions","209","Met One BAM-1022 Mass Monitor w/ VSCC or TE-PM2.5C","19100","Dallas-Fort Worth-Arlington, TX","48","Texas","439","Tarrant","32.7591484","-97.3423226"
"12/08/2023","AQS","484391006","2","5.2","ug/m3 LC","29","Haws Athletic Center","1","100.0000","88101","PM2.5 - Local Conditions","209","Met One BAM-1022 Mass Monitor w/ VSCC or TE-PM2.5C","19100","Dallas-Fort Worth-Arlington, TX","48","Texas","439","Tarrant","32.7591484","-97.3423226"
"12/09/2023","AQS","484391006","2","3.5","ug/m3 LC","19","Haws Athletic Center","1","100.0000","88101","PM2.5 - Local Conditions","209","Met One BAM-1022 Mass Monitor w/ VSCC or TE-PM2.5C","19100","Dallas-Fort Worth-Arlington, TX","48","Texas","439","Tarrant","32.7591484","-97.3423226"
"12/10/2023","AQS","484391006","2","4.7","ug/m3 LC","26","Haws Athletic Center","1","100.0000","88101","PM2.5 - Local Conditions","209","Met One BAM-1022 Mass Monitor w/ VSCC or TE-PM2.5C","19100","Dallas-Fort Worth-Arlington, TX","48","Texas","439","Tarrant","32.7591484","-97.3423226"
"12/11/2023","AQS","484391006","2","6.4","ug/m3 LC","36","Haws Athletic Center","1","100.0000","88101","PM2.5 - Local Conditions","209","Met One BAM-1022 Mass Monitor w/ VSCC or TE-PM2.5C","19100","Dallas-Fort Worth-Arlington, TX","48","Texas","439","Tarrant","32.7591484","-97.3423226"
"12/12/2023","AQS","484391006","2","6.7","ug/m3 LC","37","Haws Athletic Center","1","100.0000","88101","PM2.5 - Local Conditions","209","Met One BAM-1022 Mass Monitor w/ VSCC or TE-PM2.5C","19100","Dallas-Fort Worth-Arlington, TX","48","Texas","439","Tarrant","32.7591484","-97.3423226"
"12/13/2023","AQS","484391006","2","10.9","ug/m3 LC","54","Haws Athletic Center","1","100.0000","88101","PM2.5 - Local Conditions","209","Met One BAM-1022 Mass Monitor w/ VSCC or TE-PM2.5C","19100","Dallas-Fort Worth-Arlington, TX","48","Texas","439","Tarrant","32.7591484","-97.3423226"
"12/14/2023","AQS","484391006","2","10","ug/m3 LC","53","Haws Athletic Center","1","100.0000","88101","PM2.5 - Local Conditions","209","Met One BAM-1022 Mass Monitor w/ VSCC or TE-PM2.5C","19100","Dallas-Fort Worth-Arlington, TX","48","Texas","439","Tarrant","32.7591484","-97.3423226"
"12/15/2023","AQS","484391006","2","9.3","ug/m3 LC","51","Haws Athletic Center","1","100.0000","88101","PM2.5 - Local Conditions","209","Met One BAM-1022 Mass Monitor w/ VSCC or TE-PM2.5C","19100","Dallas-Fort Worth-Arlington, TX","48","Texas","439","Tarrant","32.7591484","-97.3423226"
"12/16/2023","AQS","484391006","2","8.6","ug/m3 LC","48","Haws Athletic Center","1","100.0000","88101","PM2.5 - Local Conditions","209","Met One BAM-1022 Mass Monitor w/ VSCC or TE-PM2.5C","19100","Dallas-Fort Worth-Arlington, TX","48","Texas","439","Tarrant","32.7591484","-97.3423226"
"12/17/2023","AQS","484391006","2","10.3","ug/m3 LC","53","Haws Athletic Center","1","100.0000","88101","PM2.5 - Local Conditions","209","Met One BAM-1022 Mass Monitor w/ VSCC or TE-PM2.5C","19100","Dallas-Fort Worth-Arlington, TX","48","Texas","439","Tarrant","32.7591484","-97.3423226"
"12/18/2023","AQS","484391006","2","7.2","ug/m3 LC","40","Haws Athletic Center","1","100.0000","88101","PM2.5 - Local Conditions","209","Met One BAM-1022 Mass Monitor w/ VSCC or TE-PM2.5C","19100","Dallas-Fort Worth-Arlington, TX","48","Texas","439","Tarrant","32.7591484","-97.3423226"
"12/19/2023","AQS","484391006","2","7.9","ug/m3 LC","44","Haws Athletic Center","1","100.0000","88101","PM2.5 - Local Conditions","209","Met One BAM-1022 Mass Monitor w/ VSCC or TE-PM2.5C","19100","Dallas-Fort Worth-Arlington, TX","48","Texas","439","Tarrant","32.7591484","-97.3423226"
"12/21/2023","AQS","484391006","2","9.3","ug/m3 LC","51","Haws Athletic Center","1","100.0000","88101","PM2.5 - Local Conditions","209","Met One BAM-1022 Mass Monitor w/ VSCC or TE-PM2.5C","19100","Dallas-Fort Worth-Arlington, TX","48","Texas","439","Tarrant","32.7591484","-97.3423226"
"12/22/2023","AQS","484391006","2","11.8","ug/m3 LC","56","Haws Athletic Center","1","100.0000","88101","PM2.5 - Local Conditions","209","Met One BAM-1022 Mass Monitor w/ VSCC or TE-PM2.5C","19100","Dallas-Fort Worth-Arlington, TX","48","Texas","439","Tarrant","32.7591484","-97.3423226"
"12/23/2023","AQS","484391006","2","9.2","ug/m3 LC","51","Haws Athletic Center","1","100.0000","88101","PM2.5 - Local Conditions","209","Met One BAM-1022 Mass Monitor w/ VSCC or TE-PM2.5C","19100","Dallas-Fort Worth-Arlington, TX","48","Texas","439","Tarrant","32.7591484","-97.3423226"
"12/24/2023","AQS","484391006","2","1.7","ug/m3 LC","9","Haws Athletic Center","1","100.0000","88101","PM2.5 - Local Conditions","209","Met One BAM-1022 Mass Monitor w/ VSCC or TE-PM2.5C","19100","Dallas-Fort Worth-Arlington, TX","48","Texas","439","Tarrant","32.7591484","-97.3423226"
"12/25/2023","AQS","484391006","2","4.3","ug/m3 LC","24","Haws Athletic Center","1","100.0000","88101","PM2.5 - Local Conditions","209","Met One BAM-1022 Mass Monitor w/ VSCC or TE-PM2.5C","19100","Dallas-Fort Worth-Arlington, TX","48","Texas","439","Tarrant","32.7591484","-97.3423226"
"12/26/2023","AQS","484391006","2","6.5","ug/m3 LC","36","Haws Athletic Center","1","100.0000","88101","PM2.5 - Local Conditions","209","Met One BAM-1022 Mass Monitor w/ VSCC or TE-PM2.5C","19100","Dallas-Fort Worth-Arlington, TX","48","Texas","439","Tarrant","32.7591484","-97.3423226"
"12/27/2023","AQS","484391006","2","5.5","ug/m3 LC","31","Haws Athletic Center","1","100.0000","88101","PM2.5 - Local Conditions","209","Met One BAM-1022 Mass Monitor w/ VSCC or TE-PM2.5C","19100","Dallas-Fort Worth-Arlington, TX","48","Texas","439","Tarrant","32.7591484","-97.3423226"
"12/28/2023","AQS","484391006","2","5.8","ug/m3 LC","32","Haws Athletic Center","1","100.0000","88101","PM2.5 - Local Conditions","209","Met One BAM-1022 Mass Monitor w/ VSCC or TE-PM2.5C","19100","Dallas-Fort Worth-Arlington, TX","48","Texas","439","Tarrant","32.7591484","-97.3423226"
"12/29/2023","AQS","484391006","2","5.2","ug/m3 LC","29","Haws Athletic Center","1","100.0000","88101","PM2.5 - Local Conditions","209","Met One BAM-1022 Mass Monitor w/ VSCC or TE-PM2.5C","19100","Dallas-Fort Worth-Arlington, TX","48","Texas","439","Tarrant","32.7591484","-97.3423226"
"12/30/2023","AQS","484391006","2","8.4","ug/m3 LC","47","Haws Athletic Center","1","100.0000","88101","PM2.5 - Local Conditions","209","Met One BAM-1022 Mass Monitor w/ VSCC or TE-PM2.5C","19100","Dallas-Fort Worth-Arlington, TX","48","Texas","439","Tarrant","32.7591484","-97.3423226"
"12/31/2023","AQS","484391006","2","8.9","ug/m3 LC","49","Haws Athletic Center","1","100.0000","88101","PM2.5 - Local Conditions","209","Met One BAM-1022 Mass Monitor w/ VSCC or TE-PM2.5C","19100","Dallas-Fort Worth-Arlington, TX","48","Texas","439","Tarrant","32.7591484","-97.3423226"
"01/01/2023","AQS","484391053","2","8.7","ug/m3 LC","48","Fort Worth California Parkway North","1","100.0000","88101","PM2.5 - Local Conditions","209","Met One BAM-1022 Mass Monitor w/ VSCC or TE-PM2.5C","19100","Dallas-Fort Worth-Arlington, TX","48","Texas","439","Tarrant","32.6647575","-97.337905"
"01/02/2023","AQS","484391053","2","15.3","ug/m3 LC","63","Fort Worth California Parkway North","1","100.0000","88101","PM2.5 - Local Conditions","209","Met One BAM-1022 Mass Monitor w/ VSCC or TE-PM2.5C","19100","Dallas-Fort Worth-Arlington, TX","48","Texas","439","Tarrant","32.6647575","-97.337905"
"01/03/2023","AQS","484391053","2","8.5","ug/m3 LC","47","Fort Worth California Parkway North","1","100.0000","88101","PM2.5 - Local Conditions","209","Met One BAM-1022 Mass Monitor w/ VSCC or TE-PM2.5C","19100","Dallas-Fort Worth-Arlington, TX","48","Texas","439","Tarrant","32.6647575","-97.337905"
"01/04/2023","AQS","484391053","2","4.8","ug/m3 LC","27","Fort Worth California Parkway North","1","100.0000","88101","PM2.5 - Local Conditions","209","Met One BAM-1022 Mass Monitor w/ VSCC or TE-PM2.5C","19100","Dallas-Fort Worth-Arlington, TX","48","Texas","439","Tarrant","32.6647575","-97.337905"
"01/05/2023","AQS","484391053","2","6.2","ug/m3 LC","34","Fort Worth California Parkway North","1","100.0000","88101","PM2.5 - Local Conditions","209","Met One BAM-1022 Mass Monitor w/ VSCC or TE-PM2.5C","19100","Dallas-Fort Worth-Arlington, TX","48","Texas","439","Tarrant","32.6647575","-97.337905"
"01/06/2023","AQS","484391053","2","9.4","ug/m3 LC","52","Fort Worth California Parkway North","1","100.0000","88101","PM2.5 - Local Conditions","209","Met One BAM-1022 Mass Monitor w/ VSCC or TE-PM2.5C","19100","Dallas-Fort Worth-Arlington, TX","48","Texas","439","Tarrant","32.6647575","-97.337905"
"01/07/2023","AQS","484391053","2","5.4","ug/m3 LC","30","Fort Worth California Parkway North","1","100.0000","88101","PM2.5 - Local Conditions","209","Met One BAM-1022 Mass Monitor w/ VSCC or TE-PM2.5C","19100","Dallas-Fort Worth-Arlington, TX","48","Texas","439","Tarrant","32.6647575","-97.337905"
"01/08/2023","AQS","484391053","2","9.6","ug/m3 LC","52","Fort Worth California Parkway North","1","100.0000","88101","PM2.5 - Local Conditions","209","Met One BAM-1022 Mass Monitor w/ VSCC or TE-PM2.5C","19100","Dallas-Fort Worth-Arlington, TX","48","Texas","439","Tarrant","32.6647575","-97.337905"
"01/09/2023","AQS","484391053","2","11","ug/m3 LC","55","Fort Worth California Parkway North","1","100.0000","88101","PM2.5 - Local Conditions","209","Met One BAM-1022 Mass Monitor w/ VSCC or TE-PM2.5C","19100","Dallas-Fort Worth-Arlington, TX","48","Texas","439","Tarrant","32.6647575","-97.337905"
"01/10/2023","AQS","484391053","2","5.8","ug/m3 LC","32","Fort Worth California Parkway North","1","100.0000","88101","PM2.5 - Local Conditions","209","Met One BAM-1022 Mass Monitor w/ VSCC or TE-PM2.5C","19100","Dallas-Fort Worth-Arlington, TX","48","Texas","439","Tarrant","32.6647575","-97.337905"
"01/11/2023","AQS","484391053","2","6.1","ug/m3 LC","34","Fort Worth California Parkway North","1","100.0000","88101","PM2.5 - Local Conditions","209","Met One BAM-1022 Mass Monitor w/ VSCC or TE-PM2.5C","19100","Dallas-Fort Worth-Arlington, TX","48","Texas","439","Tarrant","32.6647575","-97.337905"
"01/12/2023","AQS","484391053","2","3.9","ug/m3 LC","22","Fort Worth California Parkway North","1","100.0000","88101","PM2.5 - Local Conditions","209","Met One BAM-1022 Mass Monitor w/ VSCC or TE-PM2.5C","19100","Dallas-Fort Worth-Arlington, TX","48","Texas","439","Tarrant","32.6647575","-97.337905"
"01/13/2023","AQS","484391053","2","6.2","ug/m3 LC","34","Fort Worth California Parkway North","1","100.0000","88101","PM2.5 - Local Conditions","209","Met One BAM-1022 Mass Monitor w/ VSCC or TE-PM2.5C","19100","Dallas-Fort Worth-Arlington, TX","48","Texas","439","Tarrant","32.6647575","-97.337905"
"01/14/2023","AQS","484391053","2","6.7","ug/m3 LC","37","Fort Worth California Parkway North","1","100.0000","88101","PM2.5 - Local Conditions","209","Met One BAM-1022 Mass Monitor w/ VSCC or TE-PM2.5C","19100","Dallas-Fort Worth-Arlington, TX","48","Texas","439","Tarrant","32.6647575","-97.337905"
"01/15/2023","AQS","484391053","2","4.3","ug/m3 LC","24","Fort Worth California Parkway North","1","100.0000","88101","PM2.5 - Local Conditions","209","Met One BAM-1022 Mass Monitor w/ VSCC or TE-PM2.5C","19100","Dallas-Fort Worth-Arlington, TX","48","Texas","439","Tarrant","32.6647575","-97.337905"
"01/16/2023","AQS","484391053","2","4.6","ug/m3 LC","26","Fort Worth California Parkway North","1","100.0000","88101","PM2.5 - Local Conditions","209","Met One BAM-1022 Mass Monitor w/ VSCC or TE-PM2.5C","19100","Dallas-Fort Worth-Arlington, TX","48","Texas","439","Tarrant","32.6647575","-97.337905"
"01/17/2023","AQS","484391053","2","5.8","ug/m3 LC","32","Fort Worth California Parkway North","1","100.0000","88101","PM2.5 - Local Conditions","209","Met One BAM-1022 Mass Monitor w/ VSCC or TE-PM2.5C","19100","Dallas-Fort Worth-Arlington, TX","48","Texas","439","Tarrant","32.6647575","-97.337905"
"01/18/2023","AQS","484391053","2","6.5","ug/m3 LC","36","Fort Worth California Parkway North","1","100.0000","88101","PM2.5 - Local Conditions","209","Met One BAM-1022 Mass Monitor w/ VSCC or TE-PM2.5C","19100","Dallas-Fort Worth-Arlington, TX","48","Texas","439","Tarrant","32.6647575","-97.337905"
"01/19/2023","AQS","484391053","2","2.6","ug/m3 LC","14","Fort Worth California Parkway North","1","100.0000","88101","PM2.5 - Local Conditions","209","Met One BAM-1022 Mass Monitor w/ VSCC or TE-PM2.5C","19100","Dallas-Fort Worth-Arlington, TX","48","Texas","439","Tarrant","32.6647575","-97.337905"
"01/20/2023","AQS","484391053","2","7.8","ug/m3 LC","43","Fort Worth California Parkway North","1","100.0000","88101","PM2.5 - Local Conditions","209","Met One BAM-1022 Mass Monitor w/ VSCC or TE-PM2.5C","19100","Dallas-Fort Worth-Arlington, TX","48","Texas","439","Tarrant","32.6647575","-97.337905"
"01/21/2023","AQS","484391053","2","5.2","ug/m3 LC","29","Fort Worth California Parkway North","1","100.0000","88101","PM2.5 - Local Conditions","209","Met One BAM-1022 Mass Monitor w/ VSCC or TE-PM2.5C","19100","Dallas-Fort Worth-Arlington, TX","48","Texas","439","Tarrant","32.6647575","-97.337905"
"01/22/2023","AQS","484391053","2","5","ug/m3 LC","28","Fort Worth California Parkway North","1","100.0000","88101","PM2.5 - Local Conditions","209","Met One BAM-1022 Mass Monitor w/ VSCC or TE-PM2.5C","19100","Dallas-Fort Worth-Arlington, TX","48","Texas","439","Tarrant","32.6647575","-97.337905"
"01/23/2023","AQS","484391053","2","9","ug/m3 LC","50","Fort Worth California Parkway North","1","100.0000","88101","PM2.5 - Local Conditions","209","Met One BAM-1022 Mass Monitor w/ VSCC or TE-PM2.5C","19100","Dallas-Fort Worth-Arlington, TX","48","Texas","439","Tarrant","32.6647575","-97.337905"
"01/24/2023","AQS","484391053","2","4","ug/m3 LC","22","Fort Worth California Parkway North","1","100.0000","88101","PM2.5 - Local Conditions","209","Met One BAM-1022 Mass Monitor w/ VSCC or TE-PM2.5C","19100","Dallas-Fort Worth-Arlington, TX","48","Texas","439","Tarrant","32.6647575","-97.337905"
"01/25/2023","AQS","484391053","2","6.1","ug/m3 LC","34","Fort Worth California Parkway North","1","100.0000","88101","PM2.5 - Local Conditions","209","Met One BAM-1022 Mass Monitor w/ VSCC or TE-PM2.5C","19100","Dallas-Fort Worth-Arlington, TX","48","Texas","439","Tarrant","32.6647575","-97.337905"
"01/26/2023","AQS","484391053","2","4.9","ug/m3 LC","27","Fort Worth California Parkway North","1","100.0000","88101","PM2.5 - Local Conditions","209","Met One BAM-1022 Mass Monitor w/ VSCC or TE-PM2.5C","19100","Dallas-Fort Worth-Arlington, TX","48","Texas","439","Tarrant","32.6647575","-97.337905"
"01/27/2023","AQS","484391053","2","4.3","ug/m3 LC","24","Fort Worth California Parkway North","1","100.0000","88101","PM2.5 - Local Conditions","209","Met One BAM-1022 Mass Monitor w/ VSCC or TE-PM2.5C","19100","Dallas-Fort Worth-Arlington, TX","48","Texas","439","Tarrant","32.6647575","-97.337905"
"01/28/2023","AQS","484391053","2","5.8","ug/m3 LC","32","Fort Worth California Parkway North","1","100.0000","88101","PM2.5 - Local Conditions","209","Met One BAM-1022 Mass Monitor w/ VSCC or TE-PM2.5C","19100","Dallas-Fort Worth-Arlington, TX","48","Texas","439","Tarrant","32.6647575","-97.337905"
"01/29/2023","AQS","484391053","2","7","ug/m3 LC","39","Fort Worth California Parkway North","1","100.0000","88101","PM2.5 - Local Conditions","209","Met One BAM-1022 Mass Monitor w/ VSCC or TE-PM2.5C","19100","Dallas-Fort Worth-Arlington, TX","48","Texas","439","Tarrant","32.6647575","-97.337905"
"01/30/2023","AQS","484391053","2","4.7","ug/m3 LC","26","Fort Worth California Parkway North","1","100.0000","88101","PM2.5 - Local Conditions","209","Met One BAM-1022 Mass Monitor w/ VSCC or TE-PM2.5C","19100","Dallas-Fort Worth-Arlington, TX","48","Texas","439","Tarrant","32.6647575","-97.337905"
"01/31/2023","AQS","484391053","2","4.5","ug/m3 LC","25","Fort Worth California Parkway North","1","100.0000","88101","PM2.5 - Local Conditions","209","Met One BAM-1022 Mass Monitor w/ VSCC or TE-PM2.5C","19100","Dallas-Fort Worth-Arlington, TX","48","Texas","439","Tarrant","32.6647575","-97.337905"
"02/01/2023","AQS","484391053","2","5.5","ug/m3 LC","31","Fort Worth California Parkway North","1","100.0000","88101","PM2.5 - Local Conditions","209","Met One BAM-1022 Mass Monitor w/ VSCC or TE-PM2.5C","19100","Dallas-Fort Worth-Arlington, TX","48","Texas","439","Tarrant","32.6647575","-97.337905"
"02/02/2023","AQS","484391053","2","9.2","ug/m3 LC","51","Fort Worth California Parkway North","1","100.0000","88101","PM2.5 - Local Conditions","209","Met One BAM-1022 Mass Monitor w/ VSCC or TE-PM2.5C","19100","Dallas-Fort Worth-Arlington, TX","48","Texas","439","Tarrant","32.6647575","-97.337905"
"02/03/2023","AQS","484391053","2","15.2","ug/m3 LC","62","Fort Worth California Parkway North","1","100.0000","88101","PM2.5 - Local Conditions","209","Met One BAM-1022 Mass Monitor w/ VSCC or TE-PM2.5C","19100","Dallas-Fort Worth-Arlington, TX","48","Texas","439","Tarrant","32.6647575","-97.337905"
"02/04/2023","AQS","484391053","2","12.2","ug/m3 LC","57","Fort Worth California Parkway North","1","100.0000","88101","PM2.5 - Local Conditions","209","Met One BAM-1022 Mass Monitor w/ VSCC or TE-PM2.5C","19100","Dallas-Fort Worth-Arlington, TX","48","Texas","439","Tarrant","32.6647575","-97.337905"
"02/05/2023","AQS","484391053","2","5.5","ug/m3 LC","31","Fort Worth California Parkway North","1","100.0000","88101","PM2.5 - Local Conditions","209","Met One BAM-1022 Mass Monitor w/ VSCC or TE-PM2.5C","19100","Dallas-Fort Worth-Arlington, TX","48","Texas","439","Tarrant","32.6647575","-97.337905"
"02/06/2023","AQS","484391053","2","6.1","ug/m3 LC","34","Fort Worth California Parkway North","1","100.0000","88101","PM2.5 - Local Conditions","209","Met One BAM-1022 Mass Monitor w/ VSCC or TE-PM2.5C","19100","Dallas-Fort Worth-Arlington, TX","48","Texas","439","Tarrant","32.6647575","-97.337905"
"02/07/2023","AQS","484391053","2","4.8","ug/m3 LC","27","Fort Worth California Parkway North","1","100.0000","88101","PM2.5 - Local Conditions","209","Met One BAM-1022 Mass Monitor w/ VSCC or TE-PM2.5C","19100","Dallas-Fort Worth-Arlington, TX","48","Texas","439","Tarrant","32.6647575","-97.337905"
"02/08/2023","AQS","484391053","2","2.7","ug/m3 LC","15","Fort Worth California Parkway North","1","100.0000","88101","PM2.5 - Local Conditions","209","Met One BAM-1022 Mass Monitor w/ VSCC or TE-PM2.5C","19100","Dallas-Fort Worth-Arlington, TX","48","Texas","439","Tarrant","32.6647575","-97.337905"
"02/09/2023","AQS","484391053","2","6.7","ug/m3 LC","37","Fort Worth California Parkway North","1","100.0000","88101","PM2.5 - Local Conditions","209","Met One BAM-1022 Mass Monitor w/ VSCC or TE-PM2.5C","19100","Dallas-Fort Worth-Arlington, TX","48","Texas","439","Tarrant","32.6647575","-97.337905"
"02/10/2023","AQS","484391053","2","3.2","ug/m3 LC","18","Fort Worth California Parkway North","1","100.0000","88101","PM2.5 - Local Conditions","209","Met One BAM-1022 Mass Monitor w/ VSCC or TE-PM2.5C","19100","Dallas-Fort Worth-Arlington, TX","48","Texas","439","Tarrant","32.6647575","-97.337905"
"02/11/2023","AQS","484391053","2","7.9","ug/m3 LC","44","Fort Worth California Parkway North","1","100.0000","88101","PM2.5 - Local Conditions","209","Met One BAM-1022 Mass Monitor w/ VSCC or TE-PM2.5C","19100","Dallas-Fort Worth-Arlington, TX","48","Texas","439","Tarrant","32.6647575","-97.337905"
"02/12/2023","AQS","484391053","2","5.9","ug/m3 LC","33","Fort Worth California Parkway North","1","100.0000","88101","PM2.5 - Local Conditions","209","Met One BAM-1022 Mass Monitor w/ VSCC or TE-PM2.5C","19100","Dallas-Fort Worth-Arlington, TX","48","Texas","439","Tarrant","32.6647575","-97.337905"
"02/13/2023","AQS","484391053","2","4.6","ug/m3 LC","26","Fort Worth California Parkway North","1","100.0000","88101","PM2.5 - Local Conditions","209","Met One BAM-1022 Mass Monitor w/ VSCC or TE-PM2.5C","19100","Dallas-Fort Worth-Arlington, TX","48","Texas","439","Tarrant","32.6647575","-97.337905"
"02/14/2023","AQS","484391053","2","3","ug/m3 LC","17","Fort Worth California Parkway North","1","100.0000","88101","PM2.5 - Local Conditions","209","Met One BAM-1022 Mass Monitor w/ VSCC or TE-PM2.5C","19100","Dallas-Fort Worth-Arlington, TX","48","Texas","439","Tarrant","32.6647575","-97.337905"
"02/16/2023","AQS","484391053","2","2","ug/m3 LC","11","Fort Worth California Parkway North","1","100.0000","88101","PM2.5 - Local Conditions","209","Met One BAM-1022 Mass Monitor w/ VSCC or TE-PM2.5C","19100","Dallas-Fort Worth-Arlington, TX","48","Texas","439","Tarrant","32.6647575","-97.337905"
"02/21/2023","AQS","484391053","2","6.4","ug/m3 LC","36","Fort Worth California Parkway North","1","100.0000","88101","PM2.5 - Local Conditions","209","Met One BAM-1022 Mass Monitor w/ VSCC or TE-PM2.5C","19100","Dallas-Fort Worth-Arlington, TX","48","Texas","439","Tarrant","32.6647575","-97.337905"
"02/22/2023","AQS","484391053","2","5.7","ug/m3 LC","32","Fort Worth California Parkway North","1","100.0000","88101","PM2.5 - Local Conditions","209","Met One BAM-1022 Mass Monitor w/ VSCC or TE-PM2.5C","19100","Dallas-Fort Worth-Arlington, TX","48","Texas","439","Tarrant","32.6647575","-97.337905"
"02/23/2023","AQS","484391053","2","6.1","ug/m3 LC","34","Fort Worth California Parkway North","1","100.0000","88101","PM2.5 - Local Conditions","209","Met One BAM-1022 Mass Monitor w/ VSCC or TE-PM2.5C","19100","Dallas-Fort Worth-Arlington, TX","48","Texas","439","Tarrant","32.6647575","-97.337905"
"02/24/2023","AQS","484391053","2","5.1","ug/m3 LC","28","Fort Worth California Parkway North","1","100.0000","88101","PM2.5 - Local Conditions","209","Met One BAM-1022 Mass Monitor w/ VSCC or TE-PM2.5C","19100","Dallas-Fort Worth-Arlington, TX","48","Texas","439","Tarrant","32.6647575","-97.337905"
"02/25/2023","AQS","484391053","2","15","ug/m3 LC","62","Fort Worth California Parkway North","1","100.0000","88101","PM2.5 - Local Conditions","209","Met One BAM-1022 Mass Monitor w/ VSCC or TE-PM2.5C","19100","Dallas-Fort Worth-Arlington, TX","48","Texas","439","Tarrant","32.6647575","-97.337905"
"02/26/2023","AQS","484391053","2","21.5","ug/m3 LC","74","Fort Worth California Parkway North","1","100.0000","88101","PM2.5 - Local Conditions","209","Met One BAM-1022 Mass Monitor w/ VSCC or TE-PM2.5C","19100","Dallas-Fort Worth-Arlington, TX","48","Texas","439","Tarrant","32.6647575","-97.337905"
"02/27/2023","AQS","484391053","2","38.8","ug/m3 LC","109","Fort Worth California Parkway North","1","100.0000","88101","PM2.5 - Local Conditions","209","Met One BAM-1022 Mass Monitor w/ VSCC or TE-PM2.5C","19100","Dallas-Fort Worth-Arlington, TX","48","Texas","439","Tarrant","32.6647575","-97.337905"
"02/28/2023","AQS","484391053","2","5","ug/m3 LC","28","Fort Worth California Parkway North","1","100.0000","88101","PM2.5 - Local Conditions","209","Met One BAM-1022 Mass Monitor w/ VSCC or TE-PM2.5C","19100","Dallas-Fort Worth-Arlington, TX","48","Texas","439","Tarrant","32.6647575","-97.337905"
"03/01/2023","AQS","484391053","2","11.4","ug/m3 LC","55","Fort Worth California Parkway North","1","100.0000","88101","PM2.5 - Local Conditions","209","Met One BAM-1022 Mass Monitor w/ VSCC or TE-PM2.5C","19100","Dallas-Fort Worth-Arlington, TX","48","Texas","439","Tarrant","32.6647575","-97.337905"
"03/02/2023","AQS","484391053","2","14.8","ug/m3 LC","62","Fort Worth California Parkway North","1","100.0000","88101","PM2.5 - Local Conditions","209","Met One BAM-1022 Mass Monitor w/ VSCC or TE-PM2.5C","19100","Dallas-Fort Worth-Arlington, TX","48","Texas","439","Tarrant","32.6647575","-97.337905"
"03/03/2023","AQS","484391053","2","7","ug/m3 LC","39","Fort Worth California Parkway North","1","100.0000","88101","PM2.5 - Local Conditions","209","Met One BAM-1022 Mass Monitor w/ VSCC or TE-PM2.5C","19100","Dallas-Fort Worth-Arlington, TX","48","Texas","439","Tarrant","32.6647575","-97.337905"
"03/04/2023","AQS","484391053","2","7.5","ug/m3 LC","42","Fort Worth California Parkway North","1","100.0000","88101","PM2.5 - Local Conditions","209","Met One BAM-1022 Mass Monitor w/ VSCC or TE-PM2.5C","19100","Dallas-Fort Worth-Arlington, TX","48","Texas","439","Tarrant","32.6647575","-97.337905"
"03/05/2023","AQS","484391053","2","6.4","ug/m3 LC","36","Fort Worth California Parkway North","1","100.0000","88101","PM2.5 - Local Conditions","209","Met One BAM-1022 Mass Monitor w/ VSCC or TE-PM2.5C","19100","Dallas-Fort Worth-Arlington, TX","48","Texas","439","Tarrant","32.6647575","-97.337905"
"03/06/2023","AQS","484391053","2","9.5","ug/m3 LC","52","Fort Worth California Parkway North","1","100.0000","88101","PM2.5 - Local Conditions","209","Met One BAM-1022 Mass Monitor w/ VSCC or TE-PM2.5C","19100","Dallas-Fort Worth-Arlington, TX","48","Texas","439","Tarrant","32.6647575","-97.337905"
"03/07/2023","AQS","484391053","2","16.5","ug/m3 LC","65","Fort Worth California Parkway North","1","100.0000","88101","PM2.5 - Local Conditions","209","Met One BAM-1022 Mass Monitor w/ VSCC or TE-PM2.5C","19100","Dallas-Fort Worth-Arlington, TX","48","Texas","439","Tarrant","32.6647575","-97.337905"
"03/08/2023","AQS","484391053","2","10","ug/m3 LC","53","Fort Worth California Parkway North","1","100.0000","88101","PM2.5 - Local Conditions","209","Met One BAM-1022 Mass Monitor w/ VSCC or TE-PM2.5C","19100","Dallas-Fort Worth-Arlington, TX","48","Texas","439","Tarrant","32.6647575","-97.337905"
"03/09/2023","AQS","484391053","2","13.5","ug/m3 LC","59","Fort Worth California Parkway North","1","100.0000","88101","PM2.5 - Local Conditions","209","Met One BAM-1022 Mass Monitor w/ VSCC or TE-PM2.5C","19100","Dallas-Fort Worth-Arlington, TX","48","Texas","439","Tarrant","32.6647575","-97.337905"
"03/10/2023","AQS","484391053","2","5.9","ug/m3 LC","33","Fort Worth California Parkway North","1","100.0000","88101","PM2.5 - Local Conditions","209","Met One BAM-1022 Mass Monitor w/ VSCC or TE-PM2.5C","19100","Dallas-Fort Worth-Arlington, TX","48","Texas","439","Tarrant","32.6647575","-97.337905"
"03/11/2023","AQS","484391053","2","11.7","ug/m3 LC","56","Fort Worth California Parkway North","1","100.0000","88101","PM2.5 - Local Conditions","209","Met One BAM-1022 Mass Monitor w/ VSCC or TE-PM2.5C","19100","Dallas-Fort Worth-Arlington, TX","48","Texas","439","Tarrant","32.6647575","-97.337905"
"03/12/2023","AQS","484391053","2","2.3","ug/m3 LC","13","Fort Worth California Parkway North","1","100.0000","88101","PM2.5 - Local Conditions","209","Met One BAM-1022 Mass Monitor w/ VSCC or TE-PM2.5C","19100","Dallas-Fort Worth-Arlington, TX","48","Texas","439","Tarrant","32.6647575","-97.337905"
"03/13/2023","AQS","484391053","2","3.5","ug/m3 LC","19","Fort Worth California Parkway North","1","100.0000","88101","PM2.5 - Local Conditions","209","Met One BAM-1022 Mass Monitor w/ VSCC or TE-PM2.5C","19100","Dallas-Fort Worth-Arlington, TX","48","Texas","439","Tarrant","32.6647575","-97.337905"
"03/14/2023","AQS","484391053","2","7","ug/m3 LC","39","Fort Worth California Parkway North","1","100.0000","88101","PM2.5 - Local Conditions","209","Met One BAM-1022 Mass Monitor w/ VSCC or TE-PM2.5C","19100","Dallas-Fort Worth-Arlington, TX","48","Texas","439","Tarrant","32.6647575","-97.337905"
"03/15/2023","AQS","484391053","2","10.7","ug/m3 LC","54","Fort Worth California Parkway North","1","100.0000","88101","PM2.5 - Local Conditions","209","Met One BAM-1022 Mass Monitor w/ VSCC or TE-PM2.5C","19100","Dallas-Fort Worth-Arlington, TX","48","Texas","439","Tarrant","32.6647575","-97.337905"
"03/16/2023","AQS","484391053","2","5","ug/m3 LC","28","Fort Worth California Parkway North","1","100.0000","88101","PM2.5 - Local Conditions","209","Met One BAM-1022 Mass Monitor w/ VSCC or TE-PM2.5C","19100","Dallas-Fort Worth-Arlington, TX","48","Texas","439","Tarrant","32.6647575","-97.337905"
"03/17/2023","AQS","484391053","2","3.2","ug/m3 LC","18","Fort Worth California Parkway North","1","100.0000","88101","PM2.5 - Local Conditions","209","Met One BAM-1022 Mass Monitor w/ VSCC or TE-PM2.5C","19100","Dallas-Fort Worth-Arlington, TX","48","Texas","439","Tarrant","32.6647575","-97.337905"
"03/18/2023","AQS","484391053","2","5.1","ug/m3 LC","28","Fort Worth California Parkway North","1","100.0000","88101","PM2.5 - Local Conditions","209","Met One BAM-1022 Mass Monitor w/ VSCC or TE-PM2.5C","19100","Dallas-Fort Worth-Arlington, TX","48","Texas","439","Tarrant","32.6647575","-97.337905"
"03/19/2023","AQS","484391053","2","7.9","ug/m3 LC","44","Fort Worth California Parkway North","1","100.0000","88101","PM2.5 - Local Conditions","209","Met One BAM-1022 Mass Monitor w/ VSCC or TE-PM2.5C","19100","Dallas-Fort Worth-Arlington, TX","48","Texas","439","Tarrant","32.6647575","-97.337905"
"03/20/2023","AQS","484391053","2","7.9","ug/m3 LC","44","Fort Worth California Parkway North","1","100.0000","88101","PM2.5 - Local Conditions","209","Met One BAM-1022 Mass Monitor w/ VSCC or TE-PM2.5C","19100","Dallas-Fort Worth-Arlington, TX","48","Texas","439","Tarrant","32.6647575","-97.337905"
"03/21/2023","AQS","484391053","2","5","ug/m3 LC","28","Fort Worth California Parkway North","1","100.0000","88101","PM2.5 - Local Conditions","209","Met One BAM-1022 Mass Monitor w/ VSCC or TE-PM2.5C","19100","Dallas-Fort Worth-Arlington, TX","48","Texas","439","Tarrant","32.6647575","-97.337905"
"03/22/2023","AQS","484391053","2","6.6","ug/m3 LC","37","Fort Worth California Parkway North","1","100.0000","88101","PM2.5 - Local Conditions","209","Met One BAM-1022 Mass Monitor w/ VSCC or TE-PM2.5C","19100","Dallas-Fort Worth-Arlington, TX","48","Texas","439","Tarrant","32.6647575","-97.337905"
"03/23/2023","AQS","484391053","2","9.4","ug/m3 LC","52","Fort Worth California Parkway North","1","100.0000","88101","PM2.5 - Local Conditions","209","Met One BAM-1022 Mass Monitor w/ VSCC or TE-PM2.5C","19100","Dallas-Fort Worth-Arlington, TX","48","Texas","439","Tarrant","32.6647575","-97.337905"
"03/24/2023","AQS","484391053","2","5.8","ug/m3 LC","32","Fort Worth California Parkway North","1","100.0000","88101","PM2.5 - Local Conditions","209","Met One BAM-1022 Mass Monitor w/ VSCC or TE-PM2.5C","19100","Dallas-Fort Worth-Arlington, TX","48","Texas","439","Tarrant","32.6647575","-97.337905"
"03/25/2023","AQS","484391053","2","14.3","ug/m3 LC","61","Fort Worth California Parkway North","1","100.0000","88101","PM2.5 - Local Conditions","209","Met One BAM-1022 Mass Monitor w/ VSCC or TE-PM2.5C","19100","Dallas-Fort Worth-Arlington, TX","48","Texas","439","Tarrant","32.6647575","-97.337905"
"03/26/2023","AQS","484391053","2","10.5","ug/m3 LC","54","Fort Worth California Parkway North","1","100.0000","88101","PM2.5 - Local Conditions","209","Met One BAM-1022 Mass Monitor w/ VSCC or TE-PM2.5C","19100","Dallas-Fort Worth-Arlington, TX","48","Texas","439","Tarrant","32.6647575","-97.337905"
"03/27/2023","AQS","484391053","2","7.5","ug/m3 LC","42","Fort Worth California Parkway North","1","100.0000","88101","PM2.5 - Local Conditions","209","Met One BAM-1022 Mass Monitor w/ VSCC or TE-PM2.5C","19100","Dallas-Fort Worth-Arlington, TX","48","Texas","439","Tarrant","32.6647575","-97.337905"
"03/28/2023","AQS","484391053","2","7.6","ug/m3 LC","42","Fort Worth California Parkway North","1","100.0000","88101","PM2.5 - Local Conditions","209","Met One BAM-1022 Mass Monitor w/ VSCC or TE-PM2.5C","19100","Dallas-Fort Worth-Arlington, TX","48","Texas","439","Tarrant","32.6647575","-97.337905"
"03/29/2023","AQS","484391053","2","12.7","ug/m3 LC","58","Fort Worth California Parkway North","1","100.0000","88101","PM2.5 - Local Conditions","209","Met One BAM-1022 Mass Monitor w/ VSCC or TE-PM2.5C","19100","Dallas-Fort Worth-Arlington, TX","48","Texas","439","Tarrant","32.6647575","-97.337905"
"03/30/2023","AQS","484391053","2","11.8","ug/m3 LC","56","Fort Worth California Parkway North","1","100.0000","88101","PM2.5 - Local Conditions","209","Met One BAM-1022 Mass Monitor w/ VSCC or TE-PM2.5C","19100","Dallas-Fort Worth-Arlington, TX","48","Texas","439","Tarrant","32.6647575","-97.337905"
"03/31/2023","AQS","484391053","2","11","ug/m3 LC","55","Fort Worth California Parkway North","1","100.0000","88101","PM2.5 - Local Conditions","209","Met One BAM-1022 Mass Monitor w/ VSCC or TE-PM2.5C","19100","Dallas-Fort Worth-Arlington, TX","48","Texas","439","Tarrant","32.6647575","-97.337905"
"04/01/2023","AQS","484391053","2","6.9","ug/m3 LC","38","Fort Worth California Parkway North","1","100.0000","88101","PM2.5 - Local Conditions","209","Met One BAM-1022 Mass Monitor w/ VSCC or TE-PM2.5C","19100","Dallas-Fort Worth-Arlington, TX","48","Texas","439","Tarrant","32.6647575","-97.337905"
"04/02/2023","AQS","484391053","2","10.7","ug/m3 LC","54","Fort Worth California Parkway North","1","100.0000","88101","PM2.5 - Local Conditions","209","Met One BAM-1022 Mass Monitor w/ VSCC or TE-PM2.5C","19100","Dallas-Fort Worth-Arlington, TX","48","Texas","439","Tarrant","32.6647575","-97.337905"
"04/03/2023","AQS","484391053","2","13.9","ug/m3 LC","60","Fort Worth California Parkway North","1","100.0000","88101","PM2.5 - Local Conditions","209","Met One BAM-1022 Mass Monitor w/ VSCC or TE-PM2.5C","19100","Dallas-Fort Worth-Arlington, TX","48","Texas","439","Tarrant","32.6647575","-97.337905"
"04/04/2023","AQS","484391053","2","19","ug/m3 LC","69","Fort Worth California Parkway North","1","100.0000","88101","PM2.5 - Local Conditions","209","Met One BAM-1022 Mass Monitor w/ VSCC or TE-PM2.5C","19100","Dallas-Fort Worth-Arlington, TX","48","Texas","439","Tarrant","32.6647575","-97.337905"
"04/05/2023","AQS","484391053","2","7","ug/m3 LC","39","Fort Worth California Parkway North","1","100.0000","88101","PM2.5 - Local Conditions","209","Met One BAM-1022 Mass Monitor w/ VSCC or TE-PM2.5C","19100","Dallas-Fort Worth-Arlington, TX","48","Texas","439","Tarrant","32.6647575","-97.337905"
"04/06/2023","AQS","484391053","2","3.2","ug/m3 LC","18","Fort Worth California Parkway North","1","100.0000","88101","PM2.5 - Local Conditions","209","Met One BAM-1022 Mass Monitor w/ VSCC or TE-PM2.5C","19100","Dallas-Fort Worth-Arlington, TX","48","Texas","439","Tarrant","32.6647575","-97.337905"
"04/07/2023","AQS","484391053","2","5","ug/m3 LC","28","Fort Worth California Parkway North","1","100.0000","88101","PM2.5 - Local Conditions","209","Met One BAM-1022 Mass Monitor w/ VSCC or TE-PM2.5C","19100","Dallas-Fort Worth-Arlington, TX","48","Texas","439","Tarrant","32.6647575","-97.337905"
"04/08/2023","AQS","484391053","2","7.1","ug/m3 LC","39","Fort Worth California Parkway North","1","100.0000","88101","PM2.5 - Local Conditions","209","Met One BAM-1022 Mass Monitor w/ VSCC or TE-PM2.5C","19100","Dallas-Fort Worth-Arlington, TX","48","Texas","439","Tarrant","32.6647575","-97.337905"
"04/11/2023","AQS","484391053","2","6.3","ug/m3 LC","35","Fort Worth California Parkway North","1","100.0000","88101","PM2.5 - Local Conditions","209","Met One BAM-1022 Mass Monitor w/ VSCC or TE-PM2.5C","19100","Dallas-Fort Worth-Arlington, TX","48","Texas","439","Tarrant","32.6647575","-97.337905"
"04/12/2023","AQS","484391053","2","7.5","ug/m3 LC","42","Fort Worth California Parkway North","1","100.0000","88101","PM2.5 - Local Conditions","209","Met One BAM-1022 Mass Monitor w/ VSCC or TE-PM2.5C","19100","Dallas-Fort Worth-Arlington, TX","48","Texas","439","Tarrant","32.6647575","-97.337905"
"04/13/2023","AQS","484391053","2","6.7","ug/m3 LC","37","Fort Worth California Parkway North","1","100.0000","88101","PM2.5 - Local Conditions","209","Met One BAM-1022 Mass Monitor w/ VSCC or TE-PM2.5C","19100","Dallas-Fort Worth-Arlington, TX","48","Texas","439","Tarrant","32.6647575","-97.337905"
"04/14/2023","AQS","484391053","2","5.9","ug/m3 LC","33","Fort Worth California Parkway North","1","100.0000","88101","PM2.5 - Local Conditions","209","Met One BAM-1022 Mass Monitor w/ VSCC or TE-PM2.5C","19100","Dallas-Fort Worth-Arlington, TX","48","Texas","439","Tarrant","32.6647575","-97.337905"
"04/15/2023","AQS","484391053","2","5.2","ug/m3 LC","29","Fort Worth California Parkway North","1","100.0000","88101","PM2.5 - Local Conditions","209","Met One BAM-1022 Mass Monitor w/ VSCC or TE-PM2.5C","19100","Dallas-Fort Worth-Arlington, TX","48","Texas","439","Tarrant","32.6647575","-97.337905"
"04/16/2023","AQS","484391053","2","3.8","ug/m3 LC","21","Fort Worth California Parkway North","1","100.0000","88101","PM2.5 - Local Conditions","209","Met One BAM-1022 Mass Monitor w/ VSCC or TE-PM2.5C","19100","Dallas-Fort Worth-Arlington, TX","48","Texas","439","Tarrant","32.6647575","-97.337905"
"04/17/2023","AQS","484391053","2","6.1","ug/m3 LC","34","Fort Worth California Parkway North","1","100.0000","88101","PM2.5 - Local Conditions","209","Met One BAM-1022 Mass Monitor w/ VSCC or TE-PM2.5C","19100","Dallas-Fort Worth-Arlington, TX","48","Texas","439","Tarrant","32.6647575","-97.337905"
"04/18/2023","AQS","484391053","2","8.2","ug/m3 LC","46","Fort Worth California Parkway North","1","100.0000","88101","PM2.5 - Local Conditions","209","Met One BAM-1022 Mass Monitor w/ VSCC or TE-PM2.5C","19100","Dallas-Fort Worth-Arlington, TX","48","Texas","439","Tarrant","32.6647575","-97.337905"
"04/19/2023","AQS","484391053","2","8.1","ug/m3 LC","45","Fort Worth California Parkway North","1","100.0000","88101","PM2.5 - Local Conditions","209","Met One BAM-1022 Mass Monitor w/ VSCC or TE-PM2.5C","19100","Dallas-Fort Worth-Arlington, TX","48","Texas","439","Tarrant","32.6647575","-97.337905"
"04/20/2023","AQS","484391053","2","16.3","ug/m3 LC","64","Fort Worth California Parkway North","1","100.0000","88101","PM2.5 - Local Conditions","209","Met One BAM-1022 Mass Monitor w/ VSCC or TE-PM2.5C","19100","Dallas-Fort Worth-Arlington, TX","48","Texas","439","Tarrant","32.6647575","-97.337905"
"04/21/2023","AQS","484391053","2","7.7","ug/m3 LC","43","Fort Worth California Parkway North","1","100.0000","88101","PM2.5 - Local Conditions","209","Met One BAM-1022 Mass Monitor w/ VSCC or TE-PM2.5C","19100","Dallas-Fort Worth-Arlington, TX","48","Texas","439","Tarrant","32.6647575","-97.337905"
"04/22/2023","AQS","484391053","2","6","ug/m3 LC","33","Fort Worth California Parkway North","1","100.0000","88101","PM2.5 - Local Conditions","209","Met One BAM-1022 Mass Monitor w/ VSCC or TE-PM2.5C","19100","Dallas-Fort Worth-Arlington, TX","48","Texas","439","Tarrant","32.6647575","-97.337905"
"04/23/2023","AQS","484391053","2","3.5","ug/m3 LC","19","Fort Worth California Parkway North","1","100.0000","88101","PM2.5 - Local Conditions","209","Met One BAM-1022 Mass Monitor w/ VSCC or TE-PM2.5C","19100","Dallas-Fort Worth-Arlington, TX","48","Texas","439","Tarrant","32.6647575","-97.337905"
"04/24/2023","AQS","484391053","2","6.5","ug/m3 LC","36","Fort Worth California Parkway North","1","100.0000","88101","PM2.5 - Local Conditions","209","Met One BAM-1022 Mass Monitor w/ VSCC or TE-PM2.5C","19100","Dallas-Fort Worth-Arlington, TX","48","Texas","439","Tarrant","32.6647575","-97.337905"
"04/25/2023","AQS","484391053","2","9","ug/m3 LC","50","Fort Worth California Parkway North","1","100.0000","88101","PM2.5 - Local Conditions","209","Met One BAM-1022 Mass Monitor w/ VSCC or TE-PM2.5C","19100","Dallas-Fort Worth-Arlington, TX","48","Texas","439","Tarrant","32.6647575","-97.337905"
"04/26/2023","AQS","484391053","2","6.5","ug/m3 LC","36","Fort Worth California Parkway North","1","100.0000","88101","PM2.5 - Local Conditions","209","Met One BAM-1022 Mass Monitor w/ VSCC or TE-PM2.5C","19100","Dallas-Fort Worth-Arlington, TX","48","Texas","439","Tarrant","32.6647575","-97.337905"
"04/27/2023","AQS","484391053","2","3.1","ug/m3 LC","17","Fort Worth California Parkway North","1","100.0000","88101","PM2.5 - Local Conditions","209","Met One BAM-1022 Mass Monitor w/ VSCC or TE-PM2.5C","19100","Dallas-Fort Worth-Arlington, TX","48","Texas","439","Tarrant","32.6647575","-97.337905"
"04/28/2023","AQS","484391053","2","4.3","ug/m3 LC","24","Fort Worth California Parkway North","1","100.0000","88101","PM2.5 - Local Conditions","209","Met One BAM-1022 Mass Monitor w/ VSCC or TE-PM2.5C","19100","Dallas-Fort Worth-Arlington, TX","48","Texas","439","Tarrant","32.6647575","-97.337905"
"04/29/2023","AQS","484391053","2","1.8","ug/m3 LC","10","Fort Worth California Parkway North","1","100.0000","88101","PM2.5 - Local Conditions","209","Met One BAM-1022 Mass Monitor w/ VSCC or TE-PM2.5C","19100","Dallas-Fort Worth-Arlington, TX","48","Texas","439","Tarrant","32.6647575","-97.337905"
"04/30/2023","AQS","484391053","2","4","ug/m3 LC","22","Fort Worth California Parkway North","1","100.0000","88101","PM2.5 - Local Conditions","209","Met One BAM-1022 Mass Monitor w/ VSCC or TE-PM2.5C","19100","Dallas-Fort Worth-Arlington, TX","48","Texas","439","Tarrant","32.6647575","-97.337905"
"05/01/2023","AQS","484391053","2","3.6","ug/m3 LC","20","Fort Worth California Parkway North","1","100.0000","88101","PM2.5 - Local Conditions","209","Met One BAM-1022 Mass Monitor w/ VSCC or TE-PM2.5C","19100","Dallas-Fort Worth-Arlington, TX","48","Texas","439","Tarrant","32.6647575","-97.337905"
"05/02/2023","AQS","484391053","2","9.3","ug/m3 LC","51","Fort Worth California Parkway North","1","100.0000","88101","PM2.5 - Local Conditions","209","Met One BAM-1022 Mass Monitor w/ VSCC or TE-PM2.5C","19100","Dallas-Fort Worth-Arlington, TX","48","Texas","439","Tarrant","32.6647575","-97.337905"
"05/03/2023","AQS","484391053","2","9.9","ug/m3 LC","52","Fort Worth California Parkway North","1","100.0000","88101","PM2.5 - Local Conditions","209","Met One BAM-1022 Mass Monitor w/ VSCC or TE-PM2.5C","19100","Dallas-Fort Worth-Arlington, TX","48","Texas","439","Tarrant","32.6647575","-97.337905"
"05/04/2023","AQS","484391053","2","10.7","ug/m3 LC","54","Fort Worth California Parkway North","1","100.0000","88101","PM2.5 - Local Conditions","209","Met One BAM-1022 Mass Monitor w/ VSCC or TE-PM2.5C","19100","Dallas-Fort Worth-Arlington, TX","48","Texas","439","Tarrant","32.6647575","-97.337905"
"05/05/2023","AQS","484391053","2","11.5","ug/m3 LC","55","Fort Worth California Parkway North","1","100.0000","88101","PM2.5 - Local Conditions","209","Met One BAM-1022 Mass Monitor w/ VSCC or TE-PM2.5C","19100","Dallas-Fort Worth-Arlington, TX","48","Texas","439","Tarrant","32.6647575","-97.337905"
"05/06/2023","AQS","484391053","2","13.3","ug/m3 LC","59","Fort Worth California Parkway North","1","100.0000","88101","PM2.5 - Local Conditions","209","Met One BAM-1022 Mass Monitor w/ VSCC or TE-PM2.5C","19100","Dallas-Fort Worth-Arlington, TX","48","Texas","439","Tarrant","32.6647575","-97.337905"
"05/07/2023","AQS","484391053","2","10.2","ug/m3 LC","53","Fort Worth California Parkway North","1","100.0000","88101","PM2.5 - Local Conditions","209","Met One BAM-1022 Mass Monitor w/ VSCC or TE-PM2.5C","19100","Dallas-Fort Worth-Arlington, TX","48","Texas","439","Tarrant","32.6647575","-97.337905"
"05/08/2023","AQS","484391053","2","12.9","ug/m3 LC","58","Fort Worth California Parkway North","1","100.0000","88101","PM2.5 - Local Conditions","209","Met One BAM-1022 Mass Monitor w/ VSCC or TE-PM2.5C","19100","Dallas-Fort Worth-Arlington, TX","48","Texas","439","Tarrant","32.6647575","-97.337905"
"05/09/2023","AQS","484391053","2","12.7","ug/m3 LC","58","Fort Worth California Parkway North","1","100.0000","88101","PM2.5 - Local Conditions","209","Met One BAM-1022 Mass Monitor w/ VSCC or TE-PM2.5C","19100","Dallas-Fort Worth-Arlington, TX","48","Texas","439","Tarrant","32.6647575","-97.337905"
"05/10/2023","AQS","484391053","2","7.4","ug/m3 LC","41","Fort Worth California Parkway North","1","100.0000","88101","PM2.5 - Local Conditions","209","Met One BAM-1022 Mass Monitor w/ VSCC or TE-PM2.5C","19100","Dallas-Fort Worth-Arlington, TX","48","Texas","439","Tarrant","32.6647575","-97.337905"
"05/11/2023","AQS","484391053","2","17","ug/m3 LC","66","Fort Worth California Parkway North","1","100.0000","88101","PM2.5 - Local Conditions","209","Met One BAM-1022 Mass Monitor w/ VSCC or TE-PM2.5C","19100","Dallas-Fort Worth-Arlington, TX","48","Texas","439","Tarrant","32.6647575","-97.337905"
"05/12/2023","AQS","484391053","2","21.3","ug/m3 LC","74","Fort Worth California Parkway North","1","100.0000","88101","PM2.5 - Local Conditions","209","Met One BAM-1022 Mass Monitor w/ VSCC or TE-PM2.5C","19100","Dallas-Fort Worth-Arlington, TX","48","Texas","439","Tarrant","32.6647575","-97.337905"
"05/13/2023","AQS","484391053","2","5","ug/m3 LC","28","Fort Worth California Parkway North","1","100.0000","88101","PM2.5 - Local Conditions","209","Met One BAM-1022 Mass Monitor w/ VSCC or TE-PM2.5C","19100","Dallas-Fort Worth-Arlington, TX","48","Texas","439","Tarrant","32.6647575","-97.337905"
"05/14/2023","AQS","484391053","2","7","ug/m3 LC","39","Fort Worth California Parkway North","1","100.0000","88101","PM2.5 - Local Conditions","209","Met One BAM-1022 Mass Monitor w/ VSCC or TE-PM2.5C","19100","Dallas-Fort Worth-Arlington, TX","48","Texas","439","Tarrant","32.6647575","-97.337905"
"05/15/2023","AQS","484391053","2","6.4","ug/m3 LC","36","Fort Worth California Parkway North","1","100.0000","88101","PM2.5 - Local Conditions","209","Met One BAM-1022 Mass Monitor w/ VSCC or TE-PM2.5C","19100","Dallas-Fort Worth-Arlington, TX","48","Texas","439","Tarrant","32.6647575","-97.337905"
"05/16/2023","AQS","484391053","2","3.1","ug/m3 LC","17","Fort Worth California Parkway North","1","100.0000","88101","PM2.5 - Local Conditions","209","Met One BAM-1022 Mass Monitor w/ VSCC or TE-PM2.5C","19100","Dallas-Fort Worth-Arlington, TX","48","Texas","439","Tarrant","32.6647575","-97.337905"
"05/17/2023","AQS","484391053","2","6.5","ug/m3 LC","36","Fort Worth California Parkway North","1","100.0000","88101","PM2.5 - Local Conditions","209","Met One BAM-1022 Mass Monitor w/ VSCC or TE-PM2.5C","19100","Dallas-Fort Worth-Arlington, TX","48","Texas","439","Tarrant","32.6647575","-97.337905"
"05/18/2023","AQS","484391053","2","8","ug/m3 LC","44","Fort Worth California Parkway North","1","100.0000","88101","PM2.5 - Local Conditions","209","Met One BAM-1022 Mass Monitor w/ VSCC or TE-PM2.5C","19100","Dallas-Fort Worth-Arlington, TX","48","Texas","439","Tarrant","32.6647575","-97.337905"
"05/19/2023","AQS","484391053","2","7.3","ug/m3 LC","41","Fort Worth California Parkway North","1","100.0000","88101","PM2.5 - Local Conditions","209","Met One BAM-1022 Mass Monitor w/ VSCC or TE-PM2.5C","19100","Dallas-Fort Worth-Arlington, TX","48","Texas","439","Tarrant","32.6647575","-97.337905"
"05/20/2023","AQS","484391053","2","20.7","ug/m3 LC","73","Fort Worth California Parkway North","1","100.0000","88101","PM2.5 - Local Conditions","209","Met One BAM-1022 Mass Monitor w/ VSCC or TE-PM2.5C","19100","Dallas-Fort Worth-Arlington, TX","48","Texas","439","Tarrant","32.6647575","-97.337905"
"05/21/2023","AQS","484391053","2","16.4","ug/m3 LC","65","Fort Worth California Parkway North","1","100.0000","88101","PM2.5 - Local Conditions","209","Met One BAM-1022 Mass Monitor w/ VSCC or TE-PM2.5C","19100","Dallas-Fort Worth-Arlington, TX","48","Texas","439","Tarrant","32.6647575","-97.337905"
"05/22/2023","AQS","484391053","2","19.8","ug/m3 LC","71","Fort Worth California Parkway North","1","100.0000","88101","PM2.5 - Local Conditions","209","Met One BAM-1022 Mass Monitor w/ VSCC or TE-PM2.5C","19100","Dallas-Fort Worth-Arlington, TX","48","Texas","439","Tarrant","32.6647575","-97.337905"
"05/23/2023","AQS","484391053","2","19.3","ug/m3 LC","70","Fort Worth California Parkway North","1","100.0000","88101","PM2.5 - Local Conditions","209","Met One BAM-1022 Mass Monitor w/ VSCC or TE-PM2.5C","19100","Dallas-Fort Worth-Arlington, TX","48","Texas","439","Tarrant","32.6647575","-97.337905"
"05/24/2023","AQS","484391053","2","15.8","ug/m3 LC","63","Fort Worth California Parkway North","1","100.0000","88101","PM2.5 - Local Conditions","209","Met One BAM-1022 Mass Monitor w/ VSCC or TE-PM2.5C","19100","Dallas-Fort Worth-Arlington, TX","48","Texas","439","Tarrant","32.6647575","-97.337905"
"05/25/2023","AQS","484391053","2","11.4","ug/m3 LC","55","Fort Worth California Parkway North","1","100.0000","88101","PM2.5 - Local Conditions","209","Met One BAM-1022 Mass Monitor w/ VSCC or TE-PM2.5C","19100","Dallas-Fort Worth-Arlington, TX","48","Texas","439","Tarrant","32.6647575","-97.337905"
"05/31/2023","AQS","484391053","2","10.4","ug/m3 LC","53","Fort Worth California Parkway North","1","100.0000","88101","PM2.5 - Local Conditions","209","Met One BAM-1022 Mass Monitor w/ VSCC or TE-PM2.5C","19100","Dallas-Fort Worth-Arlington, TX","48","Texas","439","Tarrant","32.6647575","-97.337905"
"06/01/2023","AQS","484391053","2","12.5","ug/m3 LC","57","Fort Worth California Parkway North","1","100.0000","88101","PM2.5 - Local Conditions","209","Met One BAM-1022 Mass Monitor w/ VSCC or TE-PM2.5C","19100","Dallas-Fort Worth-Arlington, TX","48","Texas","439","Tarrant","32.6647575","-97.337905"
"06/02/2023","AQS","484391053","2","13.4","ug/m3 LC","59","Fort Worth California Parkway North","1","100.0000","88101","PM2.5 - Local Conditions","209","Met One BAM-1022 Mass Monitor w/ VSCC or TE-PM2.5C","19100","Dallas-Fort Worth-Arlington, TX","48","Texas","439","Tarrant","32.6647575","-97.337905"
"06/03/2023","AQS","484391053","2","4.4","ug/m3 LC","24","Fort Worth California Parkway North","1","100.0000","88101","PM2.5 - Local Conditions","209","Met One BAM-1022 Mass Monitor w/ VSCC or TE-PM2.5C","19100","Dallas-Fort Worth-Arlington, TX","48","Texas","439","Tarrant","32.6647575","-97.337905"
"06/04/2023","AQS","484391053","2","6.4","ug/m3 LC","36","Fort Worth California Parkway North","1","100.0000","88101","PM2.5 - Local Conditions","209","Met One BAM-1022 Mass Monitor w/ VSCC or TE-PM2.5C","19100","Dallas-Fort Worth-Arlington, TX","48","Texas","439","Tarrant","32.6647575","-97.337905"
"06/05/2023","AQS","484391053","2","8.1","ug/m3 LC","45","Fort Worth California Parkway North","1","100.0000","88101","PM2.5 - Local Conditions","209","Met One BAM-1022 Mass Monitor w/ VSCC or TE-PM2.5C","19100","Dallas-Fort Worth-Arlington, TX","48","Texas","439","Tarrant","32.6647575","-97.337905"
"06/06/2023","AQS","484391053","2","13.2","ug/m3 LC","59","Fort Worth California Parkway North","1","100.0000","88101","PM2.5 - Local Conditions","209","Met One BAM-1022 Mass Monitor w/ VSCC or TE-PM2.5C","19100","Dallas-Fort Worth-Arlington, TX","48","Texas","439","Tarrant","32.6647575","-97.337905"
"06/07/2023","AQS","484391053","2","11.8","ug/m3 LC","56","Fort Worth California Parkway North","1","100.0000","88101","PM2.5 - Local Conditions","209","Met One BAM-1022 Mass Monitor w/ VSCC or TE-PM2.5C","19100","Dallas-Fort Worth-Arlington, TX","48","Texas","439","Tarrant","32.6647575","-97.337905"
"06/08/2023","AQS","484391053","2","11.5","ug/m3 LC","55","Fort Worth California Parkway North","1","100.0000","88101","PM2.5 - Local Conditions","209","Met One BAM-1022 Mass Monitor w/ VSCC or TE-PM2.5C","19100","Dallas-Fort Worth-Arlington, TX","48","Texas","439","Tarrant","32.6647575","-97.337905"
"06/09/2023","AQS","484391053","2","8.4","ug/m3 LC","47","Fort Worth California Parkway North","1","100.0000","88101","PM2.5 - Local Conditions","209","Met One BAM-1022 Mass Monitor w/ VSCC or TE-PM2.5C","19100","Dallas-Fort Worth-Arlington, TX","48","Texas","439","Tarrant","32.6647575","-97.337905"
"06/10/2023","AQS","484391053","2","6.3","ug/m3 LC","35","Fort Worth California Parkway North","1","100.0000","88101","PM2.5 - Local Conditions","209","Met One BAM-1022 Mass Monitor w/ VSCC or TE-PM2.5C","19100","Dallas-Fort Worth-Arlington, TX","48","Texas","439","Tarrant","32.6647575","-97.337905"
"06/11/2023","AQS","484391053","2","6.3","ug/m3 LC","35","Fort Worth California Parkway North","1","100.0000","88101","PM2.5 - Local Conditions","209","Met One BAM-1022 Mass Monitor w/ VSCC or TE-PM2.5C","19100","Dallas-Fort Worth-Arlington, TX","48","Texas","439","Tarrant","32.6647575","-97.337905"
"06/12/2023","AQS","484391053","2","5.5","ug/m3 LC","31","Fort Worth California Parkway North","1","100.0000","88101","PM2.5 - Local Conditions","209","Met One BAM-1022 Mass Monitor w/ VSCC or TE-PM2.5C","19100","Dallas-Fort Worth-Arlington, TX","48","Texas","439","Tarrant","32.6647575","-97.337905"
"06/13/2023","AQS","484391053","2","13.6","ug/m3 LC","59","Fort Worth California Parkway North","1","100.0000","88101","PM2.5 - Local Conditions","209","Met One BAM-1022 Mass Monitor w/ VSCC or TE-PM2.5C","19100","Dallas-Fort Worth-Arlington, TX","48","Texas","439","Tarrant","32.6647575","-97.337905"
"06/14/2023","AQS","484391053","2","22.1","ug/m3 LC","75","Fort Worth California Parkway North","1","100.0000","88101","PM2.5 - Local Conditions","209","Met One BAM-1022 Mass Monitor w/ VSCC or TE-PM2.5C","19100","Dallas-Fort Worth-Arlington, TX","48","Texas","439","Tarrant","32.6647575","-97.337905"
"06/15/2023","AQS","484391053","2","26.1","ug/m3 LC","83","Fort Worth California Parkway North","1","100.0000","88101","PM2.5 - Local Conditions","209","Met One BAM-1022 Mass Monitor w/ VSCC or TE-PM2.5C","19100","Dallas-Fort Worth-Arlington, TX","48","Texas","439","Tarrant","32.6647575","-97.337905"
"06/16/2023","AQS","484391053","2","13.3","ug/m3 LC","59","Fort Worth California Parkway North","1","100.0000","88101","PM2.5 - Local Conditions","209","Met One BAM-1022 Mass Monitor w/ VSCC or TE-PM2.5C","19100","Dallas-Fort Worth-Arlington, TX","48","Texas","439","Tarrant","32.6647575","-97.337905"
"06/17/2023","AQS","484391053","2","16.3","ug/m3 LC","64","Fort Worth California Parkway North","1","100.0000","88101","PM2.5 - Local Conditions","209","Met One BAM-1022 Mass Monitor w/ VSCC or TE-PM2.5C","19100","Dallas-Fort Worth-Arlington, TX","48","Texas","439","Tarrant","32.6647575","-97.337905"
"06/18/2023","AQS","484391053","2","12.1","ug/m3 LC","57","Fort Worth California Parkway North","1","100.0000","88101","PM2.5 - Local Conditions","209","Met One BAM-1022 Mass Monitor w/ VSCC or TE-PM2.5C","19100","Dallas-Fort Worth-Arlington, TX","48","Texas","439","Tarrant","32.6647575","-97.337905"
"06/19/2023","AQS","484391053","2","16.4","ug/m3 LC","65","Fort Worth California Parkway North","1","100.0000","88101","PM2.5 - Local Conditions","209","Met One BAM-1022 Mass Monitor w/ VSCC or TE-PM2.5C","19100","Dallas-Fort Worth-Arlington, TX","48","Texas","439","Tarrant","32.6647575","-97.337905"
"06/20/2023","AQS","484391053","2","18.5","ug/m3 LC","69","Fort Worth California Parkway North","1","100.0000","88101","PM2.5 - Local Conditions","209","Met One BAM-1022 Mass Monitor w/ VSCC or TE-PM2.5C","19100","Dallas-Fort Worth-Arlington, TX","48","Texas","439","Tarrant","32.6647575","-97.337905"
"06/21/2023","AQS","484391053","2","19.2","ug/m3 LC","70","Fort Worth California Parkway North","1","100.0000","88101","PM2.5 - Local Conditions","209","Met One BAM-1022 Mass Monitor w/ VSCC or TE-PM2.5C","19100","Dallas-Fort Worth-Arlington, TX","48","Texas","439","Tarrant","32.6647575","-97.337905"
"06/22/2023","AQS","484391053","2","15.3","ug/m3 LC","63","Fort Worth California Parkway North","1","100.0000","88101","PM2.5 - Local Conditions","209","Met One BAM-1022 Mass Monitor w/ VSCC or TE-PM2.5C","19100","Dallas-Fort Worth-Arlington, TX","48","Texas","439","Tarrant","32.6647575","-97.337905"
"06/23/2023","AQS","484391053","2","13","ug/m3 LC","58","Fort Worth California Parkway North","1","100.0000","88101","PM2.5 - Local Conditions","209","Met One BAM-1022 Mass Monitor w/ VSCC or TE-PM2.5C","19100","Dallas-Fort Worth-Arlington, TX","48","Texas","439","Tarrant","32.6647575","-97.337905"
"06/24/2023","AQS","484391053","2","9.2","ug/m3 LC","51","Fort Worth California Parkway North","1","100.0000","88101","PM2.5 - Local Conditions","209","Met One BAM-1022 Mass Monitor w/ VSCC or TE-PM2.5C","19100","Dallas-Fort Worth-Arlington, TX","48","Texas","439","Tarrant","32.6647575","-97.337905"
"06/25/2023","AQS","484391053","2","7.3","ug/m3 LC","41","Fort Worth California Parkway North","1","100.0000","88101","PM2.5 - Local Conditions","209","Met One BAM-1022 Mass Monitor w/ VSCC or TE-PM2.5C","19100","Dallas-Fort Worth-Arlington, TX","48","Texas","439","Tarrant","32.6647575","-97.337905"
"06/26/2023","AQS","484391053","2","8.5","ug/m3 LC","47","Fort Worth California Parkway North","1","100.0000","88101","PM2.5 - Local Conditions","209","Met One BAM-1022 Mass Monitor w/ VSCC or TE-PM2.5C","19100","Dallas-Fort Worth-Arlington, TX","48","Texas","439","Tarrant","32.6647575","-97.337905"
"06/27/2023","AQS","484391053","2","8.4","ug/m3 LC","47","Fort Worth California Parkway North","1","100.0000","88101","PM2.5 - Local Conditions","209","Met One BAM-1022 Mass Monitor w/ VSCC or TE-PM2.5C","19100","Dallas-Fort Worth-Arlington, TX","48","Texas","439","Tarrant","32.6647575","-97.337905"
"06/28/2023","AQS","484391053","2","10.2","ug/m3 LC","53","Fort Worth California Parkway North","1","100.0000","88101","PM2.5 - Local Conditions","209","Met One BAM-1022 Mass Monitor w/ VSCC or TE-PM2.5C","19100","Dallas-Fort Worth-Arlington, TX","48","Texas","439","Tarrant","32.6647575","-97.337905"
"06/29/2023","AQS","484391053","2","8","ug/m3 LC","44","Fort Worth California Parkway North","1","100.0000","88101","PM2.5 - Local Conditions","209","Met One BAM-1022 Mass Monitor w/ VSCC or TE-PM2.5C","19100","Dallas-Fort Worth-Arlington, TX","48","Texas","439","Tarrant","32.6647575","-97.337905"
"06/30/2023","AQS","484391053","2","7.3","ug/m3 LC","41","Fort Worth California Parkway North","1","100.0000","88101","PM2.5 - Local Conditions","209","Met One BAM-1022 Mass Monitor w/ VSCC or TE-PM2.5C","19100","Dallas-Fort Worth-Arlington, TX","48","Texas","439","Tarrant","32.6647575","-97.337905"
"07/01/2023","AQS","484391053","2","4.6","ug/m3 LC","26","Fort Worth California Parkway North","1","100.0000","88101","PM2.5 - Local Conditions","209","Met One BAM-1022 Mass Monitor w/ VSCC or TE-PM2.5C","19100","Dallas-Fort Worth-Arlington, TX","48","Texas","439","Tarrant","32.6647575","-97.337905"
"07/02/2023","AQS","484391053","2","8.5","ug/m3 LC","47","Fort Worth California Parkway North","1","100.0000","88101","PM2.5 - Local Conditions","209","Met One BAM-1022 Mass Monitor w/ VSCC or TE-PM2.5C","19100","Dallas-Fort Worth-Arlington, TX","48","Texas","439","Tarrant","32.6647575","-97.337905"
"07/03/2023","AQS","484391053","2","7.7","ug/m3 LC","43","Fort Worth California Parkway North","1","100.0000","88101","PM2.5 - Local Conditions","209","Met One BAM-1022 Mass Monitor w/ VSCC or TE-PM2.5C","19100","Dallas-Fort Worth-Arlington, TX","48","Texas","439","Tarrant","32.6647575","-97.337905"
"07/04/2023","AQS","484391053","2","8.2","ug/m3 LC","46","Fort Worth California Parkway North","1","100.0000","88101","PM2.5 - Local Conditions","209","Met One BAM-1022 Mass Monitor w/ VSCC or TE-PM2.5C","19100","Dallas-Fort Worth-Arlington, TX","48","Texas","439","Tarrant","32.6647575","-97.337905"
"07/05/2023","AQS","484391053","2","8","ug/m3 LC","44","Fort Worth California Parkway North","1","100.0000","88101","PM2.5 - Local Conditions","209","Met One BAM-1022 Mass Monitor w/ VSCC or TE-PM2.5C","19100","Dallas-Fort Worth-Arlington, TX","48","Texas","439","Tarrant","32.6647575","-97.337905"
"07/06/2023","AQS","484391053","2","5.9","ug/m3 LC","33","Fort Worth California Parkway North","1","100.0000","88101","PM2.5 - Local Conditions","209","Met One BAM-1022 Mass Monitor w/ VSCC or TE-PM2.5C","19100","Dallas-Fort Worth-Arlington, TX","48","Texas","439","Tarrant","32.6647575","-97.337905"
"07/07/2023","AQS","484391053","2","6.6","ug/m3 LC","37","Fort Worth California Parkway North","1","100.0000","88101","PM2.5 - Local Conditions","209","Met One BAM-1022 Mass Monitor w/ VSCC or TE-PM2.5C","19100","Dallas-Fort Worth-Arlington, TX","48","Texas","439","Tarrant","32.6647575","-97.337905"
"07/08/2023","AQS","484391053","2","7.6","ug/m3 LC","42","Fort Worth California Parkway North","1","100.0000","88101","PM2.5 - Local Conditions","209","Met One BAM-1022 Mass Monitor w/ VSCC or TE-PM2.5C","19100","Dallas-Fort Worth-Arlington, TX","48","Texas","439","Tarrant","32.6647575","-97.337905"
"07/09/2023","AQS","484391053","2","4.5","ug/m3 LC","25","Fort Worth California Parkway North","1","100.0000","88101","PM2.5 - Local Conditions","209","Met One BAM-1022 Mass Monitor w/ VSCC or TE-PM2.5C","19100","Dallas-Fort Worth-Arlington, TX","48","Texas","439","Tarrant","32.6647575","-97.337905"
"07/10/2023","AQS","484391053","2","10.9","ug/m3 LC","54","Fort Worth California Parkway North","1","100.0000","88101","PM2.5 - Local Conditions","209","Met One BAM-1022 Mass Monitor w/ VSCC or TE-PM2.5C","19100","Dallas-Fort Worth-Arlington, TX","48","Texas","439","Tarrant","32.6647575","-97.337905"
"07/11/2023","AQS","484391053","2","10.1","ug/m3 LC","53","Fort Worth California Parkway North","1","100.0000","88101","PM2.5 - Local Conditions","209","Met One BAM-1022 Mass Monitor w/ VSCC or TE-PM2.5C","19100","Dallas-Fort Worth-Arlington, TX","48","Texas","439","Tarrant","32.6647575","-97.337905"
"07/12/2023","AQS","484391053","2","9.3","ug/m3 LC","51","Fort Worth California Parkway North","1","100.0000","88101","PM2.5 - Local Conditions","209","Met One BAM-1022 Mass Monitor w/ VSCC or TE-PM2.5C","19100","Dallas-Fort Worth-Arlington, TX","48","Texas","439","Tarrant","32.6647575","-97.337905"
"07/13/2023","AQS","484391053","2","7.9","ug/m3 LC","44","Fort Worth California Parkway North","1","100.0000","88101","PM2.5 - Local Conditions","209","Met One BAM-1022 Mass Monitor w/ VSCC or TE-PM2.5C","19100","Dallas-Fort Worth-Arlington, TX","48","Texas","439","Tarrant","32.6647575","-97.337905"
"07/14/2023","AQS","484391053","2","17","ug/m3 LC","66","Fort Worth California Parkway North","1","100.0000","88101","PM2.5 - Local Conditions","209","Met One BAM-1022 Mass Monitor w/ VSCC or TE-PM2.5C","19100","Dallas-Fort Worth-Arlington, TX","48","Texas","439","Tarrant","32.6647575","-97.337905"
"07/15/2023","AQS","484391053","2","12.4","ug/m3 LC","57","Fort Worth California Parkway North","1","100.0000","88101","PM2.5 - Local Conditions","209","Met One BAM-1022 Mass Monitor w/ VSCC or TE-PM2.5C","19100","Dallas-Fort Worth-Arlington, TX","48","Texas","439","Tarrant","32.6647575","-97.337905"
"07/20/2023","AQS","484391053","2","16.5","ug/m3 LC","65","Fort Worth California Parkway North","1","100.0000","88101","PM2.5 - Local Conditions","209","Met One BAM-1022 Mass Monitor w/ VSCC or TE-PM2.5C","19100","Dallas-Fort Worth-Arlington, TX","48","Texas","439","Tarrant","32.6647575","-97.337905"
"07/21/2023","AQS","484391053","2","14.9","ug/m3 LC","62","Fort Worth California Parkway North","1","100.0000","88101","PM2.5 - Local Conditions","209","Met One BAM-1022 Mass Monitor w/ VSCC or TE-PM2.5C","19100","Dallas-Fort Worth-Arlington, TX","48","Texas","439","Tarrant","32.6647575","-97.337905"
"07/22/2023","AQS","484391053","2","5.6","ug/m3 LC","31","Fort Worth California Parkway North","1","100.0000","88101","PM2.5 - Local Conditions","209","Met One BAM-1022 Mass Monitor w/ VSCC or TE-PM2.5C","19100","Dallas-Fort Worth-Arlington, TX","48","Texas","439","Tarrant","32.6647575","-97.337905"
"07/23/2023","AQS","484391053","2","9.5","ug/m3 LC","52","Fort Worth California Parkway North","1","100.0000","88101","PM2.5 - Local Conditions","209","Met One BAM-1022 Mass Monitor w/ VSCC or TE-PM2.5C","19100","Dallas-Fort Worth-Arlington, TX","48","Texas","439","Tarrant","32.6647575","-97.337905"
"07/24/2023","AQS","484391053","2","10.7","ug/m3 LC","54","Fort Worth California Parkway North","1","100.0000","88101","PM2.5 - Local Conditions","209","Met One BAM-1022 Mass Monitor w/ VSCC or TE-PM2.5C","19100","Dallas-Fort Worth-Arlington, TX","48","Texas","439","Tarrant","32.6647575","-97.337905"
"07/25/2023","AQS","484391053","2","10.2","ug/m3 LC","53","Fort Worth California Parkway North","1","100.0000","88101","PM2.5 - Local Conditions","209","Met One BAM-1022 Mass Monitor w/ VSCC or TE-PM2.5C","19100","Dallas-Fort Worth-Arlington, TX","48","Texas","439","Tarrant","32.6647575","-97.337905"
"07/26/2023","AQS","484391053","2","16.3","ug/m3 LC","64","Fort Worth California Parkway North","1","100.0000","88101","PM2.5 - Local Conditions","209","Met One BAM-1022 Mass Monitor w/ VSCC or TE-PM2.5C","19100","Dallas-Fort Worth-Arlington, TX","48","Texas","439","Tarrant","32.6647575","-97.337905"
"07/27/2023","AQS","484391053","2","19.5","ug/m3 LC","70","Fort Worth California Parkway North","1","100.0000","88101","PM2.5 - Local Conditions","209","Met One BAM-1022 Mass Monitor w/ VSCC or TE-PM2.5C","19100","Dallas-Fort Worth-Arlington, TX","48","Texas","439","Tarrant","32.6647575","-97.337905"
"07/28/2023","AQS","484391053","2","17","ug/m3 LC","66","Fort Worth California Parkway North","1","100.0000","88101","PM2.5 - Local Conditions","209","Met One BAM-1022 Mass Monitor w/ VSCC or TE-PM2.5C","19100","Dallas-Fort Worth-Arlington, TX","48","Texas","439","Tarrant","32.6647575","-97.337905"
"07/29/2023","AQS","484391053","2","15.9","ug/m3 LC","64","Fort Worth California Parkway North","1","100.0000","88101","PM2.5 - Local Conditions","209","Met One BAM-1022 Mass Monitor w/ VSCC or TE-PM2.5C","19100","Dallas-Fort Worth-Arlington, TX","48","Texas","439","Tarrant","32.6647575","-97.337905"
"07/30/2023","AQS","484391053","2","13.5","ug/m3 LC","59","Fort Worth California Parkway North","1","100.0000","88101","PM2.5 - Local Conditions","209","Met One BAM-1022 Mass Monitor w/ VSCC or TE-PM2.5C","19100","Dallas-Fort Worth-Arlington, TX","48","Texas","439","Tarrant","32.6647575","-97.337905"
"07/31/2023","AQS","484391053","2","14.1","ug/m3 LC","60","Fort Worth California Parkway North","1","100.0000","88101","PM2.5 - Local Conditions","209","Met One BAM-1022 Mass Monitor w/ VSCC or TE-PM2.5C","19100","Dallas-Fort Worth-Arlington, TX","48","Texas","439","Tarrant","32.6647575","-97.337905"
"08/01/2023","AQS","484391053","2","13.6","ug/m3 LC","59","Fort Worth California Parkway North","1","100.0000","88101","PM2.5 - Local Conditions","209","Met One BAM-1022 Mass Monitor w/ VSCC or TE-PM2.5C","19100","Dallas-Fort Worth-Arlington, TX","48","Texas","439","Tarrant","32.6647575","-97.337905"
"08/02/2023","AQS","484391053","2","10.3","ug/m3 LC","53","Fort Worth California Parkway North","1","100.0000","88101","PM2.5 - Local Conditions","209","Met One BAM-1022 Mass Monitor w/ VSCC or TE-PM2.5C","19100","Dallas-Fort Worth-Arlington, TX","48","Texas","439","Tarrant","32.6647575","-97.337905"
"08/10/2023","AQS","484391053","2","10.7","ug/m3 LC","54","Fort Worth California Parkway North","1","100.0000","88101","PM2.5 - Local Conditions","209","Met One BAM-1022 Mass Monitor w/ VSCC or TE-PM2.5C","19100","Dallas-Fort Worth-Arlington, TX","48","Texas","439","Tarrant","32.6647575","-97.337905"
"08/11/2023","AQS","484391053","2","9","ug/m3 LC","50","Fort Worth California Parkway North","1","100.0000","88101","PM2.5 - Local Conditions","209","Met One BAM-1022 Mass Monitor w/ VSCC or TE-PM2.5C","19100","Dallas-Fort Worth-Arlington, TX","48","Texas","439","Tarrant","32.6647575","-97.337905"
"08/12/2023","AQS","484391053","2","8.5","ug/m3 LC","47","Fort Worth California Parkway North","1","100.0000","88101","PM2.5 - Local Conditions","209","Met One BAM-1022 Mass Monitor w/ VSCC or TE-PM2.5C","19100","Dallas-Fort Worth-Arlington, TX","48","Texas","439","Tarrant","32.6647575","-97.337905"
"08/13/2023","AQS","484391053","2","8.2","ug/m3 LC","46","Fort Worth California Parkway North","1","100.0000","88101","PM2.5 - Local Conditions","209","Met One BAM-1022 Mass Monitor w/ VSCC or TE-PM2.5C","19100","Dallas-Fort Worth-Arlington, TX","48","Texas","439","Tarrant","32.6647575","-97.337905"
"08/14/2023","AQS","484391053","2","7.2","ug/m3 LC","40","Fort Worth California Parkway North","1","100.0000","88101","PM2.5 - Local Conditions","209","Met One BAM-1022 Mass Monitor w/ VSCC or TE-PM2.5C","19100","Dallas-Fort Worth-Arlington, TX","48","Texas","439","Tarrant","32.6647575","-97.337905"
"08/15/2023","AQS","484391053","2","4","ug/m3 LC","22","Fort Worth California Parkway North","1","100.0000","88101","PM2.5 - Local Conditions","209","Met One BAM-1022 Mass Monitor w/ VSCC or TE-PM2.5C","19100","Dallas-Fort Worth-Arlington, TX","48","Texas","439","Tarrant","32.6647575","-97.337905"
"08/16/2023","AQS","484391053","2","7.2","ug/m3 LC","40","Fort Worth California Parkway North","1","100.0000","88101","PM2.5 - Local Conditions","209","Met One BAM-1022 Mass Monitor w/ VSCC or TE-PM2.5C","19100","Dallas-Fort Worth-Arlington, TX","48","Texas","439","Tarrant","32.6647575","-97.337905"
"08/17/2023","AQS","484391053","2","8.4","ug/m3 LC","47","Fort Worth California Parkway North","1","100.0000","88101","PM2.5 - Local Conditions","209","Met One BAM-1022 Mass Monitor w/ VSCC or TE-PM2.5C","19100","Dallas-Fort Worth-Arlington, TX","48","Texas","439","Tarrant","32.6647575","-97.337905"
"08/18/2023","AQS","484391053","2","9.5","ug/m3 LC","52","Fort Worth California Parkway North","1","100.0000","88101","PM2.5 - Local Conditions","209","Met One BAM-1022 Mass Monitor w/ VSCC or TE-PM2.5C","19100","Dallas-Fort Worth-Arlington, TX","48","Texas","439","Tarrant","32.6647575","-97.337905"
"08/19/2023","AQS","484391053","2","9.7","ug/m3 LC","52","Fort Worth California Parkway North","1","100.0000","88101","PM2.5 - Local Conditions","209","Met One BAM-1022 Mass Monitor w/ VSCC or TE-PM2.5C","19100","Dallas-Fort Worth-Arlington, TX","48","Texas","439","Tarrant","32.6647575","-97.337905"
"08/20/2023","AQS","484391053","2","11.3","ug/m3 LC","55","Fort Worth California Parkway North","1","100.0000","88101","PM2.5 - Local Conditions","209","Met One BAM-1022 Mass Monitor w/ VSCC or TE-PM2.5C","19100","Dallas-Fort Worth-Arlington, TX","48","Texas","439","Tarrant","32.6647575","-97.337905"
"08/21/2023","AQS","484391053","2","19","ug/m3 LC","69","Fort Worth California Parkway North","1","100.0000","88101","PM2.5 - Local Conditions","209","Met One BAM-1022 Mass Monitor w/ VSCC or TE-PM2.5C","19100","Dallas-Fort Worth-Arlington, TX","48","Texas","439","Tarrant","32.6647575","-97.337905"
"08/22/2023","AQS","484391053","2","15.7","ug/m3 LC","63","Fort Worth California Parkway North","1","100.0000","88101","PM2.5 - Local Conditions","209","Met One BAM-1022 Mass Monitor w/ VSCC or TE-PM2.5C","19100","Dallas-Fort Worth-Arlington, TX","48","Texas","439","Tarrant","32.6647575","-97.337905"
"08/24/2023","AQS","484391053","2","16.4","ug/m3 LC","65","Fort Worth California Parkway North","1","100.0000","88101","PM2.5 - Local Conditions","209","Met One BAM-1022 Mass Monitor w/ VSCC or TE-PM2.5C","19100","Dallas-Fort Worth-Arlington, TX","48","Texas","439","Tarrant","32.6647575","-97.337905"
"08/25/2023","AQS","484391053","2","18.5","ug/m3 LC","69","Fort Worth California Parkway North","1","100.0000","88101","PM2.5 - Local Conditions","209","Met One BAM-1022 Mass Monitor w/ VSCC or TE-PM2.5C","19100","Dallas-Fort Worth-Arlington, TX","48","Texas","439","Tarrant","32.6647575","-97.337905"
"08/26/2023","AQS","484391053","2","14.7","ug/m3 LC","61","Fort Worth California Parkway North","1","100.0000","88101","PM2.5 - Local Conditions","209","Met One BAM-1022 Mass Monitor w/ VSCC or TE-PM2.5C","19100","Dallas-Fort Worth-Arlington, TX","48","Texas","439","Tarrant","32.6647575","-97.337905"
"08/27/2023","AQS","484391053","2","10.3","ug/m3 LC","53","Fort Worth California Parkway North","1","100.0000","88101","PM2.5 - Local Conditions","209","Met One BAM-1022 Mass Monitor w/ VSCC or TE-PM2.5C","19100","Dallas-Fort Worth-Arlington, TX","48","Texas","439","Tarrant","32.6647575","-97.337905"
"08/28/2023","AQS","484391053","2","6.9","ug/m3 LC","38","Fort Worth California Parkway North","1","100.0000","88101","PM2.5 - Local Conditions","209","Met One BAM-1022 Mass Monitor w/ VSCC or TE-PM2.5C","19100","Dallas-Fort Worth-Arlington, TX","48","Texas","439","Tarrant","32.6647575","-97.337905"
"08/29/2023","AQS","484391053","2","8.6","ug/m3 LC","48","Fort Worth California Parkway North","1","100.0000","88101","PM2.5 - Local Conditions","209","Met One BAM-1022 Mass Monitor w/ VSCC or TE-PM2.5C","19100","Dallas-Fort Worth-Arlington, TX","48","Texas","439","Tarrant","32.6647575","-97.337905"
"08/30/2023","AQS","484391053","2","12.7","ug/m3 LC","58","Fort Worth California Parkway North","1","100.0000","88101","PM2.5 - Local Conditions","209","Met One BAM-1022 Mass Monitor w/ VSCC or TE-PM2.5C","19100","Dallas-Fort Worth-Arlington, TX","48","Texas","439","Tarrant","32.6647575","-97.337905"
"08/31/2023","AQS","484391053","2","18.1","ug/m3 LC","68","Fort Worth California Parkway North","1","100.0000","88101","PM2.5 - Local Conditions","209","Met One BAM-1022 Mass Monitor w/ VSCC or TE-PM2.5C","19100","Dallas-Fort Worth-Arlington, TX","48","Texas","439","Tarrant","32.6647575","-97.337905"
"09/01/2023","AQS","484391053","2","13.9","ug/m3 LC","60","Fort Worth California Parkway North","1","100.0000","88101","PM2.5 - Local Conditions","209","Met One BAM-1022 Mass Monitor w/ VSCC or TE-PM2.5C","19100","Dallas-Fort Worth-Arlington, TX","48","Texas","439","Tarrant","32.6647575","-97.337905"
"09/02/2023","AQS","484391053","2","13.5","ug/m3 LC","59","Fort Worth California Parkway North","1","100.0000","88101","PM2.5 - Local Conditions","209","Met One BAM-1022 Mass Monitor w/ VSCC or TE-PM2.5C","19100","Dallas-Fort Worth-Arlington, TX","48","Texas","439","Tarrant","32.6647575","-97.337905"
"09/03/2023","AQS","484391053","2","11.4","ug/m3 LC","55","Fort Worth California Parkway North","1","100.0000","88101","PM2.5 - Local Conditions","209","Met One BAM-1022 Mass Monitor w/ VSCC or TE-PM2.5C","19100","Dallas-Fort Worth-Arlington, TX","48","Texas","439","Tarrant","32.6647575","-97.337905"
"09/04/2023","AQS","484391053","2","9.7","ug/m3 LC","52","Fort Worth California Parkway North","1","100.0000","88101","PM2.5 - Local Conditions","209","Met One BAM-1022 Mass Monitor w/ VSCC or TE-PM2.5C","19100","Dallas-Fort Worth-Arlington, TX","48","Texas","439","Tarrant","32.6647575","-97.337905"
"09/05/2023","AQS","484391053","2","7.2","ug/m3 LC","40","Fort Worth California Parkway North","1","100.0000","88101","PM2.5 - Local Conditions","209","Met One BAM-1022 Mass Monitor w/ VSCC or TE-PM2.5C","19100","Dallas-Fort Worth-Arlington, TX","48","Texas","439","Tarrant","32.6647575","-97.337905"
"09/06/2023","AQS","484391053","2","7.4","ug/m3 LC","41","Fort Worth California Parkway North","1","100.0000","88101","PM2.5 - Local Conditions","209","Met One BAM-1022 Mass Monitor w/ VSCC or TE-PM2.5C","19100","Dallas-Fort Worth-Arlington, TX","48","Texas","439","Tarrant","32.6647575","-97.337905"
"09/07/2023","AQS","484391053","2","7.8","ug/m3 LC","43","Fort Worth California Parkway North","1","100.0000","88101","PM2.5 - Local Conditions","209","Met One BAM-1022 Mass Monitor w/ VSCC or TE-PM2.5C","19100","Dallas-Fort Worth-Arlington, TX","48","Texas","439","Tarrant","32.6647575","-97.337905"
"09/08/2023","AQS","484391053","2","6.2","ug/m3 LC","34","Fort Worth California Parkway North","1","100.0000","88101","PM2.5 - Local Conditions","209","Met One BAM-1022 Mass Monitor w/ VSCC or TE-PM2.5C","19100","Dallas-Fort Worth-Arlington, TX","48","Texas","439","Tarrant","32.6647575","-97.337905"
"09/09/2023","AQS","484391053","2","9.3","ug/m3 LC","51","Fort Worth California Parkway North","1","100.0000","88101","PM2.5 - Local Conditions","209","Met One BAM-1022 Mass Monitor w/ VSCC or TE-PM2.5C","19100","Dallas-Fort Worth-Arlington, TX","48","Texas","439","Tarrant","32.6647575","-97.337905"
"09/10/2023","AQS","484391053","2","13.8","ug/m3 LC","60","Fort Worth California Parkway North","1","100.0000","88101","PM2.5 - Local Conditions","209","Met One BAM-1022 Mass Monitor w/ VSCC or TE-PM2.5C","19100","Dallas-Fort Worth-Arlington, TX","48","Texas","439","Tarrant","32.6647575","-97.337905"
"09/11/2023","AQS","484391053","2","9","ug/m3 LC","50","Fort Worth California Parkway North","1","100.0000","88101","PM2.5 - Local Conditions","209","Met One BAM-1022 Mass Monitor w/ VSCC or TE-PM2.5C","19100","Dallas-Fort Worth-Arlington, TX","48","Texas","439","Tarrant","32.6647575","-97.337905"
"09/12/2023","AQS","484391053","2","10.7","ug/m3 LC","54","Fort Worth California Parkway North","1","100.0000","88101","PM2.5 - Local Conditions","209","Met One BAM-1022 Mass Monitor w/ VSCC or TE-PM2.5C","19100","Dallas-Fort Worth-Arlington, TX","48","Texas","439","Tarrant","32.6647575","-97.337905"
"09/13/2023","AQS","484391053","2","11.1","ug/m3 LC","55","Fort Worth California Parkway North","1","100.0000","88101","PM2.5 - Local Conditions","209","Met One BAM-1022 Mass Monitor w/ VSCC or TE-PM2.5C","19100","Dallas-Fort Worth-Arlington, TX","48","Texas","439","Tarrant","32.6647575","-97.337905"
"09/14/2023","AQS","484391053","2","10.6","ug/m3 LC","54","Fort Worth California Parkway North","1","100.0000","88101","PM2.5 - Local Conditions","209","Met One BAM-1022 Mass Monitor w/ VSCC or TE-PM2.5C","19100","Dallas-Fort Worth-Arlington, TX","48","Texas","439","Tarrant","32.6647575","-97.337905"
"09/15/2023","AQS","484391053","2","13.4","ug/m3 LC","59","Fort Worth California Parkway North","1","100.0000","88101","PM2.5 - Local Conditions","209","Met One BAM-1022 Mass Monitor w/ VSCC or TE-PM2.5C","19100","Dallas-Fort Worth-Arlington, TX","48","Texas","439","Tarrant","32.6647575","-97.337905"
"09/16/2023","AQS","484391053","2","14","ug/m3 LC","60","Fort Worth California Parkway North","1","100.0000","88101","PM2.5 - Local Conditions","209","Met One BAM-1022 Mass Monitor w/ VSCC or TE-PM2.5C","19100","Dallas-Fort Worth-Arlington, TX","48","Texas","439","Tarrant","32.6647575","-97.337905"
"09/17/2023","AQS","484391053","2","8.2","ug/m3 LC","46","Fort Worth California Parkway North","1","100.0000","88101","PM2.5 - Local Conditions","209","Met One BAM-1022 Mass Monitor w/ VSCC or TE-PM2.5C","19100","Dallas-Fort Worth-Arlington, TX","48","Texas","439","Tarrant","32.6647575","-97.337905"
"09/18/2023","AQS","484391053","2","8.7","ug/m3 LC","48","Fort Worth California Parkway North","1","100.0000","88101","PM2.5 - Local Conditions","209","Met One BAM-1022 Mass Monitor w/ VSCC or TE-PM2.5C","19100","Dallas-Fort Worth-Arlington, TX","48","Texas","439","Tarrant","32.6647575","-97.337905"
"09/19/2023","AQS","484391053","2","11","ug/m3 LC","55","Fort Worth California Parkway North","1","100.0000","88101","PM2.5 - Local Conditions","209","Met One BAM-1022 Mass Monitor w/ VSCC or TE-PM2.5C","19100","Dallas-Fort Worth-Arlington, TX","48","Texas","439","Tarrant","32.6647575","-97.337905"
"09/20/2023","AQS","484391053","2","10.5","ug/m3 LC","54","Fort Worth California Parkway North","1","100.0000","88101","PM2.5 - Local Conditions","209","Met One BAM-1022 Mass Monitor w/ VSCC or TE-PM2.5C","19100","Dallas-Fort Worth-Arlington, TX","48","Texas","439","Tarrant","32.6647575","-97.337905"
"09/21/2023","AQS","484391053","2","6.8","ug/m3 LC","38","Fort Worth California Parkway North","1","100.0000","88101","PM2.5 - Local Conditions","209","Met One BAM-1022 Mass Monitor w/ VSCC or TE-PM2.5C","19100","Dallas-Fort Worth-Arlington, TX","48","Texas","439","Tarrant","32.6647575","-97.337905"
"09/22/2023","AQS","484391053","2","5.5","ug/m3 LC","31","Fort Worth California Parkway North","1","100.0000","88101","PM2.5 - Local Conditions","209","Met One BAM-1022 Mass Monitor w/ VSCC or TE-PM2.5C","19100","Dallas-Fort Worth-Arlington, TX","48","Texas","439","Tarrant","32.6647575","-97.337905"
"09/23/2023","AQS","484391053","2","6.1","ug/m3 LC","34","Fort Worth California Parkway North","1","100.0000","88101","PM2.5 - Local Conditions","209","Met One BAM-1022 Mass Monitor w/ VSCC or TE-PM2.5C","19100","Dallas-Fort Worth-Arlington, TX","48","Texas","439","Tarrant","32.6647575","-97.337905"
"09/24/2023","AQS","484391053","2","4.8","ug/m3 LC","27","Fort Worth California Parkway North","1","100.0000","88101","PM2.5 - Local Conditions","209","Met One BAM-1022 Mass Monitor w/ VSCC or TE-PM2.5C","19100","Dallas-Fort Worth-Arlington, TX","48","Texas","439","Tarrant","32.6647575","-97.337905"
"09/25/2023","AQS","484391053","2","5.5","ug/m3 LC","31","Fort Worth California Parkway North","1","100.0000","88101","PM2.5 - Local Conditions","209","Met One BAM-1022 Mass Monitor w/ VSCC or TE-PM2.5C","19100","Dallas-Fort Worth-Arlington, TX","48","Texas","439","Tarrant","32.6647575","-97.337905"
"09/26/2023","AQS","484391053","2","8","ug/m3 LC","44","Fort Worth California Parkway North","1","100.0000","88101","PM2.5 - Local Conditions","209","Met One BAM-1022 Mass Monitor w/ VSCC or TE-PM2.5C","19100","Dallas-Fort Worth-Arlington, TX","48","Texas","439","Tarrant","32.6647575","-97.337905"
"09/27/2023","AQS","484391053","2","10.8","ug/m3 LC","54","Fort Worth California Parkway North","1","100.0000","88101","PM2.5 - Local Conditions","209","Met One BAM-1022 Mass Monitor w/ VSCC or TE-PM2.5C","19100","Dallas-Fort Worth-Arlington, TX","48","Texas","439","Tarrant","32.6647575","-97.337905"
"09/28/2023","AQS","484391053","2","9.6","ug/m3 LC","52","Fort Worth California Parkway North","1","100.0000","88101","PM2.5 - Local Conditions","209","Met One BAM-1022 Mass Monitor w/ VSCC or TE-PM2.5C","19100","Dallas-Fort Worth-Arlington, TX","48","Texas","439","Tarrant","32.6647575","-97.337905"
"09/29/2023","AQS","484391053","2","12.7","ug/m3 LC","58","Fort Worth California Parkway North","1","100.0000","88101","PM2.5 - Local Conditions","209","Met One BAM-1022 Mass Monitor w/ VSCC or TE-PM2.5C","19100","Dallas-Fort Worth-Arlington, TX","48","Texas","439","Tarrant","32.6647575","-97.337905"
"09/30/2023","AQS","484391053","2","7.7","ug/m3 LC","43","Fort Worth California Parkway North","1","100.0000","88101","PM2.5 - Local Conditions","209","Met One BAM-1022 Mass Monitor w/ VSCC or TE-PM2.5C","19100","Dallas-Fort Worth-Arlington, TX","48","Texas","439","Tarrant","32.6647575","-97.337905"
"10/06/2023","AQS","484391053","2","3.7","ug/m3 LC","21","Fort Worth California Parkway North","1","100.0000","88101","PM2.5 - Local Conditions","209","Met One BAM-1022 Mass Monitor w/ VSCC or TE-PM2.5C","19100","Dallas-Fort Worth-Arlington, TX","48","Texas","439","Tarrant","32.6647575","-97.337905"
"10/07/2023","AQS","484391053","2","5.3","ug/m3 LC","29","Fort Worth California Parkway North","1","100.0000","88101","PM2.5 - Local Conditions","209","Met One BAM-1022 Mass Monitor w/ VSCC or TE-PM2.5C","19100","Dallas-Fort Worth-Arlington, TX","48","Texas","439","Tarrant","32.6647575","-97.337905"
"10/08/2023","AQS","484391053","2","7.2","ug/m3 LC","40","Fort Worth California Parkway North","1","100.0000","88101","PM2.5 - Local Conditions","209","Met One BAM-1022 Mass Monitor w/ VSCC or TE-PM2.5C","19100","Dallas-Fort Worth-Arlington, TX","48","Texas","439","Tarrant","32.6647575","-97.337905"
"10/09/2023","AQS","484391053","2","5","ug/m3 LC","28","Fort Worth California Parkway North","1","100.0000","88101","PM2.5 - Local Conditions","209","Met One BAM-1022 Mass Monitor w/ VSCC or TE-PM2.5C","19100","Dallas-Fort Worth-Arlington, TX","48","Texas","439","Tarrant","32.6647575","-97.337905"
"10/10/2023","AQS","484391053","2","5.5","ug/m3 LC","31","Fort Worth California Parkway North","1","100.0000","88101","PM2.5 - Local Conditions","209","Met One BAM-1022 Mass Monitor w/ VSCC or TE-PM2.5C","19100","Dallas-Fort Worth-Arlington, TX","48","Texas","439","Tarrant","32.6647575","-97.337905"
"10/11/2023","AQS","484391053","2","6.1","ug/m3 LC","34","Fort Worth California Parkway North","1","100.0000","88101","PM2.5 - Local Conditions","209","Met One BAM-1022 Mass Monitor w/ VSCC or TE-PM2.5C","19100","Dallas-Fort Worth-Arlington, TX","48","Texas","439","Tarrant","32.6647575","-97.337905"
"10/12/2023","AQS","484391053","2","6.4","ug/m3 LC","36","Fort Worth California Parkway North","1","100.0000","88101","PM2.5 - Local Conditions","209","Met One BAM-1022 Mass Monitor w/ VSCC or TE-PM2.5C","19100","Dallas-Fort Worth-Arlington, TX","48","Texas","439","Tarrant","32.6647575","-97.337905"
"10/13/2023","AQS","484391053","2","2","ug/m3 LC","11","Fort Worth California Parkway North","1","100.0000","88101","PM2.5 - Local Conditions","209","Met One BAM-1022 Mass Monitor w/ VSCC or TE-PM2.5C","19100","Dallas-Fort Worth-Arlington, TX","48","Texas","439","Tarrant","32.6647575","-97.337905"
"10/14/2023","AQS","484391053","2","2.9","ug/m3 LC","16","Fort Worth California Parkway North","1","100.0000","88101","PM2.5 - Local Conditions","209","Met One BAM-1022 Mass Monitor w/ VSCC or TE-PM2.5C","19100","Dallas-Fort Worth-Arlington, TX","48","Texas","439","Tarrant","32.6647575","-97.337905"
"10/15/2023","AQS","484391053","2","2.6","ug/m3 LC","14","Fort Worth California Parkway North","1","100.0000","88101","PM2.5 - Local Conditions","209","Met One BAM-1022 Mass Monitor w/ VSCC or TE-PM2.5C","19100","Dallas-Fort Worth-Arlington, TX","48","Texas","439","Tarrant","32.6647575","-97.337905"
"10/16/2023","AQS","484391053","2","3.8","ug/m3 LC","21","Fort Worth California Parkway North","1","100.0000","88101","PM2.5 - Local Conditions","209","Met One BAM-1022 Mass Monitor w/ VSCC or TE-PM2.5C","19100","Dallas-Fort Worth-Arlington, TX","48","Texas","439","Tarrant","32.6647575","-97.337905"
"10/17/2023","AQS","484391053","2","5.7","ug/m3 LC","32","Fort Worth California Parkway North","1","100.0000","88101","PM2.5 - Local Conditions","209","Met One BAM-1022 Mass Monitor w/ VSCC or TE-PM2.5C","19100","Dallas-Fort Worth-Arlington, TX","48","Texas","439","Tarrant","32.6647575","-97.337905"
"10/18/2023","AQS","484391053","2","5.9","ug/m3 LC","33","Fort Worth California Parkway North","1","100.0000","88101","PM2.5 - Local Conditions","209","Met One BAM-1022 Mass Monitor w/ VSCC or TE-PM2.5C","19100","Dallas-Fort Worth-Arlington, TX","48","Texas","439","Tarrant","32.6647575","-97.337905"
"10/19/2023","AQS","484391053","2","4.9","ug/m3 LC","27","Fort Worth California Parkway North","1","100.0000","88101","PM2.5 - Local Conditions","209","Met One BAM-1022 Mass Monitor w/ VSCC or TE-PM2.5C","19100","Dallas-Fort Worth-Arlington, TX","48","Texas","439","Tarrant","32.6647575","-97.337905"
"10/20/2023","AQS","484391053","2","6.1","ug/m3 LC","34","Fort Worth California Parkway North","1","100.0000","88101","PM2.5 - Local Conditions","209","Met One BAM-1022 Mass Monitor w/ VSCC or TE-PM2.5C","19100","Dallas-Fort Worth-Arlington, TX","48","Texas","439","Tarrant","32.6647575","-97.337905"
"10/24/2023","AQS","484391053","2","7.5","ug/m3 LC","42","Fort Worth California Parkway North","1","100.0000","88101","PM2.5 - Local Conditions","209","Met One BAM-1022 Mass Monitor w/ VSCC or TE-PM2.5C","19100","Dallas-Fort Worth-Arlington, TX","48","Texas","439","Tarrant","32.6647575","-97.337905"
"10/25/2023","AQS","484391053","2","5.9","ug/m3 LC","33","Fort Worth California Parkway North","1","100.0000","88101","PM2.5 - Local Conditions","209","Met One BAM-1022 Mass Monitor w/ VSCC or TE-PM2.5C","19100","Dallas-Fort Worth-Arlington, TX","48","Texas","439","Tarrant","32.6647575","-97.337905"
"10/26/2023","AQS","484391053","2","5.7","ug/m3 LC","32","Fort Worth California Parkway North","1","100.0000","88101","PM2.5 - Local Conditions","209","Met One BAM-1022 Mass Monitor w/ VSCC or TE-PM2.5C","19100","Dallas-Fort Worth-Arlington, TX","48","Texas","439","Tarrant","32.6647575","-97.337905"
"10/27/2023","AQS","484391053","2","6.7","ug/m3 LC","37","Fort Worth California Parkway North","1","100.0000","88101","PM2.5 - Local Conditions","209","Met One BAM-1022 Mass Monitor w/ VSCC or TE-PM2.5C","19100","Dallas-Fort Worth-Arlington, TX","48","Texas","439","Tarrant","32.6647575","-97.337905"
"10/28/2023","AQS","484391053","2","4.5","ug/m3 LC","25","Fort Worth California Parkway North","1","100.0000","88101","PM2.5 - Local Conditions","209","Met One BAM-1022 Mass Monitor w/ VSCC or TE-PM2.5C","19100","Dallas-Fort Worth-Arlington, TX","48","Texas","439","Tarrant","32.6647575","-97.337905"
"10/29/2023","AQS","484391053","2","1.2","ug/m3 LC","7","Fort Worth California Parkway North","1","100.0000","88101","PM2.5 - Local Conditions","209","Met One BAM-1022 Mass Monitor w/ VSCC or TE-PM2.5C","19100","Dallas-Fort Worth-Arlington, TX","48","Texas","439","Tarrant","32.6647575","-97.337905"
"10/30/2023","AQS","484391053","2","4.1","ug/m3 LC","23","Fort Worth California Parkway North","1","100.0000","88101","PM2.5 - Local Conditions","209","Met One BAM-1022 Mass Monitor w/ VSCC or TE-PM2.5C","19100","Dallas-Fort Worth-Arlington, TX","48","Texas","439","Tarrant","32.6647575","-97.337905"
"10/31/2023","AQS","484391053","2","5.3","ug/m3 LC","29","Fort Worth California Parkway North","1","100.0000","88101","PM2.5 - Local Conditions","209","Met One BAM-1022 Mass Monitor w/ VSCC or TE-PM2.5C","19100","Dallas-Fort Worth-Arlington, TX","48","Texas","439","Tarrant","32.6647575","-97.337905"
"11/01/2023","AQS","484391053","2","7.9","ug/m3 LC","44","Fort Worth California Parkway North","1","100.0000","88101","PM2.5 - Local Conditions","209","Met One BAM-1022 Mass Monitor w/ VSCC or TE-PM2.5C","19100","Dallas-Fort Worth-Arlington, TX","48","Texas","439","Tarrant","32.6647575","-97.337905"
"11/02/2023","AQS","484391053","2","9.5","ug/m3 LC","52","Fort Worth California Parkway North","1","100.0000","88101","PM2.5 - Local Conditions","209","Met One BAM-1022 Mass Monitor w/ VSCC or TE-PM2.5C","19100","Dallas-Fort Worth-Arlington, TX","48","Texas","439","Tarrant","32.6647575","-97.337905"
"11/03/2023","AQS","484391053","2","10.2","ug/m3 LC","53","Fort Worth California Parkway North","1","100.0000","88101","PM2.5 - Local Conditions","209","Met One BAM-1022 Mass Monitor w/ VSCC or TE-PM2.5C","19100","Dallas-Fort Worth-Arlington, TX","48","Texas","439","Tarrant","32.6647575","-97.337905"
"11/04/2023","AQS","484391053","2","10.3","ug/m3 LC","53","Fort Worth California Parkway North","1","100.0000","88101","PM2.5 - Local Conditions","209","Met One BAM-1022 Mass Monitor w/ VSCC or TE-PM2.5C","19100","Dallas-Fort Worth-Arlington, TX","48","Texas","439","Tarrant","32.6647575","-97.337905"
"11/05/2023","AQS","484391053","2","6.6","ug/m3 LC","37","Fort Worth California Parkway North","1","100.0000","88101","PM2.5 - Local Conditions","209","Met One BAM-1022 Mass Monitor w/ VSCC or TE-PM2.5C","19100","Dallas-Fort Worth-Arlington, TX","48","Texas","439","Tarrant","32.6647575","-97.337905"
"11/06/2023","AQS","484391053","2","6.6","ug/m3 LC","37","Fort Worth California Parkway North","1","100.0000","88101","PM2.5 - Local Conditions","209","Met One BAM-1022 Mass Monitor w/ VSCC or TE-PM2.5C","19100","Dallas-Fort Worth-Arlington, TX","48","Texas","439","Tarrant","32.6647575","-97.337905"
"11/07/2023","AQS","484391053","2","5.5","ug/m3 LC","31","Fort Worth California Parkway North","1","100.0000","88101","PM2.5 - Local Conditions","209","Met One BAM-1022 Mass Monitor w/ VSCC or TE-PM2.5C","19100","Dallas-Fort Worth-Arlington, TX","48","Texas","439","Tarrant","32.6647575","-97.337905"
"11/08/2023","AQS","484391053","2","6","ug/m3 LC","33","Fort Worth California Parkway North","1","100.0000","88101","PM2.5 - Local Conditions","209","Met One BAM-1022 Mass Monitor w/ VSCC or TE-PM2.5C","19100","Dallas-Fort Worth-Arlington, TX","48","Texas","439","Tarrant","32.6647575","-97.337905"
"11/09/2023","AQS","484391053","2","5","ug/m3 LC","28","Fort Worth California Parkway North","1","100.0000","88101","PM2.5 - Local Conditions","209","Met One BAM-1022 Mass Monitor w/ VSCC or TE-PM2.5C","19100","Dallas-Fort Worth-Arlington, TX","48","Texas","439","Tarrant","32.6647575","-97.337905"
"11/10/2023","AQS","484391053","2","5.2","ug/m3 LC","29","Fort Worth California Parkway North","1","100.0000","88101","PM2.5 - Local Conditions","209","Met One BAM-1022 Mass Monitor w/ VSCC or TE-PM2.5C","19100","Dallas-Fort Worth-Arlington, TX","48","Texas","439","Tarrant","32.6647575","-97.337905"
"11/11/2023","AQS","484391053","2","5.2","ug/m3 LC","29","Fort Worth California Parkway North","1","100.0000","88101","PM2.5 - Local Conditions","209","Met One BAM-1022 Mass Monitor w/ VSCC or TE-PM2.5C","19100","Dallas-Fort Worth-Arlington, TX","48","Texas","439","Tarrant","32.6647575","-97.337905"
"11/12/2023","AQS","484391053","2","13","ug/m3 LC","58","Fort Worth California Parkway North","1","100.0000","88101","PM2.5 - Local Conditions","209","Met One BAM-1022 Mass Monitor w/ VSCC or TE-PM2.5C","19100","Dallas-Fort Worth-Arlington, TX","48","Texas","439","Tarrant","32.6647575","-97.337905"
"11/13/2023","AQS","484391053","2","13","ug/m3 LC","58","Fort Worth California Parkway North","1","100.0000","88101","PM2.5 - Local Conditions","209","Met One BAM-1022 Mass Monitor w/ VSCC or TE-PM2.5C","19100","Dallas-Fort Worth-Arlington, TX","48","Texas","439","Tarrant","32.6647575","-97.337905"
"11/14/2023","AQS","484391053","2","11.3","ug/m3 LC","55","Fort Worth California Parkway North","1","100.0000","88101","PM2.5 - Local Conditions","209","Met One BAM-1022 Mass Monitor w/ VSCC or TE-PM2.5C","19100","Dallas-Fort Worth-Arlington, TX","48","Texas","439","Tarrant","32.6647575","-97.337905"
"11/15/2023","AQS","484391053","2","15.2","ug/m3 LC","62","Fort Worth California Parkway North","1","100.0000","88101","PM2.5 - Local Conditions","209","Met One BAM-1022 Mass Monitor w/ VSCC or TE-PM2.5C","19100","Dallas-Fort Worth-Arlington, TX","48","Texas","439","Tarrant","32.6647575","-97.337905"
"11/16/2023","AQS","484391053","2","10.4","ug/m3 LC","53","Fort Worth California Parkway North","1","100.0000","88101","PM2.5 - Local Conditions","209","Met One BAM-1022 Mass Monitor w/ VSCC or TE-PM2.5C","19100","Dallas-Fort Worth-Arlington, TX","48","Texas","439","Tarrant","32.6647575","-97.337905"
"11/17/2023","AQS","484391053","2","13.3","ug/m3 LC","59","Fort Worth California Parkway North","1","100.0000","88101","PM2.5 - Local Conditions","209","Met One BAM-1022 Mass Monitor w/ VSCC or TE-PM2.5C","19100","Dallas-Fort Worth-Arlington, TX","48","Texas","439","Tarrant","32.6647575","-97.337905"
"11/18/2023","AQS","484391053","2","11.4","ug/m3 LC","55","Fort Worth California Parkway North","1","100.0000","88101","PM2.5 - Local Conditions","209","Met One BAM-1022 Mass Monitor w/ VSCC or TE-PM2.5C","19100","Dallas-Fort Worth-Arlington, TX","48","Texas","439","Tarrant","32.6647575","-97.337905"
"11/19/2023","AQS","484391053","2","14.7","ug/m3 LC","61","Fort Worth California Parkway North","1","100.0000","88101","PM2.5 - Local Conditions","209","Met One BAM-1022 Mass Monitor w/ VSCC or TE-PM2.5C","19100","Dallas-Fort Worth-Arlington, TX","48","Texas","439","Tarrant","32.6647575","-97.337905"
"11/20/2023","AQS","484391053","2","6.7","ug/m3 LC","37","Fort Worth California Parkway North","1","100.0000","88101","PM2.5 - Local Conditions","209","Met One BAM-1022 Mass Monitor w/ VSCC or TE-PM2.5C","19100","Dallas-Fort Worth-Arlington, TX","48","Texas","439","Tarrant","32.6647575","-97.337905"
"11/21/2023","AQS","484391053","2","3.7","ug/m3 LC","21","Fort Worth California Parkway North","1","100.0000","88101","PM2.5 - Local Conditions","209","Met One BAM-1022 Mass Monitor w/ VSCC or TE-PM2.5C","19100","Dallas-Fort Worth-Arlington, TX","48","Texas","439","Tarrant","32.6647575","-97.337905"
"11/22/2023","AQS","484391053","2","6.1","ug/m3 LC","34","Fort Worth California Parkway North","1","100.0000","88101","PM2.5 - Local Conditions","209","Met One BAM-1022 Mass Monitor w/ VSCC or TE-PM2.5C","19100","Dallas-Fort Worth-Arlington, TX","48","Texas","439","Tarrant","32.6647575","-97.337905"
"11/23/2023","AQS","484391053","2","6.7","ug/m3 LC","37","Fort Worth California Parkway North","1","100.0000","88101","PM2.5 - Local Conditions","209","Met One BAM-1022 Mass Monitor w/ VSCC or TE-PM2.5C","19100","Dallas-Fort Worth-Arlington, TX","48","Texas","439","Tarrant","32.6647575","-97.337905"
"11/24/2023","AQS","484391053","2","8.4","ug/m3 LC","47","Fort Worth California Parkway North","1","100.0000","88101","PM2.5 - Local Conditions","209","Met One BAM-1022 Mass Monitor w/ VSCC or TE-PM2.5C","19100","Dallas-Fort Worth-Arlington, TX","48","Texas","439","Tarrant","32.6647575","-97.337905"
"11/25/2023","AQS","484391053","2","16.1","ug/m3 LC","64","Fort Worth California Parkway North","1","100.0000","88101","PM2.5 - Local Conditions","209","Met One BAM-1022 Mass Monitor w/ VSCC or TE-PM2.5C","19100","Dallas-Fort Worth-Arlington, TX","48","Texas","439","Tarrant","32.6647575","-97.337905"
"11/26/2023","AQS","484391053","2","4","ug/m3 LC","22","Fort Worth California Parkway North","1","100.0000","88101","PM2.5 - Local Conditions","209","Met One BAM-1022 Mass Monitor w/ VSCC or TE-PM2.5C","19100","Dallas-Fort Worth-Arlington, TX","48","Texas","439","Tarrant","32.6647575","-97.337905"
"11/27/2023","AQS","484391053","2","8.4","ug/m3 LC","47","Fort Worth California Parkway North","1","100.0000","88101","PM2.5 - Local Conditions","209","Met One BAM-1022 Mass Monitor w/ VSCC or TE-PM2.5C","19100","Dallas-Fort Worth-Arlington, TX","48","Texas","439","Tarrant","32.6647575","-97.337905"
"11/28/2023","AQS","484391053","2","8.7","ug/m3 LC","48","Fort Worth California Parkway North","1","100.0000","88101","PM2.5 - Local Conditions","209","Met One BAM-1022 Mass Monitor w/ VSCC or TE-PM2.5C","19100","Dallas-Fort Worth-Arlington, TX","48","Texas","439","Tarrant","32.6647575","-97.337905"
"11/29/2023","AQS","484391053","2","7.1","ug/m3 LC","39","Fort Worth California Parkway North","1","100.0000","88101","PM2.5 - Local Conditions","209","Met One BAM-1022 Mass Monitor w/ VSCC or TE-PM2.5C","19100","Dallas-Fort Worth-Arlington, TX","48","Texas","439","Tarrant","32.6647575","-97.337905"
"11/30/2023","AQS","484391053","2","8.7","ug/m3 LC","48","Fort Worth California Parkway North","1","100.0000","88101","PM2.5 - Local Conditions","209","Met One BAM-1022 Mass Monitor w/ VSCC or TE-PM2.5C","19100","Dallas-Fort Worth-Arlington, TX","48","Texas","439","Tarrant","32.6647575","-97.337905"
"12/01/2023","AQS","484391053","2","5.9","ug/m3 LC","33","Fort Worth California Parkway North","1","100.0000","88101","PM2.5 - Local Conditions","209","Met One BAM-1022 Mass Monitor w/ VSCC or TE-PM2.5C","19100","Dallas-Fort Worth-Arlington, TX","48","Texas","439","Tarrant","32.6647575","-97.337905"
"12/02/2023","AQS","484391053","2","8.3","ug/m3 LC","46","Fort Worth California Parkway North","1","100.0000","88101","PM2.5 - Local Conditions","209","Met One BAM-1022 Mass Monitor w/ VSCC or TE-PM2.5C","19100","Dallas-Fort Worth-Arlington, TX","48","Texas","439","Tarrant","32.6647575","-97.337905"
"12/03/2023","AQS","484391053","2","3.4","ug/m3 LC","19","Fort Worth California Parkway North","1","100.0000","88101","PM2.5 - Local Conditions","209","Met One BAM-1022 Mass Monitor w/ VSCC or TE-PM2.5C","19100","Dallas-Fort Worth-Arlington, TX","48","Texas","439","Tarrant","32.6647575","-97.337905"
"12/04/2023","AQS","484391053","2","6.7","ug/m3 LC","37","Fort Worth California Parkway North","1","100.0000","88101","PM2.5 - Local Conditions","209","Met One BAM-1022 Mass Monitor w/ VSCC or TE-PM2.5C","19100","Dallas-Fort Worth-Arlington, TX","48","Texas","439","Tarrant","32.6647575","-97.337905"
"12/05/2023","AQS","484391053","2","10","ug/m3 LC","53","Fort Worth California Parkway North","1","100.0000","88101","PM2.5 - Local Conditions","209","Met One BAM-1022 Mass Monitor w/ VSCC or TE-PM2.5C","19100","Dallas-Fort Worth-Arlington, TX","48","Texas","439","Tarrant","32.6647575","-97.337905"
"12/06/2023","AQS","484391053","2","9.3","ug/m3 LC","51","Fort Worth California Parkway North","1","100.0000","88101","PM2.5 - Local Conditions","209","Met One BAM-1022 Mass Monitor w/ VSCC or TE-PM2.5C","19100","Dallas-Fort Worth-Arlington, TX","48","Texas","439","Tarrant","32.6647575","-97.337905"
"12/07/2023","AQS","484391053","2","6.4","ug/m3 LC","36","Fort Worth California Parkway North","1","100.0000","88101","PM2.5 - Local Conditions","209","Met One BAM-1022 Mass Monitor w/ VSCC or TE-PM2.5C","19100","Dallas-Fort Worth-Arlington, TX","48","Texas","439","Tarrant","32.6647575","-97.337905"
"12/08/2023","AQS","484391053","2","4.5","ug/m3 LC","25","Fort Worth California Parkway North","1","100.0000","88101","PM2.5 - Local Conditions","209","Met One BAM-1022 Mass Monitor w/ VSCC or TE-PM2.5C","19100","Dallas-Fort Worth-Arlington, TX","48","Texas","439","Tarrant","32.6647575","-97.337905"
"12/09/2023","AQS","484391053","2","2.7","ug/m3 LC","15","Fort Worth California Parkway North","1","100.0000","88101","PM2.5 - Local Conditions","209","Met One BAM-1022 Mass Monitor w/ VSCC or TE-PM2.5C","19100","Dallas-Fort Worth-Arlington, TX","48","Texas","439","Tarrant","32.6647575","-97.337905"
"12/10/2023","AQS","484391053","2","5.7","ug/m3 LC","32","Fort Worth California Parkway North","1","100.0000","88101","PM2.5 - Local Conditions","209","Met One BAM-1022 Mass Monitor w/ VSCC or TE-PM2.5C","19100","Dallas-Fort Worth-Arlington, TX","48","Texas","439","Tarrant","32.6647575","-97.337905"
"12/11/2023","AQS","484391053","2","4.9","ug/m3 LC","27","Fort Worth California Parkway North","1","100.0000","88101","PM2.5 - Local Conditions","209","Met One BAM-1022 Mass Monitor w/ VSCC or TE-PM2.5C","19100","Dallas-Fort Worth-Arlington, TX","48","Texas","439","Tarrant","32.6647575","-97.337905"
"12/12/2023","AQS","484391053","2","6.3","ug/m3 LC","35","Fort Worth California Parkway North","1","100.0000","88101","PM2.5 - Local Conditions","209","Met One BAM-1022 Mass Monitor w/ VSCC or TE-PM2.5C","19100","Dallas-Fort Worth-Arlington, TX","48","Texas","439","Tarrant","32.6647575","-97.337905"
"12/13/2023","AQS","484391053","2","11.2","ug/m3 LC","55","Fort Worth California Parkway North","1","100.0000","88101","PM2.5 - Local Conditions","209","Met One BAM-1022 Mass Monitor w/ VSCC or TE-PM2.5C","19100","Dallas-Fort Worth-Arlington, TX","48","Texas","439","Tarrant","32.6647575","-97.337905"
"12/14/2023","AQS","484391053","2","9.8","ug/m3 LC","52","Fort Worth California Parkway North","1","100.0000","88101","PM2.5 - Local Conditions","209","Met One BAM-1022 Mass Monitor w/ VSCC or TE-PM2.5C","19100","Dallas-Fort Worth-Arlington, TX","48","Texas","439","Tarrant","32.6647575","-97.337905"
"12/15/2023","AQS","484391053","2","8.5","ug/m3 LC","47","Fort Worth California Parkway North","1","100.0000","88101","PM2.5 - Local Conditions","209","Met One BAM-1022 Mass Monitor w/ VSCC or TE-PM2.5C","19100","Dallas-Fort Worth-Arlington, TX","48","Texas","439","Tarrant","32.6647575","-97.337905"
"12/16/2023","AQS","484391053","2","9.3","ug/m3 LC","51","Fort Worth California Parkway North","1","100.0000","88101","PM2.5 - Local Conditions","209","Met One BAM-1022 Mass Monitor w/ VSCC or TE-PM2.5C","19100","Dallas-Fort Worth-Arlington, TX","48","Texas","439","Tarrant","32.6647575","-97.337905"
"12/17/2023","AQS","484391053","2","9.5","ug/m3 LC","52","Fort Worth California Parkway North","1","100.0000","88101","PM2.5 - Local Conditions","209","Met One BAM-1022 Mass Monitor w/ VSCC or TE-PM2.5C","19100","Dallas-Fort Worth-Arlington, TX","48","Texas","439","Tarrant","32.6647575","-97.337905"
"12/18/2023","AQS","484391053","2","5.7","ug/m3 LC","32","Fort Worth California Parkway North","1","100.0000","88101","PM2.5 - Local Conditions","209","Met One BAM-1022 Mass Monitor w/ VSCC or TE-PM2.5C","19100","Dallas-Fort Worth-Arlington, TX","48","Texas","439","Tarrant","32.6647575","-97.337905"
"12/19/2023","AQS","484391053","2","7.4","ug/m3 LC","41","Fort Worth California Parkway North","1","100.0000","88101","PM2.5 - Local Conditions","209","Met One BAM-1022 Mass Monitor w/ VSCC or TE-PM2.5C","19100","Dallas-Fort Worth-Arlington, TX","48","Texas","439","Tarrant","32.6647575","-97.337905"
"12/20/2023","AQS","484391053","2","8.2","ug/m3 LC","46","Fort Worth California Parkway North","1","100.0000","88101","PM2.5 - Local Conditions","209","Met One BAM-1022 Mass Monitor w/ VSCC or TE-PM2.5C","19100","Dallas-Fort Worth-Arlington, TX","48","Texas","439","Tarrant","32.6647575","-97.337905"
"12/21/2023","AQS","484391053","2","10.2","ug/m3 LC","53","Fort Worth California Parkway North","1","100.0000","88101","PM2.5 - Local Conditions","209","Met One BAM-1022 Mass Monitor w/ VSCC or TE-PM2.5C","19100","Dallas-Fort Worth-Arlington, TX","48","Texas","439","Tarrant","32.6647575","-97.337905"
"12/22/2023","AQS","484391053","2","11.4","ug/m3 LC","55","Fort Worth California Parkway North","1","100.0000","88101","PM2.5 - Local Conditions","209","Met One BAM-1022 Mass Monitor w/ VSCC or TE-PM2.5C","19100","Dallas-Fort Worth-Arlington, TX","48","Texas","439","Tarrant","32.6647575","-97.337905"
"12/23/2023","AQS","484391053","2","8.7","ug/m3 LC","48","Fort Worth California Parkway North","1","100.0000","88101","PM2.5 - Local Conditions","209","Met One BAM-1022 Mass Monitor w/ VSCC or TE-PM2.5C","19100","Dallas-Fort Worth-Arlington, TX","48","Texas","439","Tarrant","32.6647575","-97.337905"
"12/24/2023","AQS","484391053","2","2.3","ug/m3 LC","13","Fort Worth California Parkway North","1","100.0000","88101","PM2.5 - Local Conditions","209","Met One BAM-1022 Mass Monitor w/ VSCC or TE-PM2.5C","19100","Dallas-Fort Worth-Arlington, TX","48","Texas","439","Tarrant","32.6647575","-97.337905"
"12/25/2023","AQS","484391053","2","4.6","ug/m3 LC","26","Fort Worth California Parkway North","1","100.0000","88101","PM2.5 - Local Conditions","209","Met One BAM-1022 Mass Monitor w/ VSCC or TE-PM2.5C","19100","Dallas-Fort Worth-Arlington, TX","48","Texas","439","Tarrant","32.6647575","-97.337905"
"12/26/2023","AQS","484391053","2","5","ug/m3 LC","28","Fort Worth California Parkway North","1","100.0000","88101","PM2.5 - Local Conditions","209","Met One BAM-1022 Mass Monitor w/ VSCC or TE-PM2.5C","19100","Dallas-Fort Worth-Arlington, TX","48","Texas","439","Tarrant","32.6647575","-97.337905"
"12/27/2023","AQS","484391053","2","2.5","ug/m3 LC","14","Fort Worth California Parkway North","1","100.0000","88101","PM2.5 - Local Conditions","209","Met One BAM-1022 Mass Monitor w/ VSCC or TE-PM2.5C","19100","Dallas-Fort Worth-Arlington, TX","48","Texas","439","Tarrant","32.6647575","-97.337905"
"12/28/2023","AQS","484391053","2","4.5","ug/m3 LC","25","Fort Worth California Parkway North","1","100.0000","88101","PM2.5 - Local Conditions","209","Met One BAM-1022 Mass Monitor w/ VSCC or TE-PM2.5C","19100","Dallas-Fort Worth-Arlington, TX","48","Texas","439","Tarrant","32.6647575","-97.337905"
"12/29/2023","AQS","484391053","2","4.5","ug/m3 LC","25","Fort Worth California Parkway North","1","100.0000","88101","PM2.5 - Local Conditions","209","Met One BAM-1022 Mass Monitor w/ VSCC or TE-PM2.5C","19100","Dallas-Fort Worth-Arlington, TX","48","Texas","439","Tarrant","32.6647575","-97.337905"
"12/30/2023","AQS","484391053","2","5.7","ug/m3 LC","32","Fort Worth California Parkway North","1","100.0000","88101","PM2.5 - Local Conditions","209","Met One BAM-1022 Mass Monitor w/ VSCC or TE-PM2.5C","19100","Dallas-Fort Worth-Arlington, TX","48","Texas","439","Tarrant","32.6647575","-97.337905"
"12/31/2023","AQS","484391053","2","6.3","ug/m3 LC","35","Fort Worth California Parkway North","1","100.0000","88101","PM2.5 - Local Conditions","209","Met One BAM-1022 Mass Monitor w/ VSCC or TE-PM2.5C","19100","Dallas-Fort Worth-Arlington, TX","48","Texas","439","Tarrant","32.6647575","-97.337905"
"01/01/2023","AQS","484391053","3","14","ug/m3 LC","60","Fort Worth California Parkway North","1","100.0000","88101","PM2.5 - Local Conditions","209","Met One BAM-1022 Mass Monitor w/ VSCC or TE-PM2.5C","19100","Dallas-Fort Worth-Arlington, TX","48","Texas","439","Tarrant","32.6647575","-97.337905"
"01/02/2023","AQS","484391053","3","21.3","ug/m3 LC","74","Fort Worth California Parkway North","1","100.0000","88101","PM2.5 - Local Conditions","209","Met One BAM-1022 Mass Monitor w/ VSCC or TE-PM2.5C","19100","Dallas-Fort Worth-Arlington, TX","48","Texas","439","Tarrant","32.6647575","-97.337905"
"01/03/2023","AQS","484391053","3","11.9","ug/m3 LC","56","Fort Worth California Parkway North","1","100.0000","88101","PM2.5 - Local Conditions","209","Met One BAM-1022 Mass Monitor w/ VSCC or TE-PM2.5C","19100","Dallas-Fort Worth-Arlington, TX","48","Texas","439","Tarrant","32.6647575","-97.337905"
"01/04/2023","AQS","484391053","3","8.4","ug/m3 LC","47","Fort Worth California Parkway North","1","100.0000","88101","PM2.5 - Local Conditions","209","Met One BAM-1022 Mass Monitor w/ VSCC or TE-PM2.5C","19100","Dallas-Fort Worth-Arlington, TX","48","Texas","439","Tarrant","32.6647575","-97.337905"
"01/05/2023","AQS","484391053","3","10.7","ug/m3 LC","54","Fort Worth California Parkway North","1","100.0000","88101","PM2.5 - Local Conditions","209","Met One BAM-1022 Mass Monitor w/ VSCC or TE-PM2.5C","19100","Dallas-Fort Worth-Arlington, TX","48","Texas","439","Tarrant","32.6647575","-97.337905"
"01/06/2023","AQS","484391053","3","14.7","ug/m3 LC","61","Fort Worth California Parkway North","1","100.0000","88101","PM2.5 - Local Conditions","209","Met One BAM-1022 Mass Monitor w/ VSCC or TE-PM2.5C","19100","Dallas-Fort Worth-Arlington, TX","48","Texas","439","Tarrant","32.6647575","-97.337905"
"01/07/2023","AQS","484391053","3","8.6","ug/m3 LC","48","Fort Worth California Parkway North","1","100.0000","88101","PM2.5 - Local Conditions","209","Met One BAM-1022 Mass Monitor w/ VSCC or TE-PM2.5C","19100","Dallas-Fort Worth-Arlington, TX","48","Texas","439","Tarrant","32.6647575","-97.337905"
"01/08/2023","AQS","484391053","3","14.6","ug/m3 LC","61","Fort Worth California Parkway North","1","100.0000","88101","PM2.5 - Local Conditions","209","Met One BAM-1022 Mass Monitor w/ VSCC or TE-PM2.5C","19100","Dallas-Fort Worth-Arlington, TX","48","Texas","439","Tarrant","32.6647575","-97.337905"
"01/09/2023","AQS","484391053","3","16.9","ug/m3 LC","66","Fort Worth California Parkway North","1","100.0000","88101","PM2.5 - Local Conditions","209","Met One BAM-1022 Mass Monitor w/ VSCC or TE-PM2.5C","19100","Dallas-Fort Worth-Arlington, TX","48","Texas","439","Tarrant","32.6647575","-97.337905"
"01/10/2023","AQS","484391053","3","10.2","ug/m3 LC","53","Fort Worth California Parkway North","1","100.0000","88101","PM2.5 - Local Conditions","209","Met One BAM-1022 Mass Monitor w/ VSCC or TE-PM2.5C","19100","Dallas-Fort Worth-Arlington, TX","48","Texas","439","Tarrant","32.6647575","-97.337905"
"01/11/2023","AQS","484391053","3","11.1","ug/m3 LC","55","Fort Worth California Parkway North","1","100.0000","88101","PM2.5 - Local Conditions","209","Met One BAM-1022 Mass Monitor w/ VSCC or TE-PM2.5C","19100","Dallas-Fort Worth-Arlington, TX","48","Texas","439","Tarrant","32.6647575","-97.337905"
"01/12/2023","AQS","484391053","3","6.5","ug/m3 LC","36","Fort Worth California Parkway North","1","100.0000","88101","PM2.5 - Local Conditions","209","Met One BAM-1022 Mass Monitor w/ VSCC or TE-PM2.5C","19100","Dallas-Fort Worth-Arlington, TX","48","Texas","439","Tarrant","32.6647575","-97.337905"
"01/13/2023","AQS","484391053","3","10.6","ug/m3 LC","54","Fort Worth California Parkway North","1","100.0000","88101","PM2.5 - Local Conditions","209","Met One BAM-1022 Mass Monitor w/ VSCC or TE-PM2.5C","19100","Dallas-Fort Worth-Arlington, TX","48","Texas","439","Tarrant","32.6647575","-97.337905"
"01/14/2023","AQS","484391053","3","11.2","ug/m3 LC","55","Fort Worth California Parkway North","1","100.0000","88101","PM2.5 - Local Conditions","209","Met One BAM-1022 Mass Monitor w/ VSCC or TE-PM2.5C","19100","Dallas-Fort Worth-Arlington, TX","48","Texas","439","Tarrant","32.6647575","-97.337905"
"01/15/2023","AQS","484391053","3","8.7","ug/m3 LC","48","Fort Worth California Parkway North","1","100.0000","88101","PM2.5 - Local Conditions","209","Met One BAM-1022 Mass Monitor w/ VSCC or TE-PM2.5C","19100","Dallas-Fort Worth-Arlington, TX","48","Texas","439","Tarrant","32.6647575","-97.337905"
"01/16/2023","AQS","484391053","3","8.8","ug/m3 LC","49","Fort Worth California Parkway North","1","100.0000","88101","PM2.5 - Local Conditions","209","Met One BAM-1022 Mass Monitor w/ VSCC or TE-PM2.5C","19100","Dallas-Fort Worth-Arlington, TX","48","Texas","439","Tarrant","32.6647575","-97.337905"
"01/17/2023","AQS","484391053","3","11","ug/m3 LC","55","Fort Worth California Parkway North","1","100.0000","88101","PM2.5 - Local Conditions","209","Met One BAM-1022 Mass Monitor w/ VSCC or TE-PM2.5C","19100","Dallas-Fort Worth-Arlington, TX","48","Texas","439","Tarrant","32.6647575","-97.337905"
"01/18/2023","AQS","484391053","3","9.8","ug/m3 LC","52","Fort Worth California Parkway North","1","100.0000","88101","PM2.5 - Local Conditions","209","Met One BAM-1022 Mass Monitor w/ VSCC or TE-PM2.5C","19100","Dallas-Fort Worth-Arlington, TX","48","Texas","439","Tarrant","32.6647575","-97.337905"
"01/19/2023","AQS","484391053","3","7.1","ug/m3 LC","39","Fort Worth California Parkway North","1","100.0000","88101","PM2.5 - Local Conditions","209","Met One BAM-1022 Mass Monitor w/ VSCC or TE-PM2.5C","19100","Dallas-Fort Worth-Arlington, TX","48","Texas","439","Tarrant","32.6647575","-97.337905"
"01/20/2023","AQS","484391053","3","12.6","ug/m3 LC","58","Fort Worth California Parkway North","1","100.0000","88101","PM2.5 - Local Conditions","209","Met One BAM-1022 Mass Monitor w/ VSCC or TE-PM2.5C","19100","Dallas-Fort Worth-Arlington, TX","48","Texas","439","Tarrant","32.6647575","-97.337905"
"01/21/2023","AQS","484391053","3","9.4","ug/m3 LC","52","Fort Worth California Parkway North","1","100.0000","88101","PM2.5 - Local Conditions","209","Met One BAM-1022 Mass Monitor w/ VSCC or TE-PM2.5C","19100","Dallas-Fort Worth-Arlington, TX","48","Texas","439","Tarrant","32.6647575","-97.337905"
"01/22/2023","AQS","484391053","3","8.7","ug/m3 LC","48","Fort Worth California Parkway North","1","100.0000","88101","PM2.5 - Local Conditions","209","Met One BAM-1022 Mass Monitor w/ VSCC or TE-PM2.5C","19100","Dallas-Fort Worth-Arlington, TX","48","Texas","439","Tarrant","32.6647575","-97.337905"
"01/23/2023","AQS","484391053","3","14","ug/m3 LC","60","Fort Worth California Parkway North","1","100.0000","88101","PM2.5 - Local Conditions","209","Met One BAM-1022 Mass Monitor w/ VSCC or TE-PM2.5C","19100","Dallas-Fort Worth-Arlington, TX","48","Texas","439","Tarrant","32.6647575","-97.337905"
"01/24/2023","AQS","484391053","3","7.9","ug/m3 LC","44","Fort Worth California Parkway North","1","100.0000","88101","PM2.5 - Local Conditions","209","Met One BAM-1022 Mass Monitor w/ VSCC or TE-PM2.5C","19100","Dallas-Fort Worth-Arlington, TX","48","Texas","439","Tarrant","32.6647575","-97.337905"
"01/25/2023","AQS","484391053","3","10.5","ug/m3 LC","54","Fort Worth California Parkway North","1","100.0000","88101","PM2.5 - Local Conditions","209","Met One BAM-1022 Mass Monitor w/ VSCC or TE-PM2.5C","19100","Dallas-Fort Worth-Arlington, TX","48","Texas","439","Tarrant","32.6647575","-97.337905"
"01/26/2023","AQS","484391053","3","9.4","ug/m3 LC","52","Fort Worth California Parkway North","1","100.0000","88101","PM2.5 - Local Conditions","209","Met One BAM-1022 Mass Monitor w/ VSCC or TE-PM2.5C","19100","Dallas-Fort Worth-Arlington, TX","48","Texas","439","Tarrant","32.6647575","-97.337905"
"01/27/2023","AQS","484391053","3","9.2","ug/m3 LC","51","Fort Worth California Parkway North","1","100.0000","88101","PM2.5 - Local Conditions","209","Met One BAM-1022 Mass Monitor w/ VSCC or TE-PM2.5C","19100","Dallas-Fort Worth-Arlington, TX","48","Texas","439","Tarrant","32.6647575","-97.337905"
"01/28/2023","AQS","484391053","3","10","ug/m3 LC","53","Fort Worth California Parkway North","1","100.0000","88101","PM2.5 - Local Conditions","209","Met One BAM-1022 Mass Monitor w/ VSCC or TE-PM2.5C","19100","Dallas-Fort Worth-Arlington, TX","48","Texas","439","Tarrant","32.6647575","-97.337905"
"01/29/2023","AQS","484391053","3","10.6","ug/m3 LC","54","Fort Worth California Parkway North","1","100.0000","88101","PM2.5 - Local Conditions","209","Met One BAM-1022 Mass Monitor w/ VSCC or TE-PM2.5C","19100","Dallas-Fort Worth-Arlington, TX","48","Texas","439","Tarrant","32.6647575","-97.337905"
"01/30/2023","AQS","484391053","3","8.1","ug/m3 LC","45","Fort Worth California Parkway North","1","100.0000","88101","PM2.5 - Local Conditions","209","Met One BAM-1022 Mass Monitor w/ VSCC or TE-PM2.5C","19100","Dallas-Fort Worth-Arlington, TX","48","Texas","439","Tarrant","32.6647575","-97.337905"
"01/31/2023","AQS","484391053","3","7.7","ug/m3 LC","43","Fort Worth California Parkway North","1","100.0000","88101","PM2.5 - Local Conditions","209","Met One BAM-1022 Mass Monitor w/ VSCC or TE-PM2.5C","19100","Dallas-Fort Worth-Arlington, TX","48","Texas","439","Tarrant","32.6647575","-97.337905"
"02/08/2023","AQS","484391053","3","5.3","ug/m3 LC","29","Fort Worth California Parkway North","1","100.0000","88101","PM2.5 - Local Conditions","209","Met One BAM-1022 Mass Monitor w/ VSCC or TE-PM2.5C","19100","Dallas-Fort Worth-Arlington, TX","48","Texas","439","Tarrant","32.6647575","-97.337905"
"02/09/2023","AQS","484391053","3","10.8","ug/m3 LC","54","Fort Worth California Parkway North","1","100.0000","88101","PM2.5 - Local Conditions","209","Met One BAM-1022 Mass Monitor w/ VSCC or TE-PM2.5C","19100","Dallas-Fort Worth-Arlington, TX","48","Texas","439","Tarrant","32.6647575","-97.337905"
"02/10/2023","AQS","484391053","3","5.4","ug/m3 LC","30","Fort Worth California Parkway North","1","100.0000","88101","PM2.5 - Local Conditions","209","Met One BAM-1022 Mass Monitor w/ VSCC or TE-PM2.5C","19100","Dallas-Fort Worth-Arlington, TX","48","Texas","439","Tarrant","32.6647575","-97.337905"
"02/11/2023","AQS","484391053","3","10.7","ug/m3 LC","54","Fort Worth California Parkway North","1","100.0000","88101","PM2.5 - Local Conditions","209","Met One BAM-1022 Mass Monitor w/ VSCC or TE-PM2.5C","19100","Dallas-Fort Worth-Arlington, TX","48","Texas","439","Tarrant","32.6647575","-97.337905"
"02/12/2023","AQS","484391053","3","9.7","ug/m3 LC","52","Fort Worth California Parkway North","1","100.0000","88101","PM2.5 - Local Conditions","209","Met One BAM-1022 Mass Monitor w/ VSCC or TE-PM2.5C","19100","Dallas-Fort Worth-Arlington, TX","48","Texas","439","Tarrant","32.6647575","-97.337905"
"02/13/2023","AQS","484391053","3","9","ug/m3 LC","50","Fort Worth California Parkway North","1","100.0000","88101","PM2.5 - Local Conditions","209","Met One BAM-1022 Mass Monitor w/ VSCC or TE-PM2.5C","19100","Dallas-Fort Worth-Arlington, TX","48","Texas","439","Tarrant","32.6647575","-97.337905"
"02/14/2023","AQS","484391053","3","6.3","ug/m3 LC","35","Fort Worth California Parkway North","1","100.0000","88101","PM2.5 - Local Conditions","209","Met One BAM-1022 Mass Monitor w/ VSCC or TE-PM2.5C","19100","Dallas-Fort Worth-Arlington, TX","48","Texas","439","Tarrant","32.6647575","-97.337905"
"02/15/2023","AQS","484391053","3","12.8","ug/m3 LC","58","Fort Worth California Parkway North","1","100.0000","88101","PM2.5 - Local Conditions","209","Met One BAM-1022 Mass Monitor w/ VSCC or TE-PM2.5C","19100","Dallas-Fort Worth-Arlington, TX","48","Texas","439","Tarrant","32.6647575","-97.337905"
"02/16/2023","AQS","484391053","3","4.7","ug/m3 LC","26","Fort Worth California Parkway North","1","100.0000","88101","PM2.5 - Local Conditions","209","Met One BAM-1022 Mass Monitor w/ VSCC or TE-PM2.5C","19100","Dallas-Fort Worth-Arlington, TX","48","Texas","439","Tarrant","32.6647575","-97.337905"
"02/17/2023","AQS","484391053","3","6.7","ug/m3 LC","37","Fort Worth California Parkway North","1","100.0000","88101","PM2.5 - Local Conditions","209","Met One BAM-1022 Mass Monitor w/ VSCC or TE-PM2.5C","19100","Dallas-Fort Worth-Arlington, TX","48","Texas","439","Tarrant","32.6647575","-97.337905"
"02/18/2023","AQS","484391053","3","11","ug/m3 LC","55","Fort Worth California Parkway North","1","100.0000","88101","PM2.5 - Local Conditions","209","Met One BAM-1022 Mass Monitor w/ VSCC or TE-PM2.5C","19100","Dallas-Fort Worth-Arlington, TX","48","Texas","439","Tarrant","32.6647575","-97.337905"
"02/19/2023","AQS","484391053","3","8.7","ug/m3 LC","48","Fort Worth California Parkway North","1","100.0000","88101","PM2.5 - Local Conditions","209","Met One BAM-1022 Mass Monitor w/ VSCC or TE-PM2.5C","19100","Dallas-Fort Worth-Arlington, TX","48","Texas","439","Tarrant","32.6647575","-97.337905"
"02/20/2023","AQS","484391053","3","9.3","ug/m3 LC","51","Fort Worth California Parkway North","1","100.0000","88101","PM2.5 - Local Conditions","209","Met One BAM-1022 Mass Monitor w/ VSCC or TE-PM2.5C","19100","Dallas-Fort Worth-Arlington, TX","48","Texas","439","Tarrant","32.6647575","-97.337905"
"02/21/2023","AQS","484391053","3","9.5","ug/m3 LC","52","Fort Worth California Parkway North","1","100.0000","88101","PM2.5 - Local Conditions","209","Met One BAM-1022 Mass Monitor w/ VSCC or TE-PM2.5C","19100","Dallas-Fort Worth-Arlington, TX","48","Texas","439","Tarrant","32.6647575","-97.337905"
"02/22/2023","AQS","484391053","3","9.6","ug/m3 LC","52","Fort Worth California Parkway North","1","100.0000","88101","PM2.5 - Local Conditions","209","Met One BAM-1022 Mass Monitor w/ VSCC or TE-PM2.5C","19100","Dallas-Fort Worth-Arlington, TX","48","Texas","439","Tarrant","32.6647575","-97.337905"
"02/23/2023","AQS","484391053","3","7.9","ug/m3 LC","44","Fort Worth California Parkway North","1","100.0000","88101","PM2.5 - Local Conditions","209","Met One BAM-1022 Mass Monitor w/ VSCC or TE-PM2.5C","19100","Dallas-Fort Worth-Arlington, TX","48","Texas","439","Tarrant","32.6647575","-97.337905"
"02/24/2023","AQS","484391053","3","7.8","ug/m3 LC","43","Fort Worth California Parkway North","1","100.0000","88101","PM2.5 - Local Conditions","209","Met One BAM-1022 Mass Monitor w/ VSCC or TE-PM2.5C","19100","Dallas-Fort Worth-Arlington, TX","48","Texas","439","Tarrant","32.6647575","-97.337905"
"02/25/2023","AQS","484391053","3","17.5","ug/m3 LC","67","Fort Worth California Parkway North","1","100.0000","88101","PM2.5 - Local Conditions","209","Met One BAM-1022 Mass Monitor w/ VSCC or TE-PM2.5C","19100","Dallas-Fort Worth-Arlington, TX","48","Texas","439","Tarrant","32.6647575","-97.337905"
"02/26/2023","AQS","484391053","3","26.6","ug/m3 LC","84","Fort Worth California Parkway North","1","100.0000","88101","PM2.5 - Local Conditions","209","Met One BAM-1022 Mass Monitor w/ VSCC or TE-PM2.5C","19100","Dallas-Fort Worth-Arlington, TX","48","Texas","439","Tarrant","32.6647575","-97.337905"
"02/27/2023","AQS","484391053","3","43","ug/m3 LC","119","Fort Worth California Parkway North","1","100.0000","88101","PM2.5 - Local Conditions","209","Met One BAM-1022 Mass Monitor w/ VSCC or TE-PM2.5C","19100","Dallas-Fort Worth-Arlington, TX","48","Texas","439","Tarrant","32.6647575","-97.337905"
"02/28/2023","AQS","484391053","3","8.5","ug/m3 LC","47","Fort Worth California Parkway North","1","100.0000","88101","PM2.5 - Local Conditions","209","Met One BAM-1022 Mass Monitor w/ VSCC or TE-PM2.5C","19100","Dallas-Fort Worth-Arlington, TX","48","Texas","439","Tarrant","32.6647575","-97.337905"
"03/01/2023","AQS","484391053","3","15.2","ug/m3 LC","62","Fort Worth California Parkway North","1","100.0000","88101","PM2.5 - Local Conditions","209","Met One BAM-1022 Mass Monitor w/ VSCC or TE-PM2.5C","19100","Dallas-Fort Worth-Arlington, TX","48","Texas","439","Tarrant","32.6647575","-97.337905"
"03/02/2023","AQS","484391053","3","20.5","ug/m3 LC","72","Fort Worth California Parkway North","1","100.0000","88101","PM2.5 - Local Conditions","209","Met One BAM-1022 Mass Monitor w/ VSCC or TE-PM2.5C","19100","Dallas-Fort Worth-Arlington, TX","48","Texas","439","Tarrant","32.6647575","-97.337905"
"03/03/2023","AQS","484391053","3","9.5","ug/m3 LC","52","Fort Worth California Parkway North","1","100.0000","88101","PM2.5 - Local Conditions","209","Met One BAM-1022 Mass Monitor w/ VSCC or TE-PM2.5C","19100","Dallas-Fort Worth-Arlington, TX","48","Texas","439","Tarrant","32.6647575","-97.337905"
"03/04/2023","AQS","484391053","3","10.2","ug/m3 LC","53","Fort Worth California Parkway North","1","100.0000","88101","PM2.5 - Local Conditions","209","Met One BAM-1022 Mass Monitor w/ VSCC or TE-PM2.5C","19100","Dallas-Fort Worth-Arlington, TX","48","Texas","439","Tarrant","32.6647575","-97.337905"
"03/05/2023","AQS","484391053","3","10.5","ug/m3 LC","54","Fort Worth California Parkway North","1","100.0000","88101","PM2.5 - Local Conditions","209","Met One BAM-1022 Mass Monitor w/ VSCC or TE-PM2.5C","19100","Dallas-Fort Worth-Arlington, TX","48","Texas","439","Tarrant","32.6647575","-97.337905"
"03/06/2023","AQS","484391053","3","11.9","ug/m3 LC","56","Fort Worth California Parkway North","1","100.0000","88101","PM2.5 - Local Conditions","209","Met One BAM-1022 Mass Monitor w/ VSCC or TE-PM2.5C","19100","Dallas-Fort Worth-Arlington, TX","48","Texas","439","Tarrant","32.6647575","-97.337905"
"03/07/2023","AQS","484391053","3","19.2","ug/m3 LC","70","Fort Worth California Parkway North","1","100.0000","88101","PM2.5 - Local Conditions","209","Met One BAM-1022 Mass Monitor w/ VSCC or TE-PM2.5C","19100","Dallas-Fort Worth-Arlington, TX","48","Texas","439","Tarrant","32.6647575","-97.337905"
"03/08/2023","AQS","484391053","3","10.9","ug/m3 LC","54","Fort Worth California Parkway North","1","100.0000","88101","PM2.5 - Local Conditions","209","Met One BAM-1022 Mass Monitor w/ VSCC or TE-PM2.5C","19100","Dallas-Fort Worth-Arlington, TX","48","Texas","439","Tarrant","32.6647575","-97.337905"
"03/09/2023","AQS","484391053","3","16.1","ug/m3 LC","64","Fort Worth California Parkway North","1","100.0000","88101","PM2.5 - Local Conditions","209","Met One BAM-1022 Mass Monitor w/ VSCC or TE-PM2.5C","19100","Dallas-Fort Worth-Arlington, TX","48","Texas","439","Tarrant","32.6647575","-97.337905"
"03/10/2023","AQS","484391053","3","7.2","ug/m3 LC","40","Fort Worth California Parkway North","1","100.0000","88101","PM2.5 - Local Conditions","209","Met One BAM-1022 Mass Monitor w/ VSCC or TE-PM2.5C","19100","Dallas-Fort Worth-Arlington, TX","48","Texas","439","Tarrant","32.6647575","-97.337905"
"03/11/2023","AQS","484391053","3","13.9","ug/m3 LC","60","Fort Worth California Parkway North","1","100.0000","88101","PM2.5 - Local Conditions","209","Met One BAM-1022 Mass Monitor w/ VSCC or TE-PM2.5C","19100","Dallas-Fort Worth-Arlington, TX","48","Texas","439","Tarrant","32.6647575","-97.337905"
"03/12/2023","AQS","484391053","3","4.8","ug/m3 LC","27","Fort Worth California Parkway North","1","100.0000","88101","PM2.5 - Local Conditions","209","Met One BAM-1022 Mass Monitor w/ VSCC or TE-PM2.5C","19100","Dallas-Fort Worth-Arlington, TX","48","Texas","439","Tarrant","32.6647575","-97.337905"
"03/13/2023","AQS","484391053","3","5.5","ug/m3 LC","31","Fort Worth California Parkway North","1","100.0000","88101","PM2.5 - Local Conditions","209","Met One BAM-1022 Mass Monitor w/ VSCC or TE-PM2.5C","19100","Dallas-Fort Worth-Arlington, TX","48","Texas","439","Tarrant","32.6647575","-97.337905"
"03/14/2023","AQS","484391053","3","9.9","ug/m3 LC","52","Fort Worth California Parkway North","1","100.0000","88101","PM2.5 - Local Conditions","209","Met One BAM-1022 Mass Monitor w/ VSCC or TE-PM2.5C","19100","Dallas-Fort Worth-Arlington, TX","48","Texas","439","Tarrant","32.6647575","-97.337905"
"03/15/2023","AQS","484391053","3","14.1","ug/m3 LC","60","Fort Worth California Parkway North","1","100.0000","88101","PM2.5 - Local Conditions","209","Met One BAM-1022 Mass Monitor w/ VSCC or TE-PM2.5C","19100","Dallas-Fort Worth-Arlington, TX","48","Texas","439","Tarrant","32.6647575","-97.337905"
"03/16/2023","AQS","484391053","3","7.6","ug/m3 LC","42","Fort Worth California Parkway North","1","100.0000","88101","PM2.5 - Local Conditions","209","Met One BAM-1022 Mass Monitor w/ VSCC or TE-PM2.5C","19100","Dallas-Fort Worth-Arlington, TX","48","Texas","439","Tarrant","32.6647575","-97.337905"
"03/17/2023","AQS","484391053","3","4.8","ug/m3 LC","27","Fort Worth California Parkway North","1","100.0000","88101","PM2.5 - Local Conditions","209","Met One BAM-1022 Mass Monitor w/ VSCC or TE-PM2.5C","19100","Dallas-Fort Worth-Arlington, TX","48","Texas","439","Tarrant","32.6647575","-97.337905"
"03/18/2023","AQS","484391053","3","8.1","ug/m3 LC","45","Fort Worth California Parkway North","1","100.0000","88101","PM2.5 - Local Conditions","209","Met One BAM-1022 Mass Monitor w/ VSCC or TE-PM2.5C","19100","Dallas-Fort Worth-Arlington, TX","48","Texas","439","Tarrant","32.6647575","-97.337905"
"03/19/2023","AQS","484391053","3","9.9","ug/m3 LC","52","Fort Worth California Parkway North","1","100.0000","88101","PM2.5 - Local Conditions","209","Met One BAM-1022 Mass Monitor w/ VSCC or TE-PM2.5C","19100","Dallas-Fort Worth-Arlington, TX","48","Texas","439","Tarrant","32.6647575","-97.337905"
"03/20/2023","AQS","484391053","3","9.7","ug/m3 LC","52","Fort Worth California Parkway North","1","100.0000","88101","PM2.5 - Local Conditions","209","Met One BAM-1022 Mass Monitor w/ VSCC or TE-PM2.5C","19100","Dallas-Fort Worth-Arlington, TX","48","Texas","439","Tarrant","32.6647575","-97.337905"
"03/21/2023","AQS","484391053","3","8.2","ug/m3 LC","46","Fort Worth California Parkway North","1","100.0000","88101","PM2.5 - Local Conditions","209","Met One BAM-1022 Mass Monitor w/ VSCC or TE-PM2.5C","19100","Dallas-Fort Worth-Arlington, TX","48","Texas","439","Tarrant","32.6647575","-97.337905"
"03/22/2023","AQS","484391053","3","10.9","ug/m3 LC","54","Fort Worth California Parkway North","1","100.0000","88101","PM2.5 - Local Conditions","209","Met One BAM-1022 Mass Monitor w/ VSCC or TE-PM2.5C","19100","Dallas-Fort Worth-Arlington, TX","48","Texas","439","Tarrant","32.6647575","-97.337905"
"03/23/2023","AQS","484391053","3","13.5","ug/m3 LC","59","Fort Worth California Parkway North","1","100.0000","88101","PM2.5 - Local Conditions","209","Met One BAM-1022 Mass Monitor w/ VSCC or TE-PM2.5C","19100","Dallas-Fort Worth-Arlington, TX","48","Texas","439","Tarrant","32.6647575","-97.337905"
"03/24/2023","AQS","484391053","3","9.2","ug/m3 LC","51","Fort Worth California Parkway North","1","100.0000","88101","PM2.5 - Local Conditions","209","Met One BAM-1022 Mass Monitor w/ VSCC or TE-PM2.5C","19100","Dallas-Fort Worth-Arlington, TX","48","Texas","439","Tarrant","32.6647575","-97.337905"
"03/25/2023","AQS","484391053","3","17.2","ug/m3 LC","66","Fort Worth California Parkway North","1","100.0000","88101","PM2.5 - Local Conditions","209","Met One BAM-1022 Mass Monitor w/ VSCC or TE-PM2.5C","19100","Dallas-Fort Worth-Arlington, TX","48","Texas","439","Tarrant","32.6647575","-97.337905"
"03/28/2023","AQS","484391053","3","11.1","ug/m3 LC","55","Fort Worth California Parkway North","1","100.0000","88101","PM2.5 - Local Conditions","209","Met One BAM-1022 Mass Monitor w/ VSCC or TE-PM2.5C","19100","Dallas-Fort Worth-Arlington, TX","48","Texas","439","Tarrant","32.6647575","-97.337905"
"03/29/2023","AQS","484391053","3","17.3","ug/m3 LC","66","Fort Worth California Parkway North","1","100.0000","88101","PM2.5 - Local Conditions","209","Met One BAM-1022 Mass Monitor w/ VSCC or TE-PM2.5C","19100","Dallas-Fort Worth-Arlington, TX","48","Texas","439","Tarrant","32.6647575","-97.337905"
"03/30/2023","AQS","484391053","3","16.7","ug/m3 LC","65","Fort Worth California Parkway North","1","100.0000","88101","PM2.5 - Local Conditions","209","Met One BAM-1022 Mass Monitor w/ VSCC or TE-PM2.5C","19100","Dallas-Fort Worth-Arlington, TX","48","Texas","439","Tarrant","32.6647575","-97.337905"
"03/31/2023","AQS","484391053","3","13.4","ug/m3 LC","59","Fort Worth California Parkway North","1","100.0000","88101","PM2.5 - Local Conditions","209","Met One BAM-1022 Mass Monitor w/ VSCC or TE-PM2.5C","19100","Dallas-Fort Worth-Arlington, TX","48","Texas","439","Tarrant","32.6647575","-97.337905"
"04/01/2023","AQS","484391053","3","10.3","ug/m3 LC","53","Fort Worth California Parkway North","1","100.0000","88101","PM2.5 - Local Conditions","209","Met One BAM-1022 Mass Monitor w/ VSCC or TE-PM2.5C","19100","Dallas-Fort Worth-Arlington, TX","48","Texas","439","Tarrant","32.6647575","-97.337905"
"04/02/2023","AQS","484391053","3","16.4","ug/m3 LC","65","Fort Worth California Parkway North","1","100.0000","88101","PM2.5 - Local Conditions","209","Met One BAM-1022 Mass Monitor w/ VSCC or TE-PM2.5C","19100","Dallas-Fort Worth-Arlington, TX","48","Texas","439","Tarrant","32.6647575","-97.337905"
"04/03/2023","AQS","484391053","3","19.2","ug/m3 LC","70","Fort Worth California Parkway North","1","100.0000","88101","PM2.5 - Local Conditions","209","Met One BAM-1022 Mass Monitor w/ VSCC or TE-PM2.5C","19100","Dallas-Fort Worth-Arlington, TX","48","Texas","439","Tarrant","32.6647575","-97.337905"
"04/04/2023","AQS","484391053","3","23.5","ug/m3 LC","78","Fort Worth California Parkway North","1","100.0000","88101","PM2.5 - Local Conditions","209","Met One BAM-1022 Mass Monitor w/ VSCC or TE-PM2.5C","19100","Dallas-Fort Worth-Arlington, TX","48","Texas","439","Tarrant","32.6647575","-97.337905"
"04/05/2023","AQS","484391053","3","9.4","ug/m3 LC","52","Fort Worth California Parkway North","1","100.0000","88101","PM2.5 - Local Conditions","209","Met One BAM-1022 Mass Monitor w/ VSCC or TE-PM2.5C","19100","Dallas-Fort Worth-Arlington, TX","48","Texas","439","Tarrant","32.6647575","-97.337905"
"04/06/2023","AQS","484391053","3","7","ug/m3 LC","39","Fort Worth California Parkway North","1","100.0000","88101","PM2.5 - Local Conditions","209","Met One BAM-1022 Mass Monitor w/ VSCC or TE-PM2.5C","19100","Dallas-Fort Worth-Arlington, TX","48","Texas","439","Tarrant","32.6647575","-97.337905"
"04/07/2023","AQS","484391053","3","7.7","ug/m3 LC","43","Fort Worth California Parkway North","1","100.0000","88101","PM2.5 - Local Conditions","209","Met One BAM-1022 Mass Monitor w/ VSCC or TE-PM2.5C","19100","Dallas-Fort Worth-Arlington, TX","48","Texas","439","Tarrant","32.6647575","-97.337905"
"04/08/2023","AQS","484391053","3","12.2","ug/m3 LC","57","Fort Worth California Parkway North","1","100.0000","88101","PM2.5 - Local Conditions","209","Met One BAM-1022 Mass Monitor w/ VSCC or TE-PM2.5C","19100","Dallas-Fort Worth-Arlington, TX","48","Texas","439","Tarrant","32.6647575","-97.337905"
"04/09/2023","AQS","484391053","3","14.7","ug/m3 LC","61","Fort Worth California Parkway North","1","100.0000","88101","PM2.5 - Local Conditions","209","Met One BAM-1022 Mass Monitor w/ VSCC or TE-PM2.5C","19100","Dallas-Fort Worth-Arlington, TX","48","Texas","439","Tarrant","32.6647575","-97.337905"
"04/10/2023","AQS","484391053","3","12.1","ug/m3 LC","57","Fort Worth California Parkway North","1","100.0000","88101","PM2.5 - Local Conditions","209","Met One BAM-1022 Mass Monitor w/ VSCC or TE-PM2.5C","19100","Dallas-Fort Worth-Arlington, TX","48","Texas","439","Tarrant","32.6647575","-97.337905"
"04/11/2023","AQS","484391053","3","11.2","ug/m3 LC","55","Fort Worth California Parkway North","1","100.0000","88101","PM2.5 - Local Conditions","209","Met One BAM-1022 Mass Monitor w/ VSCC or TE-PM2.5C","19100","Dallas-Fort Worth-Arlington, TX","48","Texas","439","Tarrant","32.6647575","-97.337905"
"04/12/2023","AQS","484391053","3","12.7","ug/m3 LC","58","Fort Worth California Parkway North","1","100.0000","88101","PM2.5 - Local Conditions","209","Met One BAM-1022 Mass Monitor w/ VSCC or TE-PM2.5C","19100","Dallas-Fort Worth-Arlington, TX","48","Texas","439","Tarrant","32.6647575","-97.337905"
"04/13/2023","AQS","484391053","3","11.3","ug/m3 LC","55","Fort Worth California Parkway North","1","100.0000","88101","PM2.5 - Local Conditions","209","Met One BAM-1022 Mass Monitor w/ VSCC or TE-PM2.5C","19100","Dallas-Fort Worth-Arlington, TX","48","Texas","439","Tarrant","32.6647575","-97.337905"
"04/14/2023","AQS","484391053","3","10.5","ug/m3 LC","54","Fort Worth California Parkway North","1","100.0000","88101","PM2.5 - Local Conditions","209","Met One BAM-1022 Mass Monitor w/ VSCC or TE-PM2.5C","19100","Dallas-Fort Worth-Arlington, TX","48","Texas","439","Tarrant","32.6647575","-97.337905"
"04/15/2023","AQS","484391053","3","8.3","ug/m3 LC","46","Fort Worth California Parkway North","1","100.0000","88101","PM2.5 - Local Conditions","209","Met One BAM-1022 Mass Monitor w/ VSCC or TE-PM2.5C","19100","Dallas-Fort Worth-Arlington, TX","48","Texas","439","Tarrant","32.6647575","-97.337905"
"04/16/2023","AQS","484391053","3","7.1","ug/m3 LC","39","Fort Worth California Parkway North","1","100.0000","88101","PM2.5 - Local Conditions","209","Met One BAM-1022 Mass Monitor w/ VSCC or TE-PM2.5C","19100","Dallas-Fort Worth-Arlington, TX","48","Texas","439","Tarrant","32.6647575","-97.337905"
"04/17/2023","AQS","484391053","3","10.6","ug/m3 LC","54","Fort Worth California Parkway North","1","100.0000","88101","PM2.5 - Local Conditions","209","Met One BAM-1022 Mass Monitor w/ VSCC or TE-PM2.5C","19100","Dallas-Fort Worth-Arlington, TX","48","Texas","439","Tarrant","32.6647575","-97.337905"
"04/18/2023","AQS","484391053","3","13.2","ug/m3 LC","59","Fort Worth California Parkway North","1","100.0000","88101","PM2.5 - Local Conditions","209","Met One BAM-1022 Mass Monitor w/ VSCC or TE-PM2.5C","19100","Dallas-Fort Worth-Arlington, TX","48","Texas","439","Tarrant","32.6647575","-97.337905"
"04/19/2023","AQS","484391053","3","12.4","ug/m3 LC","57","Fort Worth California Parkway North","1","100.0000","88101","PM2.5 - Local Conditions","209","Met One BAM-1022 Mass Monitor w/ VSCC or TE-PM2.5C","19100","Dallas-Fort Worth-Arlington, TX","48","Texas","439","Tarrant","32.6647575","-97.337905"
"04/20/2023","AQS","484391053","3","21.6","ug/m3 LC","74","Fort Worth California Parkway North","1","100.0000","88101","PM2.5 - Local Conditions","209","Met One BAM-1022 Mass Monitor w/ VSCC or TE-PM2.5C","19100","Dallas-Fort Worth-Arlington, TX","48","Texas","439","Tarrant","32.6647575","-97.337905"
"04/21/2023","AQS","484391053","3","11.5","ug/m3 LC","55","Fort Worth California Parkway North","1","100.0000","88101","PM2.5 - Local Conditions","209","Met One BAM-1022 Mass Monitor w/ VSCC or TE-PM2.5C","19100","Dallas-Fort Worth-Arlington, TX","48","Texas","439","Tarrant","32.6647575","-97.337905"
"04/22/2023","AQS","484391053","3","10.3","ug/m3 LC","53","Fort Worth California Parkway North","1","100.0000","88101","PM2.5 - Local Conditions","209","Met One BAM-1022 Mass Monitor w/ VSCC or TE-PM2.5C","19100","Dallas-Fort Worth-Arlington, TX","48","Texas","439","Tarrant","32.6647575","-97.337905"
"04/23/2023","AQS","484391053","3","6.7","ug/m3 LC","37","Fort Worth California Parkway North","1","100.0000","88101","PM2.5 - Local Conditions","209","Met One BAM-1022 Mass Monitor w/ VSCC or TE-PM2.5C","19100","Dallas-Fort Worth-Arlington, TX","48","Texas","439","Tarrant","32.6647575","-97.337905"
"04/24/2023","AQS","484391053","3","10.2","ug/m3 LC","53","Fort Worth California Parkway North","1","100.0000","88101","PM2.5 - Local Conditions","209","Met One BAM-1022 Mass Monitor w/ VSCC or TE-PM2.5C","19100","Dallas-Fort Worth-Arlington, TX","48","Texas","439","Tarrant","32.6647575","-97.337905"
"04/25/2023","AQS","484391053","3","13","ug/m3 LC","58","Fort Worth California Parkway North","1","100.0000","88101","PM2.5 - Local Conditions","209","Met One BAM-1022 Mass Monitor w/ VSCC or TE-PM2.5C","19100","Dallas-Fort Worth-Arlington, TX","48","Texas","439","Tarrant","32.6647575","-97.337905"
"04/26/2023","AQS","484391053","3","9.3","ug/m3 LC","51","Fort Worth California Parkway North","1","100.0000","88101","PM2.5 - Local Conditions","209","Met One BAM-1022 Mass Monitor w/ VSCC or TE-PM2.5C","19100","Dallas-Fort Worth-Arlington, TX","48","Texas","439","Tarrant","32.6647575","-97.337905"
"04/27/2023","AQS","484391053","3","6.3","ug/m3 LC","35","Fort Worth California Parkway North","1","100.0000","88101","PM2.5 - Local Conditions","209","Met One BAM-1022 Mass Monitor w/ VSCC or TE-PM2.5C","19100","Dallas-Fort Worth-Arlington, TX","48","Texas","439","Tarrant","32.6647575","-97.337905"
"04/28/2023","AQS","484391053","3","8.1","ug/m3 LC","45","Fort Worth California Parkway North","1","100.0000","88101","PM2.5 - Local Conditions","209","Met One BAM-1022 Mass Monitor w/ VSCC or TE-PM2.5C","19100","Dallas-Fort Worth-Arlington, TX","48","Texas","439","Tarrant","32.6647575","-97.337905"
"04/29/2023","AQS","484391053","3","5.7","ug/m3 LC","32","Fort Worth California Parkway North","1","100.0000","88101","PM2.5 - Local Conditions","209","Met One BAM-1022 Mass Monitor w/ VSCC or TE-PM2.5C","19100","Dallas-Fort Worth-Arlington, TX","48","Texas","439","Tarrant","32.6647575","-97.337905"
"04/30/2023","AQS","484391053","3","8","ug/m3 LC","44","Fort Worth California Parkway North","1","100.0000","88101","PM2.5 - Local Conditions","209","Met One BAM-1022 Mass Monitor w/ VSCC or TE-PM2.5C","19100","Dallas-Fort Worth-Arlington, TX","48","Texas","439","Tarrant","32.6647575","-97.337905"
"05/01/2023","AQS","484391053","3","6.7","ug/m3 LC","37","Fort Worth California Parkway North","1","100.0000","88101","PM2.5 - Local Conditions","209","Met One BAM-1022 Mass Monitor w/ VSCC or TE-PM2.5C","19100","Dallas-Fort Worth-Arlington, TX","48","Texas","439","Tarrant","32.6647575","-97.337905"
"05/02/2023","AQS","484391053","3","14.3","ug/m3 LC","61","Fort Worth California Parkway North","1","100.0000","88101","PM2.5 - Local Conditions","209","Met One BAM-1022 Mass Monitor w/ VSCC or TE-PM2.5C","19100","Dallas-Fort Worth-Arlington, TX","48","Texas","439","Tarrant","32.6647575","-97.337905"
"05/03/2023","AQS","484391053","3","14.4","ug/m3 LC","61","Fort Worth California Parkway North","1","100.0000","88101","PM2.5 - Local Conditions","209","Met One BAM-1022 Mass Monitor w/ VSCC or TE-PM2.5C","19100","Dallas-Fort Worth-Arlington, TX","48","Texas","439","Tarrant","32.6647575","-97.337905"
"05/04/2023","AQS","484391053","3","15.8","ug/m3 LC","63","Fort Worth California Parkway North","1","100.0000","88101","PM2.5 - Local Conditions","209","Met One BAM-1022 Mass Monitor w/ VSCC or TE-PM2.5C","19100","Dallas-Fort Worth-Arlington, TX","48","Texas","439","Tarrant","32.6647575","-97.337905"
"05/05/2023","AQS","484391053","3","15.4","ug/m3 LC","63","Fort Worth California Parkway North","1","100.0000","88101","PM2.5 - Local Conditions","209","Met One BAM-1022 Mass Monitor w/ VSCC or TE-PM2.5C","19100","Dallas-Fort Worth-Arlington, TX","48","Texas","439","Tarrant","32.6647575","-97.337905"
"05/06/2023","AQS","484391053","3","17.2","ug/m3 LC","66","Fort Worth California Parkway North","1","100.0000","88101","PM2.5 - Local Conditions","209","Met One BAM-1022 Mass Monitor w/ VSCC or TE-PM2.5C","19100","Dallas-Fort Worth-Arlington, TX","48","Texas","439","Tarrant","32.6647575","-97.337905"
"05/07/2023","AQS","484391053","3","14.7","ug/m3 LC","61","Fort Worth California Parkway North","1","100.0000","88101","PM2.5 - Local Conditions","209","Met One BAM-1022 Mass Monitor w/ VSCC or TE-PM2.5C","19100","Dallas-Fort Worth-Arlington, TX","48","Texas","439","Tarrant","32.6647575","-97.337905"
"05/08/2023","AQS","484391053","3","17.5","ug/m3 LC","67","Fort Worth California Parkway North","1","100.0000","88101","PM2.5 - Local Conditions","209","Met One BAM-1022 Mass Monitor w/ VSCC or TE-PM2.5C","19100","Dallas-Fort Worth-Arlington, TX","48","Texas","439","Tarrant","32.6647575","-97.337905"
"05/09/2023","AQS","484391053","3","16.4","ug/m3 LC","65","Fort Worth California Parkway North","1","100.0000","88101","PM2.5 - Local Conditions","209","Met One BAM-1022 Mass Monitor w/ VSCC or TE-PM2.5C","19100","Dallas-Fort Worth-Arlington, TX","48","Texas","439","Tarrant","32.6647575","-97.337905"
"05/10/2023","AQS","484391053","3","10.8","ug/m3 LC","54","Fort Worth California Parkway North","1","100.0000","88101","PM2.5 - Local Conditions","209","Met One BAM-1022 Mass Monitor w/ VSCC or TE-PM2.5C","19100","Dallas-Fort Worth-Arlington, TX","48","Texas","439","Tarrant","32.6647575","-97.337905"
"05/11/2023","AQS","484391053","3","22","ug/m3 LC","75","Fort Worth California Parkway North","1","100.0000","88101","PM2.5 - Local Conditions","209","Met One BAM-1022 Mass Monitor w/ VSCC or TE-PM2.5C","19100","Dallas-Fort Worth-Arlington, TX","48","Texas","439","Tarrant","32.6647575","-97.337905"
"05/12/2023","AQS","484391053","3","28.2","ug/m3 LC","87","Fort Worth California Parkway North","1","100.0000","88101","PM2.5 - Local Conditions","209","Met One BAM-1022 Mass Monitor w/ VSCC or TE-PM2.5C","19100","Dallas-Fort Worth-Arlington, TX","48","Texas","439","Tarrant","32.6647575","-97.337905"
"05/13/2023","AQS","484391053","3","9.6","ug/m3 LC","52","Fort Worth California Parkway North","1","100.0000","88101","PM2.5 - Local Conditions","209","Met One BAM-1022 Mass Monitor w/ VSCC or TE-PM2.5C","19100","Dallas-Fort Worth-Arlington, TX","48","Texas","439","Tarrant","32.6647575","-97.337905"
"05/14/2023","AQS","484391053","3","12.3","ug/m3 LC","57","Fort Worth California Parkway North","1","100.0000","88101","PM2.5 - Local Conditions","209","Met One BAM-1022 Mass Monitor w/ VSCC or TE-PM2.5C","19100","Dallas-Fort Worth-Arlington, TX","48","Texas","439","Tarrant","32.6647575","-97.337905"
"05/15/2023","AQS","484391053","3","11.9","ug/m3 LC","56","Fort Worth California Parkway North","1","100.0000","88101","PM2.5 - Local Conditions","209","Met One BAM-1022 Mass Monitor w/ VSCC or TE-PM2.5C","19100","Dallas-Fort Worth-Arlington, TX","48","Texas","439","Tarrant","32.6647575","-97.337905"
"05/16/2023","AQS","484391053","3","8","ug/m3 LC","44","Fort Worth California Parkway North","1","100.0000","88101","PM2.5 - Local Conditions","209","Met One BAM-1022 Mass Monitor w/ VSCC or TE-PM2.5C","19100","Dallas-Fort Worth-Arlington, TX","48","Texas","439","Tarrant","32.6647575","-97.337905"
"05/17/2023","AQS","484391053","3","10.9","ug/m3 LC","54","Fort Worth California Parkway North","1","100.0000","88101","PM2.5 - Local Conditions","209","Met One BAM-1022 Mass Monitor w/ VSCC or TE-PM2.5C","19100","Dallas-Fort Worth-Arlington, TX","48","Texas","439","Tarrant","32.6647575","-97.337905"
"05/18/2023","AQS","484391053","3","13.5","ug/m3 LC","59","Fort Worth California Parkway North","1","100.0000","88101","PM2.5 - Local Conditions","209","Met One BAM-1022 Mass Monitor w/ VSCC or TE-PM2.5C","19100","Dallas-Fort Worth-Arlington, TX","48","Texas","439","Tarrant","32.6647575","-97.337905"
"05/19/2023","AQS","484391053","3","12.5","ug/m3 LC","57","Fort Worth California Parkway North","1","100.0000","88101","PM2.5 - Local Conditions","209","Met One BAM-1022 Mass Monitor w/ VSCC or TE-PM2.5C","19100","Dallas-Fort Worth-Arlington, TX","48","Texas","439","Tarrant","32.6647575","-97.337905"
"05/20/2023","AQS","484391053","3","25.3","ug/m3 LC","81","Fort Worth California Parkway North","1","100.0000","88101","PM2.5 - Local Conditions","209","Met One BAM-1022 Mass Monitor w/ VSCC or TE-PM2.5C","19100","Dallas-Fort Worth-Arlington, TX","48","Texas","439","Tarrant","32.6647575","-97.337905"
"05/21/2023","AQS","484391053","3","22.3","ug/m3 LC","76","Fort Worth California Parkway North","1","100.0000","88101","PM2.5 - Local Conditions","209","Met One BAM-1022 Mass Monitor w/ VSCC or TE-PM2.5C","19100","Dallas-Fort Worth-Arlington, TX","48","Texas","439","Tarrant","32.6647575","-97.337905"
"05/22/2023","AQS","484391053","3","26","ug/m3 LC","82","Fort Worth California Parkway North","1","100.0000","88101","PM2.5 - Local Conditions","209","Met One BAM-1022 Mass Monitor w/ VSCC or TE-PM2.5C","19100","Dallas-Fort Worth-Arlington, TX","48","Texas","439","Tarrant","32.6647575","-97.337905"
"05/23/2023","AQS","484391053","3","25.7","ug/m3 LC","82","Fort Worth California Parkway North","1","100.0000","88101","PM2.5 - Local Conditions","209","Met One BAM-1022 Mass Monitor w/ VSCC or TE-PM2.5C","19100","Dallas-Fort Worth-Arlington, TX","48","Texas","439","Tarrant","32.6647575","-97.337905"
"05/24/2023","AQS","484391053","3","21.6","ug/m3 LC","74","Fort Worth California Parkway North","1","100.0000","88101","PM2.5 - Local Conditions","209","Met One BAM-1022 Mass Monitor w/ VSCC or TE-PM2.5C","19100","Dallas-Fort Worth-Arlington, TX","48","Texas","439","Tarrant","32.6647575","-97.337905"
"05/25/2023","AQS","484391053","3","16.7","ug/m3 LC","65","Fort Worth California Parkway North","1","100.0000","88101","PM2.5 - Local Conditions","209","Met One BAM-1022 Mass Monitor w/ VSCC or TE-PM2.5C","19100","Dallas-Fort Worth-Arlington, TX","48","Texas","439","Tarrant","32.6647575","-97.337905"
"05/26/2023","AQS","484391053","3","25.4","ug/m3 LC","81","Fort Worth California Parkway North","1","100.0000","88101","PM2.5 - Local Conditions","209","Met One BAM-1022 Mass Monitor w/ VSCC or TE-PM2.5C","19100","Dallas-Fort Worth-Arlington, TX","48","Texas","439","Tarrant","32.6647575","-97.337905"
"05/27/2023","AQS","484391053","3","26.9","ug/m3 LC","84","Fort Worth California Parkway North","1","100.0000","88101","PM2.5 - Local Conditions","209","Met One BAM-1022 Mass Monitor w/ VSCC or TE-PM2.5C","19100","Dallas-Fort Worth-Arlington, TX","48","Texas","439","Tarrant","32.6647575","-97.337905"
"05/28/2023","AQS","484391053","3","24.7","ug/m3 LC","80","Fort Worth California Parkway North","1","100.0000","88101","PM2.5 - Local Conditions","209","Met One BAM-1022 Mass Monitor w/ VSCC or TE-PM2.5C","19100","Dallas-Fort Worth-Arlington, TX","48","Texas","439","Tarrant","32.6647575","-97.337905"
"05/29/2023","AQS","484391053","3","19","ug/m3 LC","69","Fort Worth California Parkway North","1","100.0000","88101","PM2.5 - Local Conditions","209","Met One BAM-1022 Mass Monitor w/ VSCC or TE-PM2.5C","19100","Dallas-Fort Worth-Arlington, TX","48","Texas","439","Tarrant","32.6647575","-97.337905"
"05/30/2023","AQS","484391053","3","16.4","ug/m3 LC","65","Fort Worth California Parkway North","1","100.0000","88101","PM2.5 - Local Conditions","209","Met One BAM-1022 Mass Monitor w/ VSCC or TE-PM2.5C","19100","Dallas-Fort Worth-Arlington, TX","48","Texas","439","Tarrant","32.6647575","-97.337905"
"05/31/2023","AQS","484391053","3","15.9","ug/m3 LC","64","Fort Worth California Parkway North","1","100.0000","88101","PM2.5 - Local Conditions","209","Met One BAM-1022 Mass Monitor w/ VSCC or TE-PM2.5C","19100","Dallas-Fort Worth-Arlington, TX","48","Texas","439","Tarrant","32.6647575","-97.337905"
"06/01/2023","AQS","484391053","3","17.5","ug/m3 LC","67","Fort Worth California Parkway North","1","100.0000","88101","PM2.5 - Local Conditions","209","Met One BAM-1022 Mass Monitor w/ VSCC or TE-PM2.5C","19100","Dallas-Fort Worth-Arlington, TX","48","Texas","439","Tarrant","32.6647575","-97.337905"
"06/02/2023","AQS","484391053","3","19.1","ug/m3 LC","70","Fort Worth California Parkway North","1","100.0000","88101","PM2.5 - Local Conditions","209","Met One BAM-1022 Mass Monitor w/ VSCC or TE-PM2.5C","19100","Dallas-Fort Worth-Arlington, TX","48","Texas","439","Tarrant","32.6647575","-97.337905"
"06/03/2023","AQS","484391053","3","9.1","ug/m3 LC","51","Fort Worth California Parkway North","1","100.0000","88101","PM2.5 - Local Conditions","209","Met One BAM-1022 Mass Monitor w/ VSCC or TE-PM2.5C","19100","Dallas-Fort Worth-Arlington, TX","48","Texas","439","Tarrant","32.6647575","-97.337905"
"06/04/2023","AQS","484391053","3","11.9","ug/m3 LC","56","Fort Worth California Parkway North","1","100.0000","88101","PM2.5 - Local Conditions","209","Met One BAM-1022 Mass Monitor w/ VSCC or TE-PM2.5C","19100","Dallas-Fort Worth-Arlington, TX","48","Texas","439","Tarrant","32.6647575","-97.337905"
"06/05/2023","AQS","484391053","3","13.9","ug/m3 LC","60","Fort Worth California Parkway North","1","100.0000","88101","PM2.5 - Local Conditions","209","Met One BAM-1022 Mass Monitor w/ VSCC or TE-PM2.5C","19100","Dallas-Fort Worth-Arlington, TX","48","Texas","439","Tarrant","32.6647575","-97.337905"
"06/06/2023","AQS","484391053","3","18.8","ug/m3 LC","69","Fort Worth California Parkway North","1","100.0000","88101","PM2.5 - Local Conditions","209","Met One BAM-1022 Mass Monitor w/ VSCC or TE-PM2.5C","19100","Dallas-Fort Worth-Arlington, TX","48","Texas","439","Tarrant","32.6647575","-97.337905"
"06/07/2023","AQS","484391053","3","20.8","ug/m3 LC","73","Fort Worth California Parkway North","1","100.0000","88101","PM2.5 - Local Conditions","209","Met One BAM-1022 Mass Monitor w/ VSCC or TE-PM2.5C","19100","Dallas-Fort Worth-Arlington, TX","48","Texas","439","Tarrant","32.6647575","-97.337905"
"06/08/2023","AQS","484391053","3","19","ug/m3 LC","69","Fort Worth California Parkway North","1","100.0000","88101","PM2.5 - Local Conditions","209","Met One BAM-1022 Mass Monitor w/ VSCC or TE-PM2.5C","19100","Dallas-Fort Worth-Arlington, TX","48","Texas","439","Tarrant","32.6647575","-97.337905"
"06/09/2023","AQS","484391053","3","14.5","ug/m3 LC","61","Fort Worth California Parkway North","1","100.0000","88101","PM2.5 - Local Conditions","209","Met One BAM-1022 Mass Monitor w/ VSCC or TE-PM2.5C","19100","Dallas-Fort Worth-Arlington, TX","48","Texas","439","Tarrant","32.6647575","-97.337905"
"06/10/2023","AQS","484391053","3","11.7","ug/m3 LC","56","Fort Worth California Parkway North","1","100.0000","88101","PM2.5 - Local Conditions","209","Met One BAM-1022 Mass Monitor w/ VSCC or TE-PM2.5C","19100","Dallas-Fort Worth-Arlington, TX","48","Texas","439","Tarrant","32.6647575","-97.337905"
"06/11/2023","AQS","484391053","3","11.9","ug/m3 LC","56","Fort Worth California Parkway North","1","100.0000","88101","PM2.5 - Local Conditions","209","Met One BAM-1022 Mass Monitor w/ VSCC or TE-PM2.5C","19100","Dallas-Fort Worth-Arlington, TX","48","Texas","439","Tarrant","32.6647575","-97.337905"
"06/12/2023","AQS","484391053","3","11.4","ug/m3 LC","55","Fort Worth California Parkway North","1","100.0000","88101","PM2.5 - Local Conditions","209","Met One BAM-1022 Mass Monitor w/ VSCC or TE-PM2.5C","19100","Dallas-Fort Worth-Arlington, TX","48","Texas","439","Tarrant","32.6647575","-97.337905"
"06/13/2023","AQS","484391053","3","20.3","ug/m3 LC","72","Fort Worth California Parkway North","1","100.0000","88101","PM2.5 - Local Conditions","209","Met One BAM-1022 Mass Monitor w/ VSCC or TE-PM2.5C","19100","Dallas-Fort Worth-Arlington, TX","48","Texas","439","Tarrant","32.6647575","-97.337905"
"06/14/2023","AQS","484391053","3","28.4","ug/m3 LC","87","Fort Worth California Parkway North","1","100.0000","88101","PM2.5 - Local Conditions","209","Met One BAM-1022 Mass Monitor w/ VSCC or TE-PM2.5C","19100","Dallas-Fort Worth-Arlington, TX","48","Texas","439","Tarrant","32.6647575","-97.337905"
"06/15/2023","AQS","484391053","3","32.4","ug/m3 LC","94","Fort Worth California Parkway North","1","100.0000","88101","PM2.5 - Local Conditions","209","Met One BAM-1022 Mass Monitor w/ VSCC or TE-PM2.5C","19100","Dallas-Fort Worth-Arlington, TX","48","Texas","439","Tarrant","32.6647575","-97.337905"
"06/16/2023","AQS","484391053","3","18","ug/m3 LC","68","Fort Worth California Parkway North","1","100.0000","88101","PM2.5 - Local Conditions","209","Met One BAM-1022 Mass Monitor w/ VSCC or TE-PM2.5C","19100","Dallas-Fort Worth-Arlington, TX","48","Texas","439","Tarrant","32.6647575","-97.337905"
"06/17/2023","AQS","484391053","3","22.2","ug/m3 LC","75","Fort Worth California Parkway North","1","100.0000","88101","PM2.5 - Local Conditions","209","Met One BAM-1022 Mass Monitor w/ VSCC or TE-PM2.5C","19100","Dallas-Fort Worth-Arlington, TX","48","Texas","439","Tarrant","32.6647575","-97.337905"
"06/18/2023","AQS","484391053","3","17","ug/m3 LC","66","Fort Worth California Parkway North","1","100.0000","88101","PM2.5 - Local Conditions","209","Met One BAM-1022 Mass Monitor w/ VSCC or TE-PM2.5C","19100","Dallas-Fort Worth-Arlington, TX","48","Texas","439","Tarrant","32.6647575","-97.337905"
"06/19/2023","AQS","484391053","3","22.1","ug/m3 LC","75","Fort Worth California Parkway North","1","100.0000","88101","PM2.5 - Local Conditions","209","Met One BAM-1022 Mass Monitor w/ VSCC or TE-PM2.5C","19100","Dallas-Fort Worth-Arlington, TX","48","Texas","439","Tarrant","32.6647575","-97.337905"
"06/20/2023","AQS","484391053","3","24","ug/m3 LC","79","Fort Worth California Parkway North","1","100.0000","88101","PM2.5 - Local Conditions","209","Met One BAM-1022 Mass Monitor w/ VSCC or TE-PM2.5C","19100","Dallas-Fort Worth-Arlington, TX","48","Texas","439","Tarrant","32.6647575","-97.337905"
"06/21/2023","AQS","484391053","3","24.9","ug/m3 LC","80","Fort Worth California Parkway North","1","100.0000","88101","PM2.5 - Local Conditions","209","Met One BAM-1022 Mass Monitor w/ VSCC or TE-PM2.5C","19100","Dallas-Fort Worth-Arlington, TX","48","Texas","439","Tarrant","32.6647575","-97.337905"
"06/22/2023","AQS","484391053","3","21.7","ug/m3 LC","74","Fort Worth California Parkway North","1","100.0000","88101","PM2.5 - Local Conditions","209","Met One BAM-1022 Mass Monitor w/ VSCC or TE-PM2.5C","19100","Dallas-Fort Worth-Arlington, TX","48","Texas","439","Tarrant","32.6647575","-97.337905"
"06/23/2023","AQS","484391053","3","20.3","ug/m3 LC","72","Fort Worth California Parkway North","1","100.0000","88101","PM2.5 - Local Conditions","209","Met One BAM-1022 Mass Monitor w/ VSCC or TE-PM2.5C","19100","Dallas-Fort Worth-Arlington, TX","48","Texas","439","Tarrant","32.6647575","-97.337905"
"06/24/2023","AQS","484391053","3","15","ug/m3 LC","62","Fort Worth California Parkway North","1","100.0000","88101","PM2.5 - Local Conditions","209","Met One BAM-1022 Mass Monitor w/ VSCC or TE-PM2.5C","19100","Dallas-Fort Worth-Arlington, TX","48","Texas","439","Tarrant","32.6647575","-97.337905"
"06/25/2023","AQS","484391053","3","12.2","ug/m3 LC","57","Fort Worth California Parkway North","1","100.0000","88101","PM2.5 - Local Conditions","209","Met One BAM-1022 Mass Monitor w/ VSCC or TE-PM2.5C","19100","Dallas-Fort Worth-Arlington, TX","48","Texas","439","Tarrant","32.6647575","-97.337905"
"06/26/2023","AQS","484391053","3","12.2","ug/m3 LC","57","Fort Worth California Parkway North","1","100.0000","88101","PM2.5 - Local Conditions","209","Met One BAM-1022 Mass Monitor w/ VSCC or TE-PM2.5C","19100","Dallas-Fort Worth-Arlington, TX","48","Texas","439","Tarrant","32.6647575","-97.337905"
"06/27/2023","AQS","484391053","3","10.5","ug/m3 LC","54","Fort Worth California Parkway North","1","100.0000","88101","PM2.5 - Local Conditions","209","Met One BAM-1022 Mass Monitor w/ VSCC or TE-PM2.5C","19100","Dallas-Fort Worth-Arlington, TX","48","Texas","439","Tarrant","32.6647575","-97.337905"
"06/28/2023","AQS","484391053","3","14.1","ug/m3 LC","60","Fort Worth California Parkway North","1","100.0000","88101","PM2.5 - Local Conditions","209","Met One BAM-1022 Mass Monitor w/ VSCC or TE-PM2.5C","19100","Dallas-Fort Worth-Arlington, TX","48","Texas","439","Tarrant","32.6647575","-97.337905"
"06/29/2023","AQS","484391053","3","11.3","ug/m3 LC","55","Fort Worth California Parkway North","1","100.0000","88101","PM2.5 - Local Conditions","209","Met One BAM-1022 Mass Monitor w/ VSCC or TE-PM2.5C","19100","Dallas-Fort Worth-Arlington, TX","48","Texas","439","Tarrant","32.6647575","-97.337905"
"06/30/2023","AQS","484391053","3","11.3","ug/m3 LC","55","Fort Worth California Parkway North","1","100.0000","88101","PM2.5 - Local Conditions","209","Met One BAM-1022 Mass Monitor w/ VSCC or TE-PM2.5C","19100","Dallas-Fort Worth-Arlington, TX","48","Texas","439","Tarrant","32.6647575","-97.337905"
"07/01/2023","AQS","484391053","3","8.5","ug/m3 LC","47","Fort Worth California Parkway North","1","100.0000","88101","PM2.5 - Local Conditions","209","Met One BAM-1022 Mass Monitor w/ VSCC or TE-PM2.5C","19100","Dallas-Fort Worth-Arlington, TX","48","Texas","439","Tarrant","32.6647575","-97.337905"
"07/02/2023","AQS","484391053","3","12.4","ug/m3 LC","57","Fort Worth California Parkway North","1","100.0000","88101","PM2.5 - Local Conditions","209","Met One BAM-1022 Mass Monitor w/ VSCC or TE-PM2.5C","19100","Dallas-Fort Worth-Arlington, TX","48","Texas","439","Tarrant","32.6647575","-97.337905"
"07/03/2023","AQS","484391053","3","12.4","ug/m3 LC","57","Fort Worth California Parkway North","1","100.0000","88101","PM2.5 - Local Conditions","209","Met One BAM-1022 Mass Monitor w/ VSCC or TE-PM2.5C","19100","Dallas-Fort Worth-Arlington, TX","48","Texas","439","Tarrant","32.6647575","-97.337905"
"07/04/2023","AQS","484391053","3","12.6","ug/m3 LC","58","Fort Worth California Parkway North","1","100.0000","88101","PM2.5 - Local Conditions","209","Met One BAM-1022 Mass Monitor w/ VSCC or TE-PM2.5C","19100","Dallas-Fort Worth-Arlington, TX","48","Texas","439","Tarrant","32.6647575","-97.337905"
"07/05/2023","AQS","484391053","3","11.4","ug/m3 LC","55","Fort Worth California Parkway North","1","100.0000","88101","PM2.5 - Local Conditions","209","Met One BAM-1022 Mass Monitor w/ VSCC or TE-PM2.5C","19100","Dallas-Fort Worth-Arlington, TX","48","Texas","439","Tarrant","32.6647575","-97.337905"
"07/06/2023","AQS","484391053","3","10.7","ug/m3 LC","54","Fort Worth California Parkway North","1","100.0000","88101","PM2.5 - Local Conditions","209","Met One BAM-1022 Mass Monitor w/ VSCC or TE-PM2.5C","19100","Dallas-Fort Worth-Arlington, TX","48","Texas","439","Tarrant","32.6647575","-97.337905"
"07/07/2023","AQS","484391053","3","11.3","ug/m3 LC","55","Fort Worth California Parkway North","1","100.0000","88101","PM2.5 - Local Conditions","209","Met One BAM-1022 Mass Monitor w/ VSCC or TE-PM2.5C","19100","Dallas-Fort Worth-Arlington, TX","48","Texas","439","Tarrant","32.6647575","-97.337905"
"07/08/2023","AQS","484391053","3","11.5","ug/m3 LC","55","Fort Worth California Parkway North","1","100.0000","88101","PM2.5 - Local Conditions","209","Met One BAM-1022 Mass Monitor w/ VSCC or TE-PM2.5C","19100","Dallas-Fort Worth-Arlington, TX","48","Texas","439","Tarrant","32.6647575","-97.337905"
"07/09/2023","AQS","484391053","3","9.2","ug/m3 LC","51","Fort Worth California Parkway North","1","100.0000","88101","PM2.5 - Local Conditions","209","Met One BAM-1022 Mass Monitor w/ VSCC or TE-PM2.5C","19100","Dallas-Fort Worth-Arlington, TX","48","Texas","439","Tarrant","32.6647575","-97.337905"
"07/10/2023","AQS","484391053","3","15.7","ug/m3 LC","63","Fort Worth California Parkway North","1","100.0000","88101","PM2.5 - Local Conditions","209","Met One BAM-1022 Mass Monitor w/ VSCC or TE-PM2.5C","19100","Dallas-Fort Worth-Arlington, TX","48","Texas","439","Tarrant","32.6647575","-97.337905"
"07/11/2023","AQS","484391053","3","14","ug/m3 LC","60","Fort Worth California Parkway North","1","100.0000","88101","PM2.5 - Local Conditions","209","Met One BAM-1022 Mass Monitor w/ VSCC or TE-PM2.5C","19100","Dallas-Fort Worth-Arlington, TX","48","Texas","439","Tarrant","32.6647575","-97.337905"
"07/12/2023","AQS","484391053","3","13","ug/m3 LC","58","Fort Worth California Parkway North","1","100.0000","88101","PM2.5 - Local Conditions","209","Met One BAM-1022 Mass Monitor w/ VSCC or TE-PM2.5C","19100","Dallas-Fort Worth-Arlington, TX","48","Texas","439","Tarrant","32.6647575","-97.337905"
"07/13/2023","AQS","484391053","3","11.2","ug/m3 LC","55","Fort Worth California Parkway North","1","100.0000","88101","PM2.5 - Local Conditions","209","Met One BAM-1022 Mass Monitor w/ VSCC or TE-PM2.5C","19100","Dallas-Fort Worth-Arlington, TX","48","Texas","439","Tarrant","32.6647575","-97.337905"
"07/14/2023","AQS","484391053","3","21","ug/m3 LC","73","Fort Worth California Parkway North","1","100.0000","88101","PM2.5 - Local Conditions","209","Met One BAM-1022 Mass Monitor w/ VSCC or TE-PM2.5C","19100","Dallas-Fort Worth-Arlington, TX","48","Texas","439","Tarrant","32.6647575","-97.337905"
"07/15/2023","AQS","484391053","3","16.8","ug/m3 LC","65","Fort Worth California Parkway North","1","100.0000","88101","PM2.5 - Local Conditions","209","Met One BAM-1022 Mass Monitor w/ VSCC or TE-PM2.5C","19100","Dallas-Fort Worth-Arlington, TX","48","Texas","439","Tarrant","32.6647575","-97.337905"
"07/16/2023","AQS","484391053","3","16.2","ug/m3 LC","64","Fort Worth California Parkway North","1","100.0000","88101","PM2.5 - Local Conditions","209","Met One BAM-1022 Mass Monitor w/ VSCC or TE-PM2.5C","19100","Dallas-Fort Worth-Arlington, TX","48","Texas","439","Tarrant","32.6647575","-97.337905"
"07/17/2023","AQS","484391053","3","23.4","ug/m3 LC","78","Fort Worth California Parkway North","1","100.0000","88101","PM2.5 - Local Conditions","209","Met One BAM-1022 Mass Monitor w/ VSCC or TE-PM2.5C","19100","Dallas-Fort Worth-Arlington, TX","48","Texas","439","Tarrant","32.6647575","-97.337905"
"07/18/2023","AQS","484391053","3","16.4","ug/m3 LC","65","Fort Worth California Parkway North","1","100.0000","88101","PM2.5 - Local Conditions","209","Met One BAM-1022 Mass Monitor w/ VSCC or TE-PM2.5C","19100","Dallas-Fort Worth-Arlington, TX","48","Texas","439","Tarrant","32.6647575","-97.337905"
"07/19/2023","AQS","484391053","3","20.6","ug/m3 LC","72","Fort Worth California Parkway North","1","100.0000","88101","PM2.5 - Local Conditions","209","Met One BAM-1022 Mass Monitor w/ VSCC or TE-PM2.5C","19100","Dallas-Fort Worth-Arlington, TX","48","Texas","439","Tarrant","32.6647575","-97.337905"
"07/20/2023","AQS","484391053","3","18.3","ug/m3 LC","68","Fort Worth California Parkway North","1","100.0000","88101","PM2.5 - Local Conditions","209","Met One BAM-1022 Mass Monitor w/ VSCC or TE-PM2.5C","19100","Dallas-Fort Worth-Arlington, TX","48","Texas","439","Tarrant","32.6647575","-97.337905"
"07/21/2023","AQS","484391053","3","18.9","ug/m3 LC","69","Fort Worth California Parkway North","1","100.0000","88101","PM2.5 - Local Conditions","209","Met One BAM-1022 Mass Monitor w/ VSCC or TE-PM2.5C","19100","Dallas-Fort Worth-Arlington, TX","48","Texas","439","Tarrant","32.6647575","-97.337905"
"07/22/2023","AQS","484391053","3","8.3","ug/m3 LC","46","Fort Worth California Parkway North","1","100.0000","88101","PM2.5 - Local Conditions","209","Met One BAM-1022 Mass Monitor w/ VSCC or TE-PM2.5C","19100","Dallas-Fort Worth-Arlington, TX","48","Texas","439","Tarrant","32.6647575","-97.337905"
"07/23/2023","AQS","484391053","3","13.7","ug/m3 LC","60","Fort Worth California Parkway North","1","100.0000","88101","PM2.5 - Local Conditions","209","Met One BAM-1022 Mass Monitor w/ VSCC or TE-PM2.5C","19100","Dallas-Fort Worth-Arlington, TX","48","Texas","439","Tarrant","32.6647575","-97.337905"
"07/24/2023","AQS","484391053","3","14.4","ug/m3 LC","61","Fort Worth California Parkway North","1","100.0000","88101","PM2.5 - Local Conditions","209","Met One BAM-1022 Mass Monitor w/ VSCC or TE-PM2.5C","19100","Dallas-Fort Worth-Arlington, TX","48","Texas","439","Tarrant","32.6647575","-97.337905"
"07/25/2023","AQS","484391053","3","14.4","ug/m3 LC","61","Fort Worth California Parkway North","1","100.0000","88101","PM2.5 - Local Conditions","209","Met One BAM-1022 Mass Monitor w/ VSCC or TE-PM2.5C","19100","Dallas-Fort Worth-Arlington, TX","48","Texas","439","Tarrant","32.6647575","-97.337905"
"07/26/2023","AQS","484391053","3","20.7","ug/m3 LC","73","Fort Worth California Parkway North","1","100.0000","88101","PM2.5 - Local Conditions","209","Met One BAM-1022 Mass Monitor w/ VSCC or TE-PM2.5C","19100","Dallas-Fort Worth-Arlington, TX","48","Texas","439","Tarrant","32.6647575","-97.337905"
"07/27/2023","AQS","484391053","3","22.8","ug/m3 LC","77","Fort Worth California Parkway North","1","100.0000","88101","PM2.5 - Local Conditions","209","Met One BAM-1022 Mass Monitor w/ VSCC or TE-PM2.5C","19100","Dallas-Fort Worth-Arlington, TX","48","Texas","439","Tarrant","32.6647575","-97.337905"
"07/28/2023","AQS","484391053","3","20.8","ug/m3 LC","73","Fort Worth California Parkway North","1","100.0000","88101","PM2.5 - Local Conditions","209","Met One BAM-1022 Mass Monitor w/ VSCC or TE-PM2.5C","19100","Dallas-Fort Worth-Arlington, TX","48","Texas","439","Tarrant","32.6647575","-97.337905"
"07/29/2023","AQS","484391053","3","19.9","ug/m3 LC","71","Fort Worth California Parkway North","1","100.0000","88101","PM2.5 - Local Conditions","209","Met One BAM-1022 Mass Monitor w/ VSCC or TE-PM2.5C","19100","Dallas-Fort Worth-Arlington, TX","48","Texas","439","Tarrant","32.6647575","-97.337905"
"07/30/2023","AQS","484391053","3","18","ug/m3 LC","68","Fort Worth California Parkway North","1","100.0000","88101","PM2.5 - Local Conditions","209","Met One BAM-1022 Mass Monitor w/ VSCC or TE-PM2.5C","19100","Dallas-Fort Worth-Arlington, TX","48","Texas","439","Tarrant","32.6647575","-97.337905"
"07/31/2023","AQS","484391053","3","18","ug/m3 LC","68","Fort Worth California Parkway North","1","100.0000","88101","PM2.5 - Local Conditions","209","Met One BAM-1022 Mass Monitor w/ VSCC or TE-PM2.5C","19100","Dallas-Fort Worth-Arlington, TX","48","Texas","439","Tarrant","32.6647575","-97.337905"
"08/01/2023","AQS","484391053","3","18.4","ug/m3 LC","68","Fort Worth California Parkway North","1","100.0000","88101","PM2.5 - Local Conditions","209","Met One BAM-1022 Mass Monitor w/ VSCC or TE-PM2.5C","19100","Dallas-Fort Worth-Arlington, TX","48","Texas","439","Tarrant","32.6647575","-97.337905"
"08/02/2023","AQS","484391053","3","14.4","ug/m3 LC","61","Fort Worth California Parkway North","1","100.0000","88101","PM2.5 - Local Conditions","209","Met One BAM-1022 Mass Monitor w/ VSCC or TE-PM2.5C","19100","Dallas-Fort Worth-Arlington, TX","48","Texas","439","Tarrant","32.6647575","-97.337905"
"08/03/2023","AQS","484391053","3","9.4","ug/m3 LC","52","Fort Worth California Parkway North","1","100.0000","88101","PM2.5 - Local Conditions","209","Met One BAM-1022 Mass Monitor w/ VSCC or TE-PM2.5C","19100","Dallas-Fort Worth-Arlington, TX","48","Texas","439","Tarrant","32.6647575","-97.337905"
"08/04/2023","AQS","484391053","3","9.6","ug/m3 LC","52","Fort Worth California Parkway North","1","100.0000","88101","PM2.5 - Local Conditions","209","Met One BAM-1022 Mass Monitor w/ VSCC or TE-PM2.5C","19100","Dallas-Fort Worth-Arlington, TX","48","Texas","439","Tarrant","32.6647575","-97.337905"
"08/05/2023","AQS","484391053","3","13.6","ug/m3 LC","59","Fort Worth California Parkway North","1","100.0000","88101","PM2.5 - Local Conditions","209","Met One BAM-1022 Mass Monitor w/ VSCC or TE-PM2.5C","19100","Dallas-Fort Worth-Arlington, TX","48","Texas","439","Tarrant","32.6647575","-97.337905"
"08/06/2023","AQS","484391053","3","11.4","ug/m3 LC","55","Fort Worth California Parkway North","1","100.0000","88101","PM2.5 - Local Conditions","209","Met One BAM-1022 Mass Monitor w/ VSCC or TE-PM2.5C","19100","Dallas-Fort Worth-Arlington, TX","48","Texas","439","Tarrant","32.6647575","-97.337905"
"08/07/2023","AQS","484391053","3","11.7","ug/m3 LC","56","Fort Worth California Parkway North","1","100.0000","88101","PM2.5 - Local Conditions","209","Met One BAM-1022 Mass Monitor w/ VSCC or TE-PM2.5C","19100","Dallas-Fort Worth-Arlington, TX","48","Texas","439","Tarrant","32.6647575","-97.337905"
"08/08/2023","AQS","484391053","3","13.2","ug/m3 LC","59","Fort Worth California Parkway North","1","100.0000","88101","PM2.5 - Local Conditions","209","Met One BAM-1022 Mass Monitor w/ VSCC or TE-PM2.5C","19100","Dallas-Fort Worth-Arlington, TX","48","Texas","439","Tarrant","32.6647575","-97.337905"
"08/09/2023","AQS","484391053","3","10.6","ug/m3 LC","54","Fort Worth California Parkway North","1","100.0000","88101","PM2.5 - Local Conditions","209","Met One BAM-1022 Mass Monitor w/ VSCC or TE-PM2.5C","19100","Dallas-Fort Worth-Arlington, TX","48","Texas","439","Tarrant","32.6647575","-97.337905"
"08/10/2023","AQS","484391053","3","14.4","ug/m3 LC","61","Fort Worth California Parkway North","1","100.0000","88101","PM2.5 - Local Conditions","209","Met One BAM-1022 Mass Monitor w/ VSCC or TE-PM2.5C","19100","Dallas-Fort Worth-Arlington, TX","48","Texas","439","Tarrant","32.6647575","-97.337905"
"08/11/2023","AQS","484391053","3","12.5","ug/m3 LC","57","Fort Worth California Parkway North","1","100.0000","88101","PM2.5 - Local Conditions","209","Met One BAM-1022 Mass Monitor w/ VSCC or TE-PM2.5C","19100","Dallas-Fort Worth-Arlington, TX","48","Texas","439","Tarrant","32.6647575","-97.337905"
"08/12/2023","AQS","484391053","3","12","ug/m3 LC","56","Fort Worth California Parkway North","1","100.0000","88101","PM2.5 - Local Conditions","209","Met One BAM-1022 Mass Monitor w/ VSCC or TE-PM2.5C","19100","Dallas-Fort Worth-Arlington, TX","48","Texas","439","Tarrant","32.6647575","-97.337905"
"08/22/2023","AQS","484391053","3","19.7","ug/m3 LC","71","Fort Worth California Parkway North","1","100.0000","88101","PM2.5 - Local Conditions","209","Met One BAM-1022 Mass Monitor w/ VSCC or TE-PM2.5C","19100","Dallas-Fort Worth-Arlington, TX","48","Texas","439","Tarrant","32.6647575","-97.337905"
"08/24/2023","AQS","484391053","3","19.8","ug/m3 LC","71","Fort Worth California Parkway North","1","100.0000","88101","PM2.5 - Local Conditions","209","Met One BAM-1022 Mass Monitor w/ VSCC or TE-PM2.5C","19100","Dallas-Fort Worth-Arlington, TX","48","Texas","439","Tarrant","32.6647575","-97.337905"
"08/25/2023","AQS","484391053","3","22.7","ug/m3 LC","76","Fort Worth California Parkway North","1","100.0000","88101","PM2.5 - Local Conditions","209","Met One BAM-1022 Mass Monitor w/ VSCC or TE-PM2.5C","19100","Dallas-Fort Worth-Arlington, TX","48","Texas","439","Tarrant","32.6647575","-97.337905"
"08/26/2023","AQS","484391053","3","17.6","ug/m3 LC","67","Fort Worth California Parkway North","1","100.0000","88101","PM2.5 - Local Conditions","209","Met One BAM-1022 Mass Monitor w/ VSCC or TE-PM2.5C","19100","Dallas-Fort Worth-Arlington, TX","48","Texas","439","Tarrant","32.6647575","-97.337905"
"08/27/2023","AQS","484391053","3","15","ug/m3 LC","62","Fort Worth California Parkway North","1","100.0000","88101","PM2.5 - Local Conditions","209","Met One BAM-1022 Mass Monitor w/ VSCC or TE-PM2.5C","19100","Dallas-Fort Worth-Arlington, TX","48","Texas","439","Tarrant","32.6647575","-97.337905"
"08/28/2023","AQS","484391053","3","10.8","ug/m3 LC","54","Fort Worth California Parkway North","1","100.0000","88101","PM2.5 - Local Conditions","209","Met One BAM-1022 Mass Monitor w/ VSCC or TE-PM2.5C","19100","Dallas-Fort Worth-Arlington, TX","48","Texas","439","Tarrant","32.6647575","-97.337905"
"08/29/2023","AQS","484391053","3","12.9","ug/m3 LC","58","Fort Worth California Parkway North","1","100.0000","88101","PM2.5 - Local Conditions","209","Met One BAM-1022 Mass Monitor w/ VSCC or TE-PM2.5C","19100","Dallas-Fort Worth-Arlington, TX","48","Texas","439","Tarrant","32.6647575","-97.337905"
"08/30/2023","AQS","484391053","3","16.7","ug/m3 LC","65","Fort Worth California Parkway North","1","100.0000","88101","PM2.5 - Local Conditions","209","Met One BAM-1022 Mass Monitor w/ VSCC or TE-PM2.5C","19100","Dallas-Fort Worth-Arlington, TX","48","Texas","439","Tarrant","32.6647575","-97.337905"
"08/31/2023","AQS","484391053","3","21.5","ug/m3 LC","74","Fort Worth California Parkway North","1","100.0000","88101","PM2.5 - Local Conditions","209","Met One BAM-1022 Mass Monitor w/ VSCC or TE-PM2.5C","19100","Dallas-Fort Worth-Arlington, TX","48","Texas","439","Tarrant","32.6647575","-97.337905"
"09/01/2023","AQS","484391053","3","18","ug/m3 LC","68","Fort Worth California Parkway North","1","100.0000","88101","PM2.5 - Local Conditions","209","Met One BAM-1022 Mass Monitor w/ VSCC or TE-PM2.5C","19100","Dallas-Fort Worth-Arlington, TX","48","Texas","439","Tarrant","32.6647575","-97.337905"
"09/02/2023","AQS","484391053","3","15.4","ug/m3 LC","63","Fort Worth California Parkway North","1","100.0000","88101","PM2.5 - Local Conditions","209","Met One BAM-1022 Mass Monitor w/ VSCC or TE-PM2.5C","19100","Dallas-Fort Worth-Arlington, TX","48","Texas","439","Tarrant","32.6647575","-97.337905"
"09/03/2023","AQS","484391053","3","14.2","ug/m3 LC","61","Fort Worth California Parkway North","1","100.0000","88101","PM2.5 - Local Conditions","209","Met One BAM-1022 Mass Monitor w/ VSCC or TE-PM2.5C","19100","Dallas-Fort Worth-Arlington, TX","48","Texas","439","Tarrant","32.6647575","-97.337905"
"09/04/2023","AQS","484391053","3","12.5","ug/m3 LC","57","Fort Worth California Parkway North","1","100.0000","88101","PM2.5 - Local Conditions","209","Met One BAM-1022 Mass Monitor w/ VSCC or TE-PM2.5C","19100","Dallas-Fort Worth-Arlington, TX","48","Texas","439","Tarrant","32.6647575","-97.337905"
"09/05/2023","AQS","484391053","3","11","ug/m3 LC","55","Fort Worth California Parkway North","1","100.0000","88101","PM2.5 - Local Conditions","209","Met One BAM-1022 Mass Monitor w/ VSCC or TE-PM2.5C","19100","Dallas-Fort Worth-Arlington, TX","48","Texas","439","Tarrant","32.6647575","-97.337905"
"09/06/2023","AQS","484391053","3","10","ug/m3 LC","53","Fort Worth California Parkway North","1","100.0000","88101","PM2.5 - Local Conditions","209","Met One BAM-1022 Mass Monitor w/ VSCC or TE-PM2.5C","19100","Dallas-Fort Worth-Arlington, TX","48","Texas","439","Tarrant","32.6647575","-97.337905"
"09/07/2023","AQS","484391053","3","10.9","ug/m3 LC","54","Fort Worth California Parkway North","1","100.0000","88101","PM2.5 - Local Conditions","209","Met One BAM-1022 Mass Monitor w/ VSCC or TE-PM2.5C","19100","Dallas-Fort Worth-Arlington, TX","48","Texas","439","Tarrant","32.6647575","-97.337905"
"09/13/2023","AQS","484391053","3","16","ug/m3 LC","64","Fort Worth California Parkway North","1","100.0000","88101","PM2.5 - Local Conditions","209","Met One BAM-1022 Mass Monitor w/ VSCC or TE-PM2.5C","19100","Dallas-Fort Worth-Arlington, TX","48","Texas","439","Tarrant","32.6647575","-97.337905"
"09/14/2023","AQS","484391053","3","15.1","ug/m3 LC","62","Fort Worth California Parkway North","1","100.0000","88101","PM2.5 - Local Conditions","209","Met One BAM-1022 Mass Monitor w/ VSCC or TE-PM2.5C","19100","Dallas-Fort Worth-Arlington, TX","48","Texas","439","Tarrant","32.6647575","-97.337905"
"09/15/2023","AQS","484391053","3","17.7","ug/m3 LC","67","Fort Worth California Parkway North","1","100.0000","88101","PM2.5 - Local Conditions","209","Met One BAM-1022 Mass Monitor w/ VSCC or TE-PM2.5C","19100","Dallas-Fort Worth-Arlington, TX","48","Texas","439","Tarrant","32.6647575","-97.337905"
"09/16/2023","AQS","484391053","3","16.9","ug/m3 LC","66","Fort Worth California Parkway North","1","100.0000","88101","PM2.5 - Local Conditions","209","Met One BAM-1022 Mass Monitor w/ VSCC or TE-PM2.5C","19100","Dallas-Fort Worth-Arlington, TX","48","Texas","439","Tarrant","32.6647575","-97.337905"
"09/17/2023","AQS","484391053","3","12.6","ug/m3 LC","58","Fort Worth California Parkway North","1","100.0000","88101","PM2.5 - Local Conditions","209","Met One BAM-1022 Mass Monitor w/ VSCC or TE-PM2.5C","19100","Dallas-Fort Worth-Arlington, TX","48","Texas","439","Tarrant","32.6647575","-97.337905"
"09/23/2023","AQS","484391053","3","10.6","ug/m3 LC","54","Fort Worth California Parkway North","1","100.0000","88101","PM2.5 - Local Conditions","209","Met One BAM-1022 Mass Monitor w/ VSCC or TE-PM2.5C","19100","Dallas-Fort Worth-Arlington, TX","48","Texas","439","Tarrant","32.6647575","-97.337905"
"09/24/2023","AQS","484391053","3","8.5","ug/m3 LC","47","Fort Worth California Parkway North","1","100.0000","88101","PM2.5 - Local Conditions","209","Met One BAM-1022 Mass Monitor w/ VSCC or TE-PM2.5C","19100","Dallas-Fort Worth-Arlington, TX","48","Texas","439","Tarrant","32.6647575","-97.337905"
"09/25/2023","AQS","484391053","3","8.9","ug/m3 LC","49","Fort Worth California Parkway North","1","100.0000","88101","PM2.5 - Local Conditions","209","Met One BAM-1022 Mass Monitor w/ VSCC or TE-PM2.5C","19100","Dallas-Fort Worth-Arlington, TX","48","Texas","439","Tarrant","32.6647575","-97.337905"
"09/26/2023","AQS","484391053","3","13","ug/m3 LC","58","Fort Worth California Parkway North","1","100.0000","88101","PM2.5 - Local Conditions","209","Met One BAM-1022 Mass Monitor w/ VSCC or TE-PM2.5C","19100","Dallas-Fort Worth-Arlington, TX","48","Texas","439","Tarrant","32.6647575","-97.337905"
"09/27/2023","AQS","484391053","3","15","ug/m3 LC","62","Fort Worth California Parkway North","1","100.0000","88101","PM2.5 - Local Conditions","209","Met One BAM-1022 Mass Monitor w/ VSCC or TE-PM2.5C","19100","Dallas-Fort Worth-Arlington, TX","48","Texas","439","Tarrant","32.6647575","-97.337905"
"09/28/2023","AQS","484391053","3","15","ug/m3 LC","62","Fort Worth California Parkway North","1","100.0000","88101","PM2.5 - Local Conditions","209","Met One BAM-1022 Mass Monitor w/ VSCC or TE-PM2.5C","19100","Dallas-Fort Worth-Arlington, TX","48","Texas","439","Tarrant","32.6647575","-97.337905"
"09/29/2023","AQS","484391053","3","15.7","ug/m3 LC","63","Fort Worth California Parkway North","1","100.0000","88101","PM2.5 - Local Conditions","209","Met One BAM-1022 Mass Monitor w/ VSCC or TE-PM2.5C","19100","Dallas-Fort Worth-Arlington, TX","48","Texas","439","Tarrant","32.6647575","-97.337905"
"09/30/2023","AQS","484391053","3","11","ug/m3 LC","55","Fort Worth California Parkway North","1","100.0000","88101","PM2.5 - Local Conditions","209","Met One BAM-1022 Mass Monitor w/ VSCC or TE-PM2.5C","19100","Dallas-Fort Worth-Arlington, TX","48","Texas","439","Tarrant","32.6647575","-97.337905"
"10/12/2023","AQS","484391053","3","7","ug/m3 LC","39","Fort Worth California Parkway North","1","100.0000","88101","PM2.5 - Local Conditions","209","Met One BAM-1022 Mass Monitor w/ VSCC or TE-PM2.5C","19100","Dallas-Fort Worth-Arlington, TX","48","Texas","439","Tarrant","32.6647575","-97.337905"
"10/13/2023","AQS","484391053","3","3.3","ug/m3 LC","18","Fort Worth California Parkway North","1","100.0000","88101","PM2.5 - Local Conditions","209","Met One BAM-1022 Mass Monitor w/ VSCC or TE-PM2.5C","19100","Dallas-Fort Worth-Arlington, TX","48","Texas","439","Tarrant","32.6647575","-97.337905"
"10/14/2023","AQS","484391053","3","1.7","ug/m3 LC","9","Fort Worth California Parkway North","1","100.0000","88101","PM2.5 - Local Conditions","209","Met One BAM-1022 Mass Monitor w/ VSCC or TE-PM2.5C","19100","Dallas-Fort Worth-Arlington, TX","48","Texas","439","Tarrant","32.6647575","-97.337905"
"10/15/2023","AQS","484391053","3","1.6","ug/m3 LC","9","Fort Worth California Parkway North","1","100.0000","88101","PM2.5 - Local Conditions","209","Met One BAM-1022 Mass Monitor w/ VSCC or TE-PM2.5C","19100","Dallas-Fort Worth-Arlington, TX","48","Texas","439","Tarrant","32.6647575","-97.337905"
"10/16/2023","AQS","484391053","3","4","ug/m3 LC","22","Fort Worth California Parkway North","1","100.0000","88101","PM2.5 - Local Conditions","209","Met One BAM-1022 Mass Monitor w/ VSCC or TE-PM2.5C","19100","Dallas-Fort Worth-Arlington, TX","48","Texas","439","Tarrant","32.6647575","-97.337905"
"10/17/2023","AQS","484391053","3","5.9","ug/m3 LC","33","Fort Worth California Parkway North","1","100.0000","88101","PM2.5 - Local Conditions","209","Met One BAM-1022 Mass Monitor w/ VSCC or TE-PM2.5C","19100","Dallas-Fort Worth-Arlington, TX","48","Texas","439","Tarrant","32.6647575","-97.337905"
"10/18/2023","AQS","484391053","3","6.2","ug/m3 LC","34","Fort Worth California Parkway North","1","100.0000","88101","PM2.5 - Local Conditions","209","Met One BAM-1022 Mass Monitor w/ VSCC or TE-PM2.5C","19100","Dallas-Fort Worth-Arlington, TX","48","Texas","439","Tarrant","32.6647575","-97.337905"
"10/19/2023","AQS","484391053","3","5.8","ug/m3 LC","32","Fort Worth California Parkway North","1","100.0000","88101","PM2.5 - Local Conditions","209","Met One BAM-1022 Mass Monitor w/ VSCC or TE-PM2.5C","19100","Dallas-Fort Worth-Arlington, TX","48","Texas","439","Tarrant","32.6647575","-97.337905"
"10/20/2023","AQS","484391053","3","6.4","ug/m3 LC","36","Fort Worth California Parkway North","1","100.0000","88101","PM2.5 - Local Conditions","209","Met One BAM-1022 Mass Monitor w/ VSCC or TE-PM2.5C","19100","Dallas-Fort Worth-Arlington, TX","48","Texas","439","Tarrant","32.6647575","-97.337905"
"10/24/2023","AQS","484391053","3","8.5","ug/m3 LC","47","Fort Worth California Parkway North","1","100.0000","88101","PM2.5 - Local Conditions","209","Met One BAM-1022 Mass Monitor w/ VSCC or TE-PM2.5C","19100","Dallas-Fort Worth-Arlington, TX","48","Texas","439","Tarrant","32.6647575","-97.337905"
"10/25/2023","AQS","484391053","3","7.3","ug/m3 LC","41","Fort Worth California Parkway North","1","100.0000","88101","PM2.5 - Local Conditions","209","Met One BAM-1022 Mass Monitor w/ VSCC or TE-PM2.5C","19100","Dallas-Fort Worth-Arlington, TX","48","Texas","439","Tarrant","32.6647575","-97.337905"
"10/26/2023","AQS","484391053","3","6.5","ug/m3 LC","36","Fort Worth California Parkway North","1","100.0000","88101","PM2.5 - Local Conditions","209","Met One BAM-1022 Mass Monitor w/ VSCC or TE-PM2.5C","19100","Dallas-Fort Worth-Arlington, TX","48","Texas","439","Tarrant","32.6647575","-97.337905"
"10/27/2023","AQS","484391053","3","8","ug/m3 LC","44","Fort Worth California Parkway North","1","100.0000","88101","PM2.5 - Local Conditions","209","Met One BAM-1022 Mass Monitor w/ VSCC or TE-PM2.5C","19100","Dallas-Fort Worth-Arlington, TX","48","Texas","439","Tarrant","32.6647575","-97.337905"
"10/28/2023","AQS","484391053","3","3.9","ug/m3 LC","22","Fort Worth California Parkway North","1","100.0000","88101","PM2.5 - Local Conditions","209","Met One BAM-1022 Mass Monitor w/ VSCC or TE-PM2.5C","19100","Dallas-Fort Worth-Arlington, TX","48","Texas","439","Tarrant","32.6647575","-97.337905"
"10/29/2023","AQS","484391053","3","-0.1","ug/m3 LC","0","Fort Worth California Parkway North","1","100.0000","88101","PM2.5 - Local Conditions","209","Met One BAM-1022 Mass Monitor w/ VSCC or TE-PM2.5C","19100","Dallas-Fort Worth-Arlington, TX","48","Texas","439","Tarrant","32.6647575","-97.337905"
"10/30/2023","AQS","484391053","3","3.5","ug/m3 LC","19","Fort Worth California Parkway North","1","100.0000","88101","PM2.5 - Local Conditions","209","Met One BAM-1022 Mass Monitor w/ VSCC or TE-PM2.5C","19100","Dallas-Fort Worth-Arlington, TX","48","Texas","439","Tarrant","32.6647575","-97.337905"
"10/31/2023","AQS","484391053","3","5","ug/m3 LC","28","Fort Worth California Parkway North","1","100.0000","88101","PM2.5 - Local Conditions","209","Met One BAM-1022 Mass Monitor w/ VSCC or TE-PM2.5C","19100","Dallas-Fort Worth-Arlington, TX","48","Texas","439","Tarrant","32.6647575","-97.337905"
"11/01/2023","AQS","484391053","3","7.7","ug/m3 LC","43","Fort Worth California Parkway North","1","100.0000","88101","PM2.5 - Local Conditions","209","Met One BAM-1022 Mass Monitor w/ VSCC or TE-PM2.5C","19100","Dallas-Fort Worth-Arlington, TX","48","Texas","439","Tarrant","32.6647575","-97.337905"
"11/02/2023","AQS","484391053","3","10.8","ug/m3 LC","54","Fort Worth California Parkway North","1","100.0000","88101","PM2.5 - Local Conditions","209","Met One BAM-1022 Mass Monitor w/ VSCC or TE-PM2.5C","19100","Dallas-Fort Worth-Arlington, TX","48","Texas","439","Tarrant","32.6647575","-97.337905"
"11/03/2023","AQS","484391053","3","11.1","ug/m3 LC","55","Fort Worth California Parkway North","1","100.0000","88101","PM2.5 - Local Conditions","209","Met One BAM-1022 Mass Monitor w/ VSCC or TE-PM2.5C","19100","Dallas-Fort Worth-Arlington, TX","48","Texas","439","Tarrant","32.6647575","-97.337905"
"11/04/2023","AQS","484391053","3","11.7","ug/m3 LC","56","Fort Worth California Parkway North","1","100.0000","88101","PM2.5 - Local Conditions","209","Met One BAM-1022 Mass Monitor w/ VSCC or TE-PM2.5C","19100","Dallas-Fort Worth-Arlington, TX","48","Texas","439","Tarrant","32.6647575","-97.337905"
"11/05/2023","AQS","484391053","3","8.3","ug/m3 LC","46","Fort Worth California Parkway North","1","100.0000","88101","PM2.5 - Local Conditions","209","Met One BAM-1022 Mass Monitor w/ VSCC or TE-PM2.5C","19100","Dallas-Fort Worth-Arlington, TX","48","Texas","439","Tarrant","32.6647575","-97.337905"
"11/06/2023","AQS","484391053","3","6.3","ug/m3 LC","35","Fort Worth California Parkway North","1","100.0000","88101","PM2.5 - Local Conditions","209","Met One BAM-1022 Mass Monitor w/ VSCC or TE-PM2.5C","19100","Dallas-Fort Worth-Arlington, TX","48","Texas","439","Tarrant","32.6647575","-97.337905"
"11/07/2023","AQS","484391053","3","7.7","ug/m3 LC","43","Fort Worth California Parkway North","1","100.0000","88101","PM2.5 - Local Conditions","209","Met One BAM-1022 Mass Monitor w/ VSCC or TE-PM2.5C","19100","Dallas-Fort Worth-Arlington, TX","48","Texas","439","Tarrant","32.6647575","-97.337905"
"11/08/2023","AQS","484391053","3","7.3","ug/m3 LC","41","Fort Worth California Parkway North","1","100.0000","88101","PM2.5 - Local Conditions","209","Met One BAM-1022 Mass Monitor w/ VSCC or TE-PM2.5C","19100","Dallas-Fort Worth-Arlington, TX","48","Texas","439","Tarrant","32.6647575","-97.337905"
"11/09/2023","AQS","484391053","3","4.2","ug/m3 LC","23","Fort Worth California Parkway North","1","100.0000","88101","PM2.5 - Local Conditions","209","Met One BAM-1022 Mass Monitor w/ VSCC or TE-PM2.5C","19100","Dallas-Fort Worth-Arlington, TX","48","Texas","439","Tarrant","32.6647575","-97.337905"
"11/10/2023","AQS","484391053","3","4.9","ug/m3 LC","27","Fort Worth California Parkway North","1","100.0000","88101","PM2.5 - Local Conditions","209","Met One BAM-1022 Mass Monitor w/ VSCC or TE-PM2.5C","19100","Dallas-Fort Worth-Arlington, TX","48","Texas","439","Tarrant","32.6647575","-97.337905"
"11/11/2023","AQS","484391053","3","5.7","ug/m3 LC","32","Fort Worth California Parkway North","1","100.0000","88101","PM2.5 - Local Conditions","209","Met One BAM-1022 Mass Monitor w/ VSCC or TE-PM2.5C","19100","Dallas-Fort Worth-Arlington, TX","48","Texas","439","Tarrant","32.6647575","-97.337905"
"11/12/2023","AQS","484391053","3","13.6","ug/m3 LC","59","Fort Worth California Parkway North","1","100.0000","88101","PM2.5 - Local Conditions","209","Met One BAM-1022 Mass Monitor w/ VSCC or TE-PM2.5C","19100","Dallas-Fort Worth-Arlington, TX","48","Texas","439","Tarrant","32.6647575","-97.337905"
"11/13/2023","AQS","484391053","3","14.3","ug/m3 LC","61","Fort Worth California Parkway North","1","100.0000","88101","PM2.5 - Local Conditions","209","Met One BAM-1022 Mass Monitor w/ VSCC or TE-PM2.5C","19100","Dallas-Fort Worth-Arlington, TX","48","Texas","439","Tarrant","32.6647575","-97.337905"
"11/14/2023","AQS","484391053","3","12.1","ug/m3 LC","57","Fort Worth California Parkway North","1","100.0000","88101","PM2.5 - Local Conditions","209","Met One BAM-1022 Mass Monitor w/ VSCC or TE-PM2.5C","19100","Dallas-Fort Worth-Arlington, TX","48","Texas","439","Tarrant","32.6647575","-97.337905"
"11/15/2023","AQS","484391053","3","16","ug/m3 LC","64","Fort Worth California Parkway North","1","100.0000","88101","PM2.5 - Local Conditions","209","Met One BAM-1022 Mass Monitor w/ VSCC or TE-PM2.5C","19100","Dallas-Fort Worth-Arlington, TX","48","Texas","439","Tarrant","32.6647575","-97.337905"
"11/16/2023","AQS","484391053","3","12.1","ug/m3 LC","57","Fort Worth California Parkway North","1","100.0000","88101","PM2.5 - Local Conditions","209","Met One BAM-1022 Mass Monitor w/ VSCC or TE-PM2.5C","19100","Dallas-Fort Worth-Arlington, TX","48","Texas","439","Tarrant","32.6647575","-97.337905"
"11/17/2023","AQS","484391053","3","14.1","ug/m3 LC","60","Fort Worth California Parkway North","1","100.0000","88101","PM2.5 - Local Conditions","209","Met One BAM-1022 Mass Monitor w/ VSCC or TE-PM2.5C","19100","Dallas-Fort Worth-Arlington, TX","48","Texas","439","Tarrant","32.6647575","-97.337905"
"11/18/2023","AQS","484391053","3","11.8","ug/m3 LC","56","Fort Worth California Parkway North","1","100.0000","88101","PM2.5 - Local Conditions","209","Met One BAM-1022 Mass Monitor w/ VSCC or TE-PM2.5C","19100","Dallas-Fort Worth-Arlington, TX","48","Texas","439","Tarrant","32.6647575","-97.337905"
"11/19/2023","AQS","484391053","3","15","ug/m3 LC","62","Fort Worth California Parkway North","1","100.0000","88101","PM2.5 - Local Conditions","209","Met One BAM-1022 Mass Monitor w/ VSCC or TE-PM2.5C","19100","Dallas-Fort Worth-Arlington, TX","48","Texas","439","Tarrant","32.6647575","-97.337905"
"11/20/2023","AQS","484391053","3","5.9","ug/m3 LC","33","Fort Worth California Parkway North","1","100.0000","88101","PM2.5 - Local Conditions","209","Met One BAM-1022 Mass Monitor w/ VSCC or TE-PM2.5C","19100","Dallas-Fort Worth-Arlington, TX","48","Texas","439","Tarrant","32.6647575","-97.337905"
"11/21/2023","AQS","484391053","3","2.8","ug/m3 LC","16","Fort Worth California Parkway North","1","100.0000","88101","PM2.5 - Local Conditions","209","Met One BAM-1022 Mass Monitor w/ VSCC or TE-PM2.5C","19100","Dallas-Fort Worth-Arlington, TX","48","Texas","439","Tarrant","32.6647575","-97.337905"
"11/22/2023","AQS","484391053","3","6.7","ug/m3 LC","37","Fort Worth California Parkway North","1","100.0000","88101","PM2.5 - Local Conditions","209","Met One BAM-1022 Mass Monitor w/ VSCC or TE-PM2.5C","19100","Dallas-Fort Worth-Arlington, TX","48","Texas","439","Tarrant","32.6647575","-97.337905"
"11/23/2023","AQS","484391053","3","7.2","ug/m3 LC","40","Fort Worth California Parkway North","1","100.0000","88101","PM2.5 - Local Conditions","209","Met One BAM-1022 Mass Monitor w/ VSCC or TE-PM2.5C","19100","Dallas-Fort Worth-Arlington, TX","48","Texas","439","Tarrant","32.6647575","-97.337905"
"11/24/2023","AQS","484391053","3","8.9","ug/m3 LC","49","Fort Worth California Parkway North","1","100.0000","88101","PM2.5 - Local Conditions","209","Met One BAM-1022 Mass Monitor w/ VSCC or TE-PM2.5C","19100","Dallas-Fort Worth-Arlington, TX","48","Texas","439","Tarrant","32.6647575","-97.337905"
"11/25/2023","AQS","484391053","3","17.2","ug/m3 LC","66","Fort Worth California Parkway North","1","100.0000","88101","PM2.5 - Local Conditions","209","Met One BAM-1022 Mass Monitor w/ VSCC or TE-PM2.5C","19100","Dallas-Fort Worth-Arlington, TX","48","Texas","439","Tarrant","32.6647575","-97.337905"
"11/26/2023","AQS","484391053","3","2.7","ug/m3 LC","15","Fort Worth California Parkway North","1","100.0000","88101","PM2.5 - Local Conditions","209","Met One BAM-1022 Mass Monitor w/ VSCC or TE-PM2.5C","19100","Dallas-Fort Worth-Arlington, TX","48","Texas","439","Tarrant","32.6647575","-97.337905"
"11/27/2023","AQS","484391053","3","9.5","ug/m3 LC","52","Fort Worth California Parkway North","1","100.0000","88101","PM2.5 - Local Conditions","209","Met One BAM-1022 Mass Monitor w/ VSCC or TE-PM2.5C","19100","Dallas-Fort Worth-Arlington, TX","48","Texas","439","Tarrant","32.6647575","-97.337905"
"11/28/2023","AQS","484391053","3","10.2","ug/m3 LC","53","Fort Worth California Parkway North","1","100.0000","88101","PM2.5 - Local Conditions","209","Met One BAM-1022 Mass Monitor w/ VSCC or TE-PM2.5C","19100","Dallas-Fort Worth-Arlington, TX","48","Texas","439","Tarrant","32.6647575","-97.337905"
"11/29/2023","AQS","484391053","3","8.1","ug/m3 LC","45","Fort Worth California Parkway North","1","100.0000","88101","PM2.5 - Local Conditions","209","Met One BAM-1022 Mass Monitor w/ VSCC or TE-PM2.5C","19100","Dallas-Fort Worth-Arlington, TX","48","Texas","439","Tarrant","32.6647575","-97.337905"
"11/30/2023","AQS","484391053","3","10.8","ug/m3 LC","54","Fort Worth California Parkway North","1","100.0000","88101","PM2.5 - Local Conditions","209","Met One BAM-1022 Mass Monitor w/ VSCC or TE-PM2.5C","19100","Dallas-Fort Worth-Arlington, TX","48","Texas","439","Tarrant","32.6647575","-97.337905"
"12/01/2023","AQS","484391053","3","5.4","ug/m3 LC","30","Fort Worth California Parkway North","1","100.0000","88101","PM2.5 - Local Conditions","209","Met One BAM-1022 Mass Monitor w/ VSCC or TE-PM2.5C","19100","Dallas-Fort Worth-Arlington, TX","48","Texas","439","Tarrant","32.6647575","-97.337905"
"12/02/2023","AQS","484391053","3","9.7","ug/m3 LC","52","Fort Worth California Parkway North","1","100.0000","88101","PM2.5 - Local Conditions","209","Met One BAM-1022 Mass Monitor w/ VSCC or TE-PM2.5C","19100","Dallas-Fort Worth-Arlington, TX","48","Texas","439","Tarrant","32.6647575","-97.337905"
"12/03/2023","AQS","484391053","3","4.8","ug/m3 LC","27","Fort Worth California Parkway North","1","100.0000","88101","PM2.5 - Local Conditions","209","Met One BAM-1022 Mass Monitor w/ VSCC or TE-PM2.5C","19100","Dallas-Fort Worth-Arlington, TX","48","Texas","439","Tarrant","32.6647575","-97.337905"
"12/04/2023","AQS","484391053","3","6.9","ug/m3 LC","38","Fort Worth California Parkway North","1","100.0000","88101","PM2.5 - Local Conditions","209","Met One BAM-1022 Mass Monitor w/ VSCC or TE-PM2.5C","19100","Dallas-Fort Worth-Arlington, TX","48","Texas","439","Tarrant","32.6647575","-97.337905"
"12/05/2023","AQS","484391053","3","10.7","ug/m3 LC","54","Fort Worth California Parkway North","1","100.0000","88101","PM2.5 - Local Conditions","209","Met One BAM-1022 Mass Monitor w/ VSCC or TE-PM2.5C","19100","Dallas-Fort Worth-Arlington, TX","48","Texas","439","Tarrant","32.6647575","-97.337905"
"12/06/2023","AQS","484391053","3","10.6","ug/m3 LC","54","Fort Worth California Parkway North","1","100.0000","88101","PM2.5 - Local Conditions","209","Met One BAM-1022 Mass Monitor w/ VSCC or TE-PM2.5C","19100","Dallas-Fort Worth-Arlington, TX","48","Texas","439","Tarrant","32.6647575","-97.337905"
"12/07/2023","AQS","484391053","3","8.5","ug/m3 LC","47","Fort Worth California Parkway North","1","100.0000","88101","PM2.5 - Local Conditions","209","Met One BAM-1022 Mass Monitor w/ VSCC or TE-PM2.5C","19100","Dallas-Fort Worth-Arlington, TX","48","Texas","439","Tarrant","32.6647575","-97.337905"
"12/08/2023","AQS","484391053","3","6.6","ug/m3 LC","37","Fort Worth California Parkway North","1","100.0000","88101","PM2.5 - Local Conditions","209","Met One BAM-1022 Mass Monitor w/ VSCC or TE-PM2.5C","19100","Dallas-Fort Worth-Arlington, TX","48","Texas","439","Tarrant","32.6647575","-97.337905"
"12/09/2023","AQS","484391053","3","1.6","ug/m3 LC","9","Fort Worth California Parkway North","1","100.0000","88101","PM2.5 - Local Conditions","209","Met One BAM-1022 Mass Monitor w/ VSCC or TE-PM2.5C","19100","Dallas-Fort Worth-Arlington, TX","48","Texas","439","Tarrant","32.6647575","-97.337905"
"12/10/2023","AQS","484391053","3","6.6","ug/m3 LC","37","Fort Worth California Parkway North","1","100.0000","88101","PM2.5 - Local Conditions","209","Met One BAM-1022 Mass Monitor w/ VSCC or TE-PM2.5C","19100","Dallas-Fort Worth-Arlington, TX","48","Texas","439","Tarrant","32.6647575","-97.337905"
"12/11/2023","AQS","484391053","3","6.3","ug/m3 LC","35","Fort Worth California Parkway North","1","100.0000","88101","PM2.5 - Local Conditions","209","Met One BAM-1022 Mass Monitor w/ VSCC or TE-PM2.5C","19100","Dallas-Fort Worth-Arlington, TX","48","Texas","439","Tarrant","32.6647575","-97.337905"
"12/12/2023","AQS","484391053","3","7.1","ug/m3 LC","39","Fort Worth California Parkway North","1","100.0000","88101","PM2.5 - Local Conditions","209","Met One BAM-1022 Mass Monitor w/ VSCC or TE-PM2.5C","19100","Dallas-Fort Worth-Arlington, TX","48","Texas","439","Tarrant","32.6647575","-97.337905"
"12/13/2023","AQS","484391053","3","11.8","ug/m3 LC","56","Fort Worth California Parkway North","1","100.0000","88101","PM2.5 - Local Conditions","209","Met One BAM-1022 Mass Monitor w/ VSCC or TE-PM2.5C","19100","Dallas-Fort Worth-Arlington, TX","48","Texas","439","Tarrant","32.6647575","-97.337905"
"12/14/2023","AQS","484391053","3","11.6","ug/m3 LC","56","Fort Worth California Parkway North","1","100.0000","88101","PM2.5 - Local Conditions","209","Met One BAM-1022 Mass Monitor w/ VSCC or TE-PM2.5C","19100","Dallas-Fort Worth-Arlington, TX","48","Texas","439","Tarrant","32.6647575","-97.337905"
"12/15/2023","AQS","484391053","3","9.3","ug/m3 LC","51","Fort Worth California Parkway North","1","100.0000","88101","PM2.5 - Local Conditions","209","Met One BAM-1022 Mass Monitor w/ VSCC or TE-PM2.5C","19100","Dallas-Fort Worth-Arlington, TX","48","Texas","439","Tarrant","32.6647575","-97.337905"
"12/16/2023","AQS","484391053","3","9.1","ug/m3 LC","51","Fort Worth California Parkway North","1","100.0000","88101","PM2.5 - Local Conditions","209","Met One BAM-1022 Mass Monitor w/ VSCC or TE-PM2.5C","19100","Dallas-Fort Worth-Arlington, TX","48","Texas","439","Tarrant","32.6647575","-97.337905"
"12/17/2023","AQS","484391053","3","10.3","ug/m3 LC","53","Fort Worth California Parkway North","1","100.0000","88101","PM2.5 - Local Conditions","209","Met One BAM-1022 Mass Monitor w/ VSCC or TE-PM2.5C","19100","Dallas-Fort Worth-Arlington, TX","48","Texas","439","Tarrant","32.6647575","-97.337905"
"12/18/2023","AQS","484391053","3","6.4","ug/m3 LC","36","Fort Worth California Parkway North","1","100.0000","88101","PM2.5 - Local Conditions","209","Met One BAM-1022 Mass Monitor w/ VSCC or TE-PM2.5C","19100","Dallas-Fort Worth-Arlington, TX","48","Texas","439","Tarrant","32.6647575","-97.337905"
"12/19/2023","AQS","484391053","3","9.2","ug/m3 LC","51","Fort Worth California Parkway North","1","100.0000","88101","PM2.5 - Local Conditions","209","Met One BAM-1022 Mass Monitor w/ VSCC or TE-PM2.5C","19100","Dallas-Fort Worth-Arlington, TX","48","Texas","439","Tarrant","32.6647575","-97.337905"
"12/20/2023","AQS","484391053","3","9.9","ug/m3 LC","52","Fort Worth California Parkway North","1","100.0000","88101","PM2.5 - Local Conditions","209","Met One BAM-1022 Mass Monitor w/ VSCC or TE-PM2.5C","19100","Dallas-Fort Worth-Arlington, TX","48","Texas","439","Tarrant","32.6647575","-97.337905"
"12/21/2023","AQS","484391053","3","10.5","ug/m3 LC","54","Fort Worth California Parkway North","1","100.0000","88101","PM2.5 - Local Conditions","209","Met One BAM-1022 Mass Monitor w/ VSCC or TE-PM2.5C","19100","Dallas-Fort Worth-Arlington, TX","48","Texas","439","Tarrant","32.6647575","-97.337905"
"12/22/2023","AQS","484391053","3","13.4","ug/m3 LC","59","Fort Worth California Parkway North","1","100.0000","88101","PM2.5 - Local Conditions","209","Met One BAM-1022 Mass Monitor w/ VSCC or TE-PM2.5C","19100","Dallas-Fort Worth-Arlington, TX","48","Texas","439","Tarrant","32.6647575","-97.337905"
"12/23/2023","AQS","484391053","3","10.2","ug/m3 LC","53","Fort Worth California Parkway North","1","100.0000","88101","PM2.5 - Local Conditions","209","Met One BAM-1022 Mass Monitor w/ VSCC or TE-PM2.5C","19100","Dallas-Fort Worth-Arlington, TX","48","Texas","439","Tarrant","32.6647575","-97.337905"
"12/24/2023","AQS","484391053","3","1.7","ug/m3 LC","9","Fort Worth California Parkway North","1","100.0000","88101","PM2.5 - Local Conditions","209","Met One BAM-1022 Mass Monitor w/ VSCC or TE-PM2.5C","19100","Dallas-Fort Worth-Arlington, TX","48","Texas","439","Tarrant","32.6647575","-97.337905"
"12/25/2023","AQS","484391053","3","4.4","ug/m3 LC","24","Fort Worth California Parkway North","1","100.0000","88101","PM2.5 - Local Conditions","209","Met One BAM-1022 Mass Monitor w/ VSCC or TE-PM2.5C","19100","Dallas-Fort Worth-Arlington, TX","48","Texas","439","Tarrant","32.6647575","-97.337905"
"12/26/2023","AQS","484391053","3","6.1","ug/m3 LC","34","Fort Worth California Parkway North","1","100.0000","88101","PM2.5 - Local Conditions","209","Met One BAM-1022 Mass Monitor w/ VSCC or TE-PM2.5C","19100","Dallas-Fort Worth-Arlington, TX","48","Texas","439","Tarrant","32.6647575","-97.337905"
"12/27/2023","AQS","484391053","3","3.3","ug/m3 LC","18","Fort Worth California Parkway North","1","100.0000","88101","PM2.5 - Local Conditions","209","Met One BAM-1022 Mass Monitor w/ VSCC or TE-PM2.5C","19100","Dallas-Fort Worth-Arlington, TX","48","Texas","439","Tarrant","32.6647575","-97.337905"
"12/28/2023","AQS","484391053","3","4.5","ug/m3 LC","25","Fort Worth California Parkway North","1","100.0000","88101","PM2.5 - Local Conditions","209","Met One BAM-1022 Mass Monitor w/ VSCC or TE-PM2.5C","19100","Dallas-Fort Worth-Arlington, TX","48","Texas","439","Tarrant","32.6647575","-97.337905"
"12/29/2023","AQS","484391053","3","5.5","ug/m3 LC","31","Fort Worth California Parkway North","1","100.0000","88101","PM2.5 - Local Conditions","209","Met One BAM-1022 Mass Monitor w/ VSCC or TE-PM2.5C","19100","Dallas-Fort Worth-Arlington, TX","48","Texas","439","Tarrant","32.6647575","-97.337905"
"12/30/2023","AQS","484391053","3","6.8","ug/m3 LC","38","Fort Worth California Parkway North","1","100.0000","88101","PM2.5 - Local Conditions","209","Met One BAM-1022 Mass Monitor w/ VSCC or TE-PM2.5C","19100","Dallas-Fort Worth-Arlington, TX","48","Texas","439","Tarrant","32.6647575","-97.337905"
"12/31/2023","AQS","484391053","3","7.6","ug/m3 LC","42","Fort Worth California Parkway North","1","100.0000","88101","PM2.5 - Local Conditions","209","Met One BAM-1022 Mass Monitor w/ VSCC or TE-PM2.5C","19100","Dallas-Fort Worth-Arlington, TX","48","Texas","439","Tarrant","32.6647575","-97.337905"
